source_label_class_name,source_dataset_source,target_label_class_name,target_dataset_source,kingdom,phylum,order,family,genus,species,round,corymbose,brain,oval,massive,fleshy,encrusting,bushy,foliose,columnar,solitary,cup_coral,submassive,external_polyps,branching,plating,tubular,meandroid,lobed_brain,arborescent,digitate,free_living,phaceloid,tabular,bleached,algae,background,anthropogenic,trash,transect,transect_line,macroalgae,dark,class,human,sand,hard_substrate,live
acropora alive,coralscapes,acropora alive,coralscapes_v2,animalia,cnidaria,scleractinia,acroporidae,acropora,not_given,FALSE,not_given,FALSE,FALSE,FALSE,FALSE,FALSE,not_given,FALSE,FALSE,FALSE,FALSE,FALSE,FALSE,TRUE,not_given,FALSE,FALSE,FALSE,not_given,not_given,FALSE,FALSE,not_given,FALSE,FALSE,FALSE,FALSE,FALSE,FALSE,FALSE,FALSE,FALSE,hexacorallia,FALSE,FALSE,FALSE,TRUE
acropora alive,coralscapes_v2,,,animalia,cnidaria,scleractinia,acroporidae,acropora,not_given,FALSE,not_given,FALSE,FALSE,FALSE,FALSE,FALSE,not_given,FALSE,FALSE,FALSE,FALSE,FALSE,FALSE,TRUE,not_given,FALSE,FALSE,FALSE,not_given,not_given,FALSE,FALSE,not_given,FALSE,FALSE,FALSE,FALSE,FALSE,FALSE,FALSE,FALSE,FALSE,hexacorallia,FALSE,FALSE,FALSE,TRUE
acropora bleached,coralscapes_v2,,,animalia,cnidaria,scleractinia,acroporidae,acropora,not_given,FALSE,not_given,FALSE,FALSE,FALSE,FALSE,FALSE,not_given,FALSE,FALSE,FALSE,FALSE,FALSE,FALSE,TRUE,not_given,FALSE,FALSE,FALSE,not_given,not_given,FALSE,FALSE,not_given,TRUE,FALSE,FALSE,FALSE,FALSE,FALSE,FALSE,FALSE,FALSE,hexacorallia,FALSE,FALSE,FALSE,TRUE
acropora dead,coralscapes_v2,,,animalia,cnidaria,scleractinia,acroporidae,acropora,not_given,FALSE,not_given,FALSE,FALSE,FALSE,FALSE,FALSE,not_given,FALSE,FALSE,FALSE,FALSE,FALSE,FALSE,TRUE,not_given,FALSE,FALSE,FALSE,not_given,not_given,FALSE,FALSE,not_given,FALSE,FALSE,FALSE,FALSE,FALSE,FALSE,FALSE,FALSE,FALSE,hexacorallia,FALSE,FALSE,not_given,FALSE
algae covered branching coral,coralscapes_v2,,,animalia,cnidaria,scleractinia,not_given,not_given,not_given,not_given,not_given,not_given,not_given,FALSE,not_given,FALSE,not_given,FALSE,not_given,FALSE,FALSE,FALSE,FALSE,TRUE,not_given,FALSE,FALSE,not_given,not_given,not_given,not_given,FALSE,not_given,FALSE,TRUE,FALSE,FALSE,FALSE,FALSE,FALSE,not_given,FALSE,hexacorallia,FALSE,FALSE,not_given,FALSE
algae covered lobophylliidae,coralscapes_v2,,,animalia,cnidaria,scleractinia,lobophylliidae,not_given,not_given,FALSE,FALSE,not_given,FALSE,TRUE,not_given,FALSE,FALSE,FALSE,not_given,FALSE,FALSE,TRUE,FALSE,FALSE,not_given,FALSE,TRUE,TRUE,FALSE,FALSE,not_given,not_given,FALSE,FALSE,TRUE,FALSE,FALSE,FALSE,FALSE,FALSE,not_given,FALSE,hexacorallia,FALSE,FALSE,not_given,FALSE
algae covered massive coral,coralscapes_v2,,,animalia,cnidaria,scleractinia,not_given,not_given,not_given,FALSE,FALSE,not_given,FALSE,TRUE,not_given,FALSE,not_given,not_given,not_given,FALSE,FALSE,TRUE,FALSE,FALSE,not_given,FALSE,not_given,not_given,FALSE,FALSE,not_given,FALSE,not_given,FALSE,TRUE,FALSE,FALSE,FALSE,FALSE,FALSE,not_given,FALSE,hexacorallia,FALSE,FALSE,not_given,FALSE
algae covered brain coral,coralscapes_v2,,,animalia,cnidaria,scleractinia,not_given,not_given,not_given,FALSE,FALSE,TRUE,FALSE,TRUE,not_given,FALSE,FALSE,FALSE,not_given,FALSE,FALSE,TRUE,FALSE,FALSE,not_given,FALSE,not_given,not_given,FALSE,FALSE,not_given,FALSE,FALSE,FALSE,TRUE,FALSE,FALSE,FALSE,FALSE,FALSE,not_given,FALSE,hexacorallia,FALSE,FALSE,not_given,FALSE
algae covered pocillopora,coralscapes_v2,,,animalia,cnidaria,scleractinia,pocilloporidae,pocillopora,not_given,FALSE,not_given,FALSE,FALSE,FALSE,FALSE,FALSE,not_given,FALSE,FALSE,FALSE,FALSE,FALSE,FALSE,TRUE,FALSE,FALSE,FALSE,FALSE,not_given,not_given,FALSE,FALSE,FALSE,FALSE,TRUE,FALSE,FALSE,FALSE,FALSE,FALSE,not_given,FALSE,hexacorallia,FALSE,FALSE,not_given,FALSE
algae covered porites,coralscapes_v2,,,animalia,cnidaria,scleractinia,poritidae,porites,not_given,FALSE,FALSE,not_given,FALSE,TRUE,FALSE,not_given,not_given,not_given,not_given,FALSE,FALSE,not_given,FALSE,FALSE,not_given,FALSE,FALSE,FALSE,FALSE,FALSE,FALSE,FALSE,FALSE,FALSE,TRUE,FALSE,FALSE,FALSE,FALSE,FALSE,not_given,FALSE,hexacorallia,FALSE,FALSE,not_given,FALSE
algae covered substrate,coralscapes,algae covered substrate,coralscapes_v2,none,none,none,none,none,none,FALSE,FALSE,FALSE,FALSE,FALSE,FALSE,FALSE,FALSE,FALSE,FALSE,FALSE,FALSE,FALSE,FALSE,FALSE,FALSE,FALSE,FALSE,FALSE,FALSE,FALSE,FALSE,FALSE,FALSE,FALSE,TRUE,FALSE,FALSE,FALSE,FALSE,FALSE,not_given,FALSE,none,FALSE,FALSE,FALSE,FALSE
algae covered substrate,coralscapes_v2,,,none,none,none,none,none,none,FALSE,FALSE,FALSE,FALSE,FALSE,FALSE,FALSE,FALSE,FALSE,FALSE,FALSE,FALSE,FALSE,FALSE,FALSE,FALSE,FALSE,FALSE,FALSE,FALSE,FALSE,FALSE,FALSE,FALSE,FALSE,TRUE,FALSE,FALSE,FALSE,FALSE,FALSE,not_given,FALSE,none,FALSE,FALSE,FALSE,FALSE
algae covered table acropora,coralscapes_v2,,,animalia,cnidaria,scleractinia,acroporidae,acropora,not_given,FALSE,FALSE,FALSE,FALSE,FALSE,FALSE,FALSE,FALSE,FALSE,FALSE,FALSE,FALSE,FALSE,FALSE,TRUE,TRUE,FALSE,FALSE,FALSE,not_given,FALSE,FALSE,FALSE,TRUE,FALSE,TRUE,FALSE,FALSE,FALSE,FALSE,FALSE,not_given,FALSE,hexacorallia,FALSE,FALSE,not_given,FALSE
anemone,coralscapes_v2,,,animalia,cnidaria,actiniaria,not_given,not_given,not_given,not_given,not_given,not_given,not_given,not_given,not_given,not_given,not_given,not_given,not_given,not_given,not_given,not_given,not_given,not_given,not_given,not_given,not_given,not_given,not_given,not_given,not_given,not_given,not_given,FALSE,FALSE,FALSE,FALSE,FALSE,FALSE,FALSE,FALSE,FALSE,hexacorallia,FALSE,FALSE,FALSE,TRUE
anemone,coralscapes,anemone,coralscapes_v2,animalia,cnidaria,actiniaria,not_given,not_given,not_given,not_given,not_given,not_given,not_given,not_given,not_given,not_given,not_given,not_given,not_given,not_given,not_given,not_given,not_given,not_given,not_given,not_given,not_given,not_given,not_given,not_given,not_given,not_given,not_given,FALSE,FALSE,FALSE,FALSE,FALSE,FALSE,FALSE,FALSE,FALSE,hexacorallia,FALSE,FALSE,FALSE,TRUE
background,coralscapes_v2,,,none,none,none,none,none,none,FALSE,FALSE,FALSE,FALSE,FALSE,FALSE,FALSE,FALSE,FALSE,FALSE,FALSE,FALSE,FALSE,FALSE,FALSE,FALSE,FALSE,FALSE,FALSE,FALSE,FALSE,FALSE,FALSE,FALSE,FALSE,FALSE,TRUE,FALSE,FALSE,FALSE,FALSE,FALSE,FALSE,none,FALSE,FALSE,FALSE,FALSE
background,coralscapes,background,coralscapes_v2,none,none,none,none,none,none,FALSE,FALSE,FALSE,FALSE,FALSE,FALSE,FALSE,FALSE,FALSE,FALSE,FALSE,FALSE,FALSE,FALSE,FALSE,FALSE,FALSE,FALSE,FALSE,FALSE,FALSE,FALSE,FALSE,FALSE,FALSE,FALSE,TRUE,FALSE,FALSE,FALSE,FALSE,FALSE,FALSE,none,FALSE,FALSE,FALSE,FALSE
branching coral alive,coralscapes_v2,,,animalia,cnidaria,scleractinia,not_given,not_given,not_given,not_given,not_given,FALSE,not_given,FALSE,not_given,FALSE,not_given,FALSE,not_given,FALSE,FALSE,FALSE,FALSE,TRUE,not_given,FALSE,FALSE,not_given,not_given,not_given,not_given,FALSE,not_given,FALSE,FALSE,FALSE,FALSE,FALSE,FALSE,FALSE,FALSE,FALSE,hexacorallia,FALSE,FALSE,FALSE,TRUE
branching alive,coralscapes,branching coral alive,coralscapes_v2,animalia,cnidaria,scleractinia,not_given,not_given,not_given,not_given,not_given,FALSE,not_given,FALSE,not_given,FALSE,not_given,FALSE,not_given,FALSE,FALSE,FALSE,FALSE,TRUE,not_given,FALSE,FALSE,not_given,not_given,not_given,not_given,FALSE,not_given,FALSE,FALSE,FALSE,FALSE,FALSE,FALSE,FALSE,FALSE,FALSE,hexacorallia,FALSE,FALSE,FALSE,TRUE
branching coral bleached,coralscapes_v2,,,animalia,cnidaria,scleractinia,not_given,not_given,not_given,not_given,not_given,FALSE,not_given,FALSE,not_given,FALSE,not_given,FALSE,not_given,FALSE,FALSE,FALSE,FALSE,TRUE,not_given,FALSE,FALSE,not_given,not_given,not_given,not_given,FALSE,not_given,TRUE,FALSE,FALSE,FALSE,FALSE,FALSE,FALSE,FALSE,FALSE,hexacorallia,FALSE,FALSE,FALSE,TRUE
branching bleached,coralscapes,branching coral bleached,coralscapes_v2,animalia,cnidaria,scleractinia,not_given,not_given,not_given,not_given,not_given,FALSE,not_given,FALSE,not_given,FALSE,not_given,FALSE,not_given,FALSE,FALSE,FALSE,FALSE,TRUE,not_given,FALSE,FALSE,not_given,not_given,not_given,not_given,FALSE,not_given,TRUE,FALSE,FALSE,FALSE,FALSE,FALSE,FALSE,FALSE,FALSE,hexacorallia,FALSE,FALSE,FALSE,TRUE
branching coral dead,coralscapes_v2,,,animalia,cnidaria,scleractinia,not_given,not_given,not_given,not_given,not_given,FALSE,not_given,FALSE,not_given,FALSE,not_given,FALSE,not_given,FALSE,FALSE,FALSE,FALSE,TRUE,not_given,FALSE,FALSE,not_given,not_given,not_given,not_given,FALSE,not_given,FALSE,FALSE,FALSE,FALSE,FALSE,FALSE,FALSE,FALSE,FALSE,hexacorallia,FALSE,FALSE,not_given,FALSE
branching dead,coralscapes,branching coral dead,coralscapes_v2,animalia,cnidaria,scleractinia,not_given,not_given,not_given,not_given,not_given,FALSE,not_given,FALSE,not_given,FALSE,not_given,FALSE,not_given,FALSE,FALSE,FALSE,FALSE,TRUE,not_given,FALSE,FALSE,not_given,not_given,not_given,not_given,FALSE,not_given,FALSE,FALSE,FALSE,FALSE,FALSE,FALSE,FALSE,FALSE,FALSE,hexacorallia,FALSE,FALSE,not_given,FALSE
giant clam,coralscapes_v2,,,animalia,mollusca,cardiida,cardiidae,tridacna,not_given,FALSE,FALSE,FALSE,FALSE,FALSE,FALSE,FALSE,FALSE,FALSE,FALSE,FALSE,FALSE,FALSE,FALSE,FALSE,FALSE,FALSE,FALSE,FALSE,FALSE,FALSE,FALSE,FALSE,FALSE,FALSE,FALSE,FALSE,FALSE,FALSE,FALSE,FALSE,FALSE,FALSE,bivalvia,FALSE,FALSE,FALSE,TRUE
clam,coralscapes,giant clam,coralscapes_v2,animalia,mollusca,cardiida,cardiidae,tridacna,not_given,FALSE,FALSE,FALSE,FALSE,FALSE,FALSE,FALSE,FALSE,FALSE,FALSE,FALSE,FALSE,FALSE,FALSE,FALSE,FALSE,FALSE,FALSE,FALSE,FALSE,FALSE,FALSE,FALSE,FALSE,FALSE,FALSE,FALSE,FALSE,FALSE,FALSE,FALSE,FALSE,FALSE,bivalvia,FALSE,FALSE,FALSE,TRUE
acanthaster planci,coralscapes_v2,,,animalia,echinodermata,valvatida,acanthasteridae,acanthaster,acanthaster_planci,FALSE,FALSE,FALSE,FALSE,FALSE,FALSE,FALSE,FALSE,FALSE,FALSE,FALSE,FALSE,FALSE,FALSE,FALSE,FALSE,FALSE,FALSE,FALSE,FALSE,FALSE,FALSE,FALSE,FALSE,FALSE,FALSE,FALSE,FALSE,FALSE,FALSE,FALSE,FALSE,FALSE,asteroidea,FALSE,FALSE,FALSE,TRUE
crown of thorn,coralscapes,acanthaster planci,coralscapes_v2,animalia,echinodermata,valvatida,acanthasteridae,acanthaster,acanthaster_planci,FALSE,FALSE,FALSE,FALSE,FALSE,FALSE,FALSE,FALSE,FALSE,FALSE,FALSE,FALSE,FALSE,FALSE,FALSE,FALSE,FALSE,FALSE,FALSE,FALSE,FALSE,FALSE,FALSE,FALSE,FALSE,FALSE,FALSE,FALSE,FALSE,FALSE,FALSE,FALSE,FALSE,asteroidea,FALSE,FALSE,FALSE,TRUE
dark,coralscapes_v2,,,none,none,none,none,none,none,FALSE,FALSE,FALSE,FALSE,FALSE,FALSE,FALSE,FALSE,FALSE,FALSE,FALSE,FALSE,FALSE,FALSE,FALSE,FALSE,FALSE,FALSE,FALSE,FALSE,FALSE,FALSE,FALSE,FALSE,FALSE,FALSE,FALSE,FALSE,FALSE,FALSE,FALSE,FALSE,TRUE,none,FALSE,FALSE,FALSE,FALSE
dark,coralscapes,dark,coralscapes_v2,none,none,none,none,none,none,FALSE,FALSE,FALSE,FALSE,FALSE,FALSE,FALSE,FALSE,FALSE,FALSE,FALSE,FALSE,FALSE,FALSE,FALSE,FALSE,FALSE,FALSE,FALSE,FALSE,FALSE,FALSE,FALSE,FALSE,FALSE,FALSE,FALSE,FALSE,FALSE,FALSE,FALSE,FALSE,TRUE,none,FALSE,FALSE,FALSE,FALSE
dead giant clam,coralscapes_v2,,,animalia,mollusca,cardiida,cardiidae,tridacna,not_given,FALSE,FALSE,FALSE,FALSE,FALSE,FALSE,FALSE,FALSE,FALSE,FALSE,FALSE,FALSE,FALSE,FALSE,FALSE,FALSE,FALSE,FALSE,FALSE,FALSE,FALSE,FALSE,FALSE,FALSE,FALSE,FALSE,FALSE,FALSE,FALSE,FALSE,FALSE,FALSE,FALSE,bivalvia,FALSE,FALSE,not_given,FALSE
dead clam,coralscapes,dead giant clam,coralscapes_v2,animalia,mollusca,cardiida,cardiidae,tridacna,not_given,FALSE,FALSE,FALSE,FALSE,FALSE,FALSE,FALSE,FALSE,FALSE,FALSE,FALSE,FALSE,FALSE,FALSE,FALSE,FALSE,FALSE,FALSE,FALSE,FALSE,FALSE,FALSE,FALSE,FALSE,FALSE,FALSE,FALSE,FALSE,FALSE,FALSE,FALSE,FALSE,FALSE,bivalvia,FALSE,FALSE,not_given,FALSE
encrusting coral alive,coralscapes_v2,,,animalia,cnidaria,not_given,not_given,not_given,not_given,not_given,not_given,not_given,not_given,not_given,not_given,not_given,not_given,not_given,not_given,not_given,not_given,not_given,not_given,not_given,not_given,not_given,not_given,not_given,not_given,not_given,not_given,not_given,not_given,FALSE,FALSE,FALSE,FALSE,FALSE,FALSE,FALSE,FALSE,FALSE,hexacorallia,FALSE,FALSE,FALSE,TRUE
feather worm,coralscapes_v2,sabellidae,mermaid,animalia,annelida,sabellida,sabellidae,not_given,not_given,FALSE,FALSE,FALSE,FALSE,FALSE,FALSE,FALSE,FALSE,FALSE,FALSE,FALSE,FALSE,FALSE,FALSE,FALSE,FALSE,FALSE,FALSE,FALSE,FALSE,FALSE,FALSE,FALSE,FALSE,FALSE,FALSE,FALSE,FALSE,FALSE,FALSE,FALSE,FALSE,FALSE,polychaeta,FALSE,FALSE,FALSE,TRUE
fish,coralscapes_v2,,,animalia,chordata,none,none,none,not_given,FALSE,FALSE,FALSE,FALSE,FALSE,FALSE,FALSE,FALSE,FALSE,FALSE,FALSE,FALSE,FALSE,FALSE,FALSE,FALSE,FALSE,FALSE,FALSE,FALSE,FALSE,FALSE,FALSE,FALSE,FALSE,FALSE,FALSE,FALSE,FALSE,FALSE,FALSE,FALSE,FALSE,none,FALSE,FALSE,FALSE,TRUE
fish,coralscapes,fish,coralscapes_v2,animalia,chordata,none,none,none,not_given,FALSE,FALSE,FALSE,FALSE,FALSE,FALSE,FALSE,FALSE,FALSE,FALSE,FALSE,FALSE,FALSE,FALSE,FALSE,FALSE,FALSE,FALSE,FALSE,FALSE,FALSE,FALSE,FALSE,FALSE,FALSE,FALSE,FALSE,FALSE,FALSE,FALSE,FALSE,FALSE,FALSE,none,FALSE,FALSE,FALSE,TRUE
galaxea alive,coralscapes_v2,,,animalia,cnidaria,scleractinia,euphylliidae,galaxea,not_given,FALSE,FALSE,not_given,FALSE,TRUE,not_given,TRUE,not_given,not_given,not_given,FALSE,FALSE,TRUE,FALSE,FALSE,not_given,FALSE,not_given,not_given,FALSE,FALSE,not_given,FALSE,FALSE,FALSE,FALSE,FALSE,FALSE,FALSE,FALSE,FALSE,FALSE,FALSE,hexacorallia,FALSE,FALSE,FALSE,TRUE
galaxea bleached,coralscapes_v2,,,animalia,cnidaria,scleractinia,euphylliidae,galaxea,not_given,FALSE,FALSE,not_given,FALSE,TRUE,not_given,TRUE,not_given,not_given,not_given,FALSE,FALSE,TRUE,FALSE,FALSE,not_given,FALSE,not_given,not_given,FALSE,FALSE,not_given,FALSE,FALSE,TRUE,FALSE,FALSE,FALSE,FALSE,FALSE,FALSE,FALSE,FALSE,hexacorallia,FALSE,FALSE,FALSE,TRUE
galaxea dead,coralscapes_v2,,,animalia,cnidaria,scleractinia,euphylliidae,galaxea,not_given,FALSE,FALSE,not_given,FALSE,TRUE,not_given,TRUE,not_given,not_given,not_given,FALSE,FALSE,TRUE,FALSE,FALSE,not_given,FALSE,not_given,not_given,FALSE,FALSE,not_given,FALSE,FALSE,FALSE,FALSE,FALSE,FALSE,FALSE,FALSE,FALSE,FALSE,FALSE,hexacorallia,FALSE,FALSE,not_given,FALSE
hard coral alive,coralscapes_v2,,,animalia,cnidaria,scleractinia,not_given,not_given,not_given,not_given,not_given,not_given,not_given,not_given,not_given,not_given,not_given,not_given,not_given,FALSE,FALSE,not_given,FALSE,not_given,not_given,FALSE,not_given,not_given,not_given,not_given,not_given,FALSE,not_given,FALSE,FALSE,FALSE,FALSE,FALSE,FALSE,FALSE,FALSE,FALSE,hexacorallia,FALSE,FALSE,FALSE,TRUE
hard coral bleached,coralscapes_v2,,,animalia,cnidaria,scleractinia,not_given,not_given,not_given,not_given,not_given,not_given,not_given,not_given,not_given,not_given,not_given,not_given,not_given,FALSE,FALSE,not_given,FALSE,not_given,not_given,FALSE,not_given,not_given,not_given,not_given,not_given,FALSE,not_given,TRUE,FALSE,FALSE,FALSE,FALSE,FALSE,FALSE,FALSE,FALSE,hexacorallia,FALSE,FALSE,FALSE,TRUE
hard coral dead,coralscapes_v2,,,animalia,cnidaria,scleractinia,not_given,not_given,not_given,not_given,not_given,not_given,not_given,not_given,not_given,not_given,not_given,not_given,not_given,FALSE,FALSE,not_given,FALSE,not_given,not_given,FALSE,not_given,not_given,not_given,not_given,not_given,FALSE,not_given,FALSE,FALSE,FALSE,FALSE,FALSE,FALSE,FALSE,FALSE,FALSE,hexacorallia,FALSE,FALSE,not_given,FALSE
hard substrate,coralscapes_v2,,,none,none,none,none,none,none,FALSE,FALSE,FALSE,FALSE,FALSE,FALSE,FALSE,FALSE,FALSE,FALSE,FALSE,FALSE,FALSE,FALSE,FALSE,FALSE,FALSE,FALSE,FALSE,FALSE,FALSE,FALSE,FALSE,FALSE,FALSE,FALSE,FALSE,FALSE,FALSE,FALSE,FALSE,FALSE,FALSE,none,FALSE,FALSE,TRUE,FALSE
unknown hard substrate,coralscapes,hard substrate,coralscapes_v2,none,none,none,none,none,none,FALSE,FALSE,FALSE,FALSE,FALSE,FALSE,FALSE,FALSE,FALSE,FALSE,FALSE,FALSE,FALSE,FALSE,FALSE,FALSE,FALSE,FALSE,FALSE,FALSE,FALSE,FALSE,FALSE,FALSE,FALSE,FALSE,FALSE,FALSE,FALSE,FALSE,FALSE,FALSE,FALSE,none,FALSE,FALSE,TRUE,FALSE
human,coralscapes_v2,,,none,none,none,none,none,none,FALSE,FALSE,FALSE,FALSE,FALSE,FALSE,FALSE,FALSE,FALSE,FALSE,FALSE,FALSE,FALSE,FALSE,FALSE,FALSE,FALSE,FALSE,FALSE,FALSE,FALSE,FALSE,FALSE,FALSE,FALSE,FALSE,FALSE,TRUE,FALSE,FALSE,FALSE,FALSE,FALSE,none,TRUE,FALSE,FALSE,FALSE
human,coralscapes,human,coralscapes_v2,none,none,none,none,none,none,FALSE,FALSE,FALSE,FALSE,FALSE,FALSE,FALSE,FALSE,FALSE,FALSE,FALSE,FALSE,FALSE,FALSE,FALSE,FALSE,FALSE,FALSE,FALSE,FALSE,FALSE,FALSE,FALSE,FALSE,FALSE,FALSE,FALSE,TRUE,FALSE,FALSE,FALSE,FALSE,FALSE,none,TRUE,FALSE,FALSE,FALSE
human-made structure,coralscapes_v2,,,none,none,none,none,none,none,FALSE,FALSE,FALSE,FALSE,FALSE,FALSE,FALSE,FALSE,FALSE,FALSE,FALSE,FALSE,FALSE,FALSE,FALSE,FALSE,FALSE,FALSE,FALSE,FALSE,FALSE,FALSE,FALSE,FALSE,FALSE,FALSE,FALSE,TRUE,FALSE,FALSE,FALSE,FALSE,FALSE,none,FALSE,FALSE,FALSE,FALSE
leather coral alive,coralscapes_v2,,,animalia,cnidaria,malacalcyonacea,sarcophytidae,sarcophyton,not_given,not_given,not_given,not_given,not_given,not_given,not_given,not_given,not_given,not_given,not_given,not_given,not_given,not_given,not_given,not_given,not_given,not_given,not_given,not_given,not_given,not_given,not_given,not_given,not_given,FALSE,FALSE,FALSE,FALSE,FALSE,FALSE,FALSE,FALSE,FALSE,octocorallia,FALSE,FALSE,FALSE,TRUE
nephtheidae alive,coralscapes_v2,nephtheidae,mermaid,animalia,cnidaria,malacalcyonacea,nephtheidae,not_given,not_given,not_given,not_given,not_given,not_given,not_given,not_given,not_given,not_given,not_given,not_given,not_given,not_given,not_given,not_given,not_given,not_given,not_given,not_given,not_given,not_given,not_given,not_given,not_given,not_given,FALSE,FALSE,FALSE,FALSE,FALSE,FALSE,FALSE,FALSE,FALSE,octocorallia,FALSE,FALSE,FALSE,TRUE
lobophylliidae alive,coralscapes_v2,,,animalia,cnidaria,scleractinia,lobophylliidae,not_given,not_given,FALSE,FALSE,not_given,FALSE,TRUE,not_given,not_given,FALSE,FALSE,not_given,FALSE,FALSE,TRUE,FALSE,FALSE,not_given,FALSE,TRUE,TRUE,FALSE,FALSE,not_given,not_given,FALSE,FALSE,FALSE,FALSE,FALSE,FALSE,FALSE,FALSE,FALSE,FALSE,hexacorallia,FALSE,FALSE,FALSE,TRUE
lobophylliidae bleached,coralscapes_v2,,,animalia,cnidaria,scleractinia,lobophylliidae,not_given,not_given,FALSE,FALSE,not_given,FALSE,TRUE,not_given,not_given,FALSE,FALSE,not_given,FALSE,FALSE,TRUE,FALSE,FALSE,not_given,FALSE,TRUE,TRUE,FALSE,FALSE,not_given,not_given,FALSE,TRUE,FALSE,FALSE,FALSE,FALSE,FALSE,FALSE,FALSE,FALSE,hexacorallia,FALSE,FALSE,FALSE,TRUE
lobophylliidae dead,coralscapes_v2,,,animalia,cnidaria,scleractinia,lobophylliidae,not_given,not_given,FALSE,FALSE,not_given,FALSE,TRUE,not_given,not_given,FALSE,FALSE,not_given,FALSE,FALSE,TRUE,FALSE,FALSE,not_given,FALSE,TRUE,TRUE,FALSE,FALSE,not_given,not_given,FALSE,FALSE,FALSE,FALSE,FALSE,FALSE,FALSE,FALSE,FALSE,FALSE,hexacorallia,FALSE,FALSE,not_given,FALSE
massive coral alive,coralscapes_v2,,,animalia,cnidaria,scleractinia,not_given,not_given,not_given,FALSE,FALSE,not_given,FALSE,TRUE,not_given,not_given,not_given,FALSE,not_given,FALSE,FALSE,TRUE,FALSE,FALSE,not_given,FALSE,not_given,not_given,FALSE,FALSE,not_given,FALSE,FALSE,FALSE,FALSE,FALSE,FALSE,FALSE,FALSE,FALSE,FALSE,FALSE,hexacorallia,FALSE,FALSE,FALSE,TRUE
massive/meandering alive,coralscapes,massive coral alive,coralscapes_v2,animalia,cnidaria,scleractinia,not_given,not_given,not_given,FALSE,FALSE,not_given,FALSE,TRUE,not_given,not_given,not_given,FALSE,not_given,FALSE,FALSE,TRUE,FALSE,FALSE,not_given,FALSE,not_given,not_given,FALSE,FALSE,not_given,FALSE,FALSE,FALSE,FALSE,FALSE,FALSE,FALSE,FALSE,FALSE,FALSE,FALSE,hexacorallia,FALSE,FALSE,FALSE,TRUE
massive coral bleached,coralscapes_v2,,,animalia,cnidaria,scleractinia,not_given,not_given,not_given,FALSE,FALSE,not_given,FALSE,TRUE,not_given,not_given,not_given,FALSE,not_given,FALSE,FALSE,TRUE,FALSE,FALSE,not_given,FALSE,not_given,not_given,FALSE,FALSE,not_given,FALSE,FALSE,TRUE,FALSE,FALSE,FALSE,FALSE,FALSE,FALSE,FALSE,FALSE,hexacorallia,FALSE,FALSE,FALSE,TRUE
massive/meandering bleached,coralscapes,massive coral bleached,coralscapes_v2,animalia,cnidaria,scleractinia,not_given,not_given,not_given,FALSE,FALSE,not_given,FALSE,TRUE,not_given,not_given,not_given,FALSE,not_given,FALSE,FALSE,TRUE,FALSE,FALSE,not_given,FALSE,not_given,not_given,FALSE,FALSE,not_given,FALSE,FALSE,TRUE,FALSE,FALSE,FALSE,FALSE,FALSE,FALSE,FALSE,FALSE,hexacorallia,FALSE,FALSE,FALSE,TRUE
massive coral dead,coralscapes_v2,,,animalia,cnidaria,scleractinia,not_given,not_given,not_given,FALSE,FALSE,not_given,FALSE,TRUE,not_given,not_given,not_given,FALSE,not_given,FALSE,FALSE,TRUE,FALSE,FALSE,not_given,FALSE,not_given,not_given,FALSE,FALSE,not_given,FALSE,FALSE,FALSE,FALSE,FALSE,FALSE,FALSE,FALSE,FALSE,FALSE,FALSE,hexacorallia,FALSE,FALSE,not_given,FALSE
massive/meandering dead,coralscapes,massive coral dead,coralscapes_v2,animalia,cnidaria,scleractinia,not_given,not_given,not_given,FALSE,FALSE,not_given,FALSE,TRUE,not_given,not_given,not_given,FALSE,not_given,FALSE,FALSE,TRUE,FALSE,FALSE,not_given,FALSE,not_given,not_given,FALSE,FALSE,not_given,FALSE,FALSE,FALSE,FALSE,FALSE,FALSE,FALSE,FALSE,FALSE,FALSE,FALSE,hexacorallia,FALSE,FALSE,not_given,FALSE
meandering coral alive,coralscapes_v2,,,animalia,cnidaria,scleractinia,not_given,not_given,not_given,FALSE,FALSE,not_given,FALSE,TRUE,not_given,not_given,FALSE,FALSE,not_given,FALSE,FALSE,TRUE,FALSE,FALSE,not_given,FALSE,TRUE,not_given,FALSE,FALSE,not_given,not_given,FALSE,FALSE,FALSE,FALSE,FALSE,FALSE,FALSE,FALSE,FALSE,FALSE,hexacorallia,FALSE,FALSE,FALSE,TRUE
meandering alive,coralscapes,meandering coral alive,coralscapes_v2,animalia,cnidaria,scleractinia,not_given,not_given,not_given,FALSE,FALSE,not_given,FALSE,TRUE,not_given,not_given,FALSE,FALSE,not_given,FALSE,FALSE,TRUE,FALSE,FALSE,not_given,FALSE,TRUE,not_given,FALSE,FALSE,not_given,not_given,FALSE,FALSE,FALSE,FALSE,FALSE,FALSE,FALSE,FALSE,FALSE,FALSE,hexacorallia,FALSE,FALSE,FALSE,TRUE
meandering coral bleached,coralscapes_v2,,,animalia,cnidaria,scleractinia,not_given,not_given,not_given,FALSE,FALSE,not_given,FALSE,TRUE,not_given,not_given,FALSE,FALSE,not_given,FALSE,FALSE,TRUE,FALSE,FALSE,not_given,FALSE,TRUE,not_given,FALSE,FALSE,not_given,not_given,FALSE,TRUE,FALSE,FALSE,FALSE,FALSE,FALSE,FALSE,FALSE,FALSE,hexacorallia,FALSE,FALSE,FALSE,TRUE
meandering bleached,coralscapes,meandering coral bleached,coralscapes_v2,animalia,cnidaria,scleractinia,not_given,not_given,not_given,FALSE,FALSE,not_given,FALSE,TRUE,not_given,not_given,FALSE,FALSE,not_given,FALSE,FALSE,TRUE,FALSE,FALSE,not_given,FALSE,TRUE,not_given,FALSE,FALSE,not_given,not_given,FALSE,TRUE,FALSE,FALSE,FALSE,FALSE,FALSE,FALSE,FALSE,FALSE,hexacorallia,FALSE,FALSE,FALSE,TRUE
meandering coral dead,coralscapes_v2,,,animalia,cnidaria,scleractinia,not_given,not_given,not_given,FALSE,FALSE,not_given,FALSE,TRUE,not_given,not_given,FALSE,FALSE,not_given,FALSE,FALSE,TRUE,FALSE,FALSE,not_given,FALSE,TRUE,not_given,FALSE,FALSE,not_given,not_given,FALSE,FALSE,FALSE,FALSE,FALSE,FALSE,FALSE,FALSE,FALSE,FALSE,hexacorallia,FALSE,FALSE,not_given,FALSE
meandering dead,coralscapes,meandering coral dead,coralscapes_v2,animalia,cnidaria,scleractinia,not_given,not_given,not_given,FALSE,FALSE,not_given,FALSE,TRUE,not_given,not_given,FALSE,FALSE,not_given,FALSE,FALSE,TRUE,FALSE,FALSE,not_given,FALSE,TRUE,not_given,FALSE,FALSE,not_given,not_given,FALSE,FALSE,FALSE,FALSE,FALSE,FALSE,FALSE,FALSE,FALSE,FALSE,hexacorallia,FALSE,FALSE,not_given,FALSE
millepora,coralscapes_v2,,,animalia,cnidaria,anthoathecata,milleporidae,millepora,not_given,not_given,not_given,not_given,not_given,not_given,not_given,not_given,not_given,not_given,not_given,not_given,not_given,not_given,not_given,not_given,not_given,not_given,not_given,not_given,not_given,not_given,not_given,not_given,not_given,FALSE,FALSE,FALSE,FALSE,FALSE,FALSE,FALSE,FALSE,FALSE,hydrozoa,FALSE,FALSE,FALSE,TRUE
millepora,coralscapes,millepora,coralscapes_v2,animalia,cnidaria,anthoathecata,milleporidae,millepora,not_given,not_given,not_given,not_given,not_given,not_given,not_given,not_given,not_given,not_given,not_given,not_given,not_given,not_given,not_given,not_given,not_given,not_given,not_given,not_given,not_given,not_given,not_given,not_given,not_given,FALSE,FALSE,FALSE,FALSE,FALSE,FALSE,FALSE,FALSE,FALSE,hydrozoa,FALSE,FALSE,FALSE,TRUE
millepora bleached,coralscapes_v2,,,animalia,cnidaria,anthoathecata,milleporidae,millepora,not_given,not_given,not_given,not_given,not_given,not_given,not_given,not_given,not_given,not_given,not_given,not_given,not_given,not_given,not_given,not_given,not_given,not_given,not_given,not_given,not_given,not_given,not_given,not_given,not_given,TRUE,FALSE,FALSE,FALSE,FALSE,FALSE,FALSE,FALSE,FALSE,hydrozoa,FALSE,FALSE,FALSE,TRUE
millepora dead,coralscapes_v2,,,animalia,cnidaria,anthoathecata,milleporidae,millepora,not_given,not_given,not_given,not_given,not_given,not_given,not_given,not_given,not_given,not_given,not_given,not_given,not_given,not_given,not_given,not_given,not_given,not_given,not_given,not_given,not_given,not_given,not_given,not_given,not_given,FALSE,FALSE,FALSE,FALSE,FALSE,FALSE,FALSE,FALSE,FALSE,hydrozoa,FALSE,FALSE,not_given,FALSE
other animal,coralscapes_v2,,,animalia,not_given,not_given,not_given,not_given,not_given,FALSE,FALSE,FALSE,FALSE,FALSE,FALSE,FALSE,FALSE,FALSE,FALSE,FALSE,FALSE,FALSE,FALSE,FALSE,FALSE,FALSE,FALSE,FALSE,FALSE,FALSE,FALSE,FALSE,FALSE,FALSE,FALSE,FALSE,FALSE,FALSE,FALSE,FALSE,FALSE,FALSE,not_given,FALSE,FALSE,FALSE,TRUE
other animal,coralscapes,other animal,coralscapes_v2,animalia,not_given,not_given,not_given,not_given,not_given,FALSE,FALSE,FALSE,FALSE,FALSE,FALSE,FALSE,FALSE,FALSE,FALSE,FALSE,FALSE,FALSE,FALSE,FALSE,FALSE,FALSE,FALSE,FALSE,FALSE,FALSE,FALSE,FALSE,FALSE,FALSE,FALSE,FALSE,FALSE,FALSE,FALSE,FALSE,FALSE,FALSE,not_given,FALSE,FALSE,FALSE,TRUE
other coral alive,coralscapes_v2,,,animalia,cnidaria,not_given,not_given,not_given,not_given,not_given,not_given,not_given,not_given,not_given,not_given,not_given,not_given,not_given,not_given,not_given,not_given,not_given,not_given,not_given,not_given,not_given,not_given,not_given,not_given,not_given,not_given,not_given,not_given,FALSE,FALSE,FALSE,FALSE,FALSE,FALSE,FALSE,FALSE,FALSE,not_given,FALSE,FALSE,FALSE,TRUE
other coral alive,coralscapes,other coral alive,coralscapes_v2,animalia,cnidaria,not_given,not_given,not_given,not_given,not_given,not_given,not_given,not_given,not_given,not_given,not_given,not_given,not_given,not_given,not_given,not_given,not_given,not_given,not_given,not_given,not_given,not_given,not_given,not_given,not_given,not_given,not_given,not_given,FALSE,FALSE,FALSE,FALSE,FALSE,FALSE,FALSE,FALSE,FALSE,not_given,FALSE,FALSE,FALSE,TRUE
other coral bleached,coralscapes_v2,,,animalia,cnidaria,not_given,not_given,not_given,not_given,not_given,not_given,not_given,not_given,not_given,not_given,not_given,not_given,not_given,not_given,not_given,not_given,not_given,not_given,not_given,not_given,not_given,not_given,not_given,not_given,not_given,not_given,not_given,not_given,TRUE,FALSE,FALSE,FALSE,FALSE,FALSE,FALSE,FALSE,FALSE,not_given,FALSE,FALSE,FALSE,TRUE
other coral bleached,coralscapes,other coral bleached,coralscapes_v2,animalia,cnidaria,not_given,not_given,not_given,not_given,not_given,not_given,not_given,not_given,not_given,not_given,not_given,not_given,not_given,not_given,not_given,not_given,not_given,not_given,not_given,not_given,not_given,not_given,not_given,not_given,not_given,not_given,not_given,not_given,TRUE,FALSE,FALSE,FALSE,FALSE,FALSE,FALSE,FALSE,FALSE,not_given,FALSE,FALSE,FALSE,TRUE
other coral dead,coralscapes_v2,,,animalia,cnidaria,not_given,not_given,not_given,not_given,not_given,not_given,not_given,not_given,not_given,not_given,not_given,not_given,not_given,not_given,not_given,not_given,not_given,not_given,not_given,not_given,not_given,not_given,not_given,not_given,not_given,not_given,not_given,not_given,FALSE,FALSE,FALSE,FALSE,FALSE,FALSE,FALSE,FALSE,FALSE,not_given,FALSE,FALSE,not_given,FALSE
other coral dead,coralscapes,other coral dead,coralscapes_v2,animalia,cnidaria,not_given,not_given,not_given,not_given,not_given,not_given,not_given,not_given,not_given,not_given,not_given,not_given,not_given,not_given,not_given,not_given,not_given,not_given,not_given,not_given,not_given,not_given,not_given,not_given,not_given,not_given,not_given,not_given,FALSE,FALSE,FALSE,FALSE,FALSE,FALSE,FALSE,FALSE,FALSE,not_given,FALSE,FALSE,not_given,FALSE
pavona alive,coralscapes_v2,,,animalia,cnidaria,scleractinia,agariciidae,pavona,not_given,FALSE,FALSE,not_given,FALSE,not_given,FALSE,not_given,FALSE,not_given,not_given,FALSE,FALSE,not_given,FALSE,not_given,TRUE,FALSE,not_given,FALSE,FALSE,not_given,FALSE,FALSE,not_given,FALSE,FALSE,FALSE,FALSE,FALSE,FALSE,FALSE,FALSE,FALSE,hexacorallia,FALSE,FALSE,FALSE,TRUE
pavona bleached,coralscapes_v2,,,animalia,cnidaria,scleractinia,agariciidae,pavona,not_given,FALSE,FALSE,not_given,FALSE,not_given,FALSE,not_given,FALSE,not_given,not_given,FALSE,FALSE,not_given,FALSE,not_given,TRUE,FALSE,not_given,FALSE,FALSE,not_given,FALSE,FALSE,not_given,TRUE,FALSE,FALSE,FALSE,FALSE,FALSE,FALSE,FALSE,FALSE,hexacorallia,FALSE,FALSE,FALSE,TRUE
pavona dead,coralscapes_v2,,,animalia,cnidaria,scleractinia,agariciidae,pavona,not_given,FALSE,FALSE,not_given,FALSE,not_given,FALSE,not_given,FALSE,not_given,not_given,FALSE,FALSE,not_given,FALSE,not_given,TRUE,FALSE,not_given,FALSE,FALSE,not_given,FALSE,FALSE,not_given,FALSE,FALSE,FALSE,FALSE,FALSE,FALSE,FALSE,FALSE,FALSE,hexacorallia,FALSE,FALSE,not_given,FALSE
brain coral alive,coralscapes_v2,,,animalia,cnidaria,scleractinia,not_given,not_given,not_given,FALSE,FALSE,TRUE,FALSE,TRUE,not_given,not_given,FALSE,FALSE,not_given,FALSE,FALSE,TRUE,FALSE,FALSE,FALSE,FALSE,TRUE,not_given,FALSE,FALSE,not_given,not_given,FALSE,FALSE,FALSE,FALSE,FALSE,FALSE,FALSE,FALSE,FALSE,FALSE,hexacorallia,FALSE,FALSE,FALSE,TRUE
brain coral bleached,coralscapes_v2,,,animalia,cnidaria,scleractinia,not_given,not_given,not_given,FALSE,FALSE,TRUE,FALSE,TRUE,not_given,not_given,FALSE,FALSE,not_given,FALSE,FALSE,TRUE,FALSE,FALSE,FALSE,FALSE,TRUE,not_given,FALSE,FALSE,not_given,not_given,FALSE,TRUE,FALSE,FALSE,FALSE,FALSE,FALSE,FALSE,FALSE,FALSE,hexacorallia,FALSE,FALSE,FALSE,TRUE
brain coral dead,coralscapes_v2,,,animalia,cnidaria,scleractinia,not_given,not_given,not_given,FALSE,FALSE,TRUE,FALSE,TRUE,not_given,not_given,FALSE,FALSE,not_given,FALSE,FALSE,TRUE,FALSE,FALSE,FALSE,FALSE,TRUE,not_given,FALSE,FALSE,not_given,not_given,FALSE,FALSE,FALSE,FALSE,FALSE,FALSE,FALSE,FALSE,FALSE,FALSE,hexacorallia,FALSE,FALSE,not_given,FALSE
pocillopora alive,coralscapes_v2,,,animalia,cnidaria,scleractinia,pocilloporidae,pocillopora,not_given,FALSE,not_given,FALSE,FALSE,FALSE,FALSE,FALSE,not_given,FALSE,FALSE,FALSE,FALSE,FALSE,FALSE,TRUE,FALSE,FALSE,FALSE,FALSE,not_given,FALSE,FALSE,FALSE,FALSE,FALSE,FALSE,FALSE,FALSE,FALSE,FALSE,FALSE,FALSE,FALSE,hexacorallia,FALSE,FALSE,FALSE,TRUE
pocillopora alive,coralscapes,pocillopora alive,coralscapes_v2,animalia,cnidaria,scleractinia,pocilloporidae,pocillopora,not_given,FALSE,not_given,FALSE,FALSE,FALSE,FALSE,FALSE,not_given,FALSE,FALSE,FALSE,FALSE,FALSE,FALSE,TRUE,FALSE,FALSE,FALSE,FALSE,not_given,FALSE,FALSE,FALSE,FALSE,FALSE,FALSE,FALSE,FALSE,FALSE,FALSE,FALSE,FALSE,FALSE,hexacorallia,FALSE,FALSE,FALSE,TRUE
pocillopora bleached,coralscapes_v2,,,animalia,cnidaria,scleractinia,pocilloporidae,pocillopora,not_given,FALSE,not_given,FALSE,FALSE,FALSE,FALSE,FALSE,not_given,FALSE,FALSE,FALSE,FALSE,FALSE,FALSE,TRUE,FALSE,FALSE,FALSE,FALSE,not_given,FALSE,FALSE,FALSE,FALSE,TRUE,FALSE,FALSE,FALSE,FALSE,FALSE,FALSE,FALSE,FALSE,hexacorallia,FALSE,FALSE,FALSE,TRUE
pocillopora dead,coralscapes_v2,,,animalia,cnidaria,scleractinia,pocilloporidae,pocillopora,not_given,FALSE,not_given,FALSE,FALSE,FALSE,FALSE,FALSE,not_given,FALSE,FALSE,FALSE,FALSE,FALSE,FALSE,TRUE,FALSE,FALSE,FALSE,FALSE,not_given,FALSE,FALSE,FALSE,FALSE,FALSE,FALSE,FALSE,FALSE,FALSE,FALSE,FALSE,FALSE,FALSE,hexacorallia,FALSE,FALSE,not_given,FALSE
porites alive,coralscapes_v2,,,animalia,cnidaria,scleractinia,poritidae,porites,not_given,FALSE,not_given,not_given,FALSE,TRUE,FALSE,not_given,not_given,not_given,not_given,FALSE,FALSE,not_given,FALSE,not_given,not_given,FALSE,FALSE,FALSE,FALSE,not_given,FALSE,FALSE,not_given,FALSE,FALSE,FALSE,FALSE,FALSE,FALSE,FALSE,FALSE,FALSE,hexacorallia,FALSE,FALSE,FALSE,TRUE
porites bleached,coralscapes_v2,,,animalia,cnidaria,scleractinia,poritidae,porites,not_given,FALSE,not_given,not_given,FALSE,TRUE,FALSE,not_given,not_given,not_given,not_given,FALSE,FALSE,not_given,FALSE,not_given,not_given,FALSE,FALSE,FALSE,FALSE,not_given,FALSE,FALSE,not_given,TRUE,FALSE,FALSE,FALSE,FALSE,FALSE,FALSE,FALSE,FALSE,hexacorallia,FALSE,FALSE,FALSE,TRUE
porites dead,coralscapes_v2,,,animalia,cnidaria,scleractinia,poritidae,porites,not_given,FALSE,not_given,not_given,FALSE,TRUE,FALSE,not_given,not_given,not_given,not_given,FALSE,FALSE,not_given,FALSE,not_given,not_given,FALSE,FALSE,FALSE,FALSE,not_given,FALSE,FALSE,not_given,FALSE,FALSE,FALSE,FALSE,FALSE,FALSE,FALSE,FALSE,FALSE,hexacorallia,FALSE,FALSE,not_given,FALSE
goniopora alive,coralscapes_v2,goniopora,mermaid,animalia,cnidaria,scleractinia,poritidae,goniopora,not_given,FALSE,FALSE,FALSE,FALSE,TRUE,not_given,FALSE,not_given,not_given,not_given,FALSE,FALSE,not_given,TRUE,FALSE,FALSE,FALSE,FALSE,not_given,FALSE,FALSE,not_given,FALSE,not_given,FALSE,FALSE,FALSE,FALSE,FALSE,FALSE,FALSE,FALSE,FALSE,hexacorallia,FALSE,FALSE,FALSE,TRUE
goniopora dead,coralscapes_v2,,,animalia,cnidaria,scleractinia,poritidae,goniopora,not_given,FALSE,FALSE,FALSE,FALSE,TRUE,not_given,FALSE,not_given,not_given,not_given,FALSE,FALSE,not_given,TRUE,FALSE,FALSE,FALSE,FALSE,not_given,FALSE,FALSE,not_given,FALSE,not_given,FALSE,FALSE,FALSE,FALSE,FALSE,FALSE,FALSE,FALSE,FALSE,hexacorallia,FALSE,FALSE,not_given,FALSE
rubble,coralscapes_v2,,,none,none,none,none,none,none,FALSE,FALSE,FALSE,FALSE,FALSE,FALSE,FALSE,FALSE,FALSE,FALSE,FALSE,FALSE,FALSE,FALSE,FALSE,FALSE,FALSE,FALSE,FALSE,FALSE,FALSE,FALSE,FALSE,FALSE,FALSE,FALSE,FALSE,FALSE,FALSE,FALSE,FALSE,FALSE,FALSE,none,FALSE,not_given,not_given,FALSE
rubble,coralscapes,rubble,coralscapes_v2,none,none,none,none,none,none,FALSE,FALSE,FALSE,FALSE,FALSE,FALSE,FALSE,FALSE,FALSE,FALSE,FALSE,FALSE,FALSE,FALSE,FALSE,FALSE,FALSE,FALSE,FALSE,FALSE,FALSE,FALSE,FALSE,FALSE,FALSE,FALSE,FALSE,FALSE,FALSE,FALSE,FALSE,FALSE,FALSE,none,FALSE,not_given,not_given,FALSE
sand,coralscapes_v2,,,none,none,none,none,none,none,FALSE,FALSE,FALSE,FALSE,FALSE,FALSE,FALSE,FALSE,FALSE,FALSE,FALSE,FALSE,FALSE,FALSE,FALSE,FALSE,FALSE,FALSE,FALSE,FALSE,FALSE,FALSE,FALSE,FALSE,FALSE,FALSE,FALSE,FALSE,FALSE,FALSE,FALSE,FALSE,FALSE,none,FALSE,TRUE,FALSE,FALSE
sand,coralscapes,sand,coralscapes_v2,none,none,none,none,none,none,FALSE,FALSE,FALSE,FALSE,FALSE,FALSE,FALSE,FALSE,FALSE,FALSE,FALSE,FALSE,FALSE,FALSE,FALSE,FALSE,FALSE,FALSE,FALSE,FALSE,FALSE,FALSE,FALSE,FALSE,FALSE,FALSE,FALSE,FALSE,FALSE,FALSE,FALSE,FALSE,FALSE,none,FALSE,TRUE,FALSE,FALSE
sea cucumber,coralscapes_v2,,,animalia,echinodermata,not_given,not_given,not_given,not_given,FALSE,FALSE,FALSE,FALSE,FALSE,FALSE,FALSE,FALSE,FALSE,FALSE,FALSE,FALSE,FALSE,FALSE,FALSE,FALSE,FALSE,FALSE,FALSE,FALSE,FALSE,FALSE,FALSE,FALSE,FALSE,FALSE,FALSE,FALSE,FALSE,FALSE,FALSE,FALSE,FALSE,holothuroidea,FALSE,FALSE,FALSE,TRUE
sea cucumber,coralscapes,sea cucumber,coralscapes_v2,animalia,echinodermata,not_given,not_given,not_given,not_given,FALSE,FALSE,FALSE,FALSE,FALSE,FALSE,FALSE,FALSE,FALSE,FALSE,FALSE,FALSE,FALSE,FALSE,FALSE,FALSE,FALSE,FALSE,FALSE,FALSE,FALSE,FALSE,FALSE,FALSE,FALSE,FALSE,FALSE,FALSE,FALSE,FALSE,FALSE,FALSE,FALSE,holothuroidea,FALSE,FALSE,FALSE,TRUE
sea urchin,coralscapes_v2,,,animalia,echinodermata,not_given,not_given,not_given,not_given,FALSE,FALSE,FALSE,FALSE,FALSE,FALSE,FALSE,FALSE,FALSE,FALSE,FALSE,FALSE,FALSE,FALSE,FALSE,FALSE,FALSE,FALSE,FALSE,FALSE,FALSE,FALSE,FALSE,FALSE,FALSE,FALSE,FALSE,FALSE,FALSE,FALSE,FALSE,FALSE,FALSE,echinoidea,FALSE,FALSE,FALSE,TRUE
sea urchin,coralscapes,sea urchin,coralscapes_v2,animalia,echinodermata,not_given,not_given,not_given,not_given,FALSE,FALSE,FALSE,FALSE,FALSE,FALSE,FALSE,FALSE,FALSE,FALSE,FALSE,FALSE,FALSE,FALSE,FALSE,FALSE,FALSE,FALSE,FALSE,FALSE,FALSE,FALSE,FALSE,FALSE,FALSE,FALSE,FALSE,FALSE,FALSE,FALSE,FALSE,FALSE,FALSE,echinoidea,FALSE,FALSE,FALSE,TRUE
seagrass,coralscapes_v2,,,plantae,not_given,alismatales,not_given,not_given,not_given,FALSE,FALSE,FALSE,FALSE,FALSE,FALSE,FALSE,FALSE,FALSE,FALSE,FALSE,FALSE,FALSE,FALSE,FALSE,FALSE,FALSE,FALSE,FALSE,FALSE,FALSE,FALSE,FALSE,FALSE,FALSE,FALSE,FALSE,FALSE,FALSE,FALSE,FALSE,FALSE,FALSE,not_given,FALSE,FALSE,FALSE,FALSE
seagrass,coralscapes,seagrass,coralscapes_v2,plantae,not_given,alismatales,not_given,not_given,not_given,FALSE,FALSE,FALSE,FALSE,FALSE,FALSE,FALSE,FALSE,FALSE,FALSE,FALSE,FALSE,FALSE,FALSE,FALSE,FALSE,FALSE,FALSE,FALSE,FALSE,FALSE,FALSE,FALSE,FALSE,FALSE,FALSE,FALSE,FALSE,FALSE,FALSE,FALSE,FALSE,FALSE,not_given,FALSE,FALSE,FALSE,FALSE
seriatopora alive,coralscapes_v2,,,animalia,cnidaria,scleractinia,pocilloporidae,seriatopora,not_given,FALSE,FALSE,FALSE,FALSE,FALSE,FALSE,FALSE,not_given,FALSE,FALSE,FALSE,FALSE,FALSE,FALSE,TRUE,FALSE,FALSE,FALSE,FALSE,not_given,not_given,FALSE,FALSE,FALSE,FALSE,FALSE,FALSE,FALSE,FALSE,FALSE,FALSE,FALSE,FALSE,hexacorallia,FALSE,FALSE,FALSE,TRUE
seriatopora bleached,coralscapes_v2,,,animalia,cnidaria,scleractinia,pocilloporidae,seriatopora,not_given,FALSE,FALSE,FALSE,FALSE,FALSE,FALSE,FALSE,not_given,FALSE,FALSE,FALSE,FALSE,FALSE,FALSE,TRUE,FALSE,FALSE,FALSE,FALSE,not_given,not_given,FALSE,FALSE,FALSE,TRUE,FALSE,FALSE,FALSE,FALSE,FALSE,FALSE,FALSE,FALSE,hexacorallia,FALSE,FALSE,FALSE,TRUE
seriatopora dead,coralscapes_v2,,,animalia,cnidaria,scleractinia,pocilloporidae,seriatopora,not_given,FALSE,FALSE,FALSE,FALSE,FALSE,FALSE,FALSE,not_given,FALSE,FALSE,FALSE,FALSE,FALSE,FALSE,TRUE,FALSE,FALSE,FALSE,FALSE,not_given,not_given,FALSE,FALSE,FALSE,FALSE,FALSE,FALSE,FALSE,FALSE,FALSE,FALSE,FALSE,FALSE,hexacorallia,FALSE,FALSE,not_given,FALSE
soft coral (malacalcyonacea) alive,coralscapes_v2,,,animalia,cnidaria,malacalcyonacea,not_given,not_given,not_given,not_given,not_given,not_given,not_given,not_given,not_given,not_given,not_given,not_given,not_given,not_given,not_given,not_given,not_given,not_given,not_given,not_given,not_given,not_given,not_given,not_given,not_given,not_given,not_given,FALSE,FALSE,FALSE,FALSE,FALSE,FALSE,FALSE,FALSE,FALSE,octocorallia,FALSE,FALSE,FALSE,TRUE
soft coral (malacalcyonacea) bleached,coralscapes_v2,,,animalia,cnidaria,malacalcyonacea,not_given,not_given,not_given,not_given,not_given,not_given,not_given,not_given,not_given,not_given,not_given,not_given,not_given,not_given,not_given,not_given,not_given,not_given,not_given,not_given,not_given,not_given,not_given,not_given,not_given,not_given,not_given,TRUE,FALSE,FALSE,FALSE,FALSE,FALSE,FALSE,FALSE,FALSE,octocorallia,FALSE,FALSE,FALSE,TRUE
fungiidae alive,coralscapes_v2,,,animalia,cnidaria,scleractinia,fungiidae,not_given,not_given,FALSE,FALSE,not_given,FALSE,not_given,not_given,not_given,not_given,not_given,not_given,FALSE,FALSE,not_given,FALSE,FALSE,not_given,FALSE,not_given,not_given,FALSE,FALSE,not_given,FALSE,FALSE,FALSE,FALSE,FALSE,FALSE,FALSE,FALSE,FALSE,FALSE,FALSE,hexacorallia,FALSE,FALSE,FALSE,TRUE
fungiidae bleached,coralscapes_v2,,,animalia,cnidaria,scleractinia,fungiidae,not_given,not_given,FALSE,FALSE,not_given,FALSE,not_given,not_given,not_given,not_given,not_given,not_given,FALSE,FALSE,not_given,FALSE,FALSE,not_given,FALSE,not_given,not_given,FALSE,FALSE,not_given,FALSE,FALSE,TRUE,FALSE,FALSE,FALSE,FALSE,FALSE,FALSE,FALSE,FALSE,hexacorallia,FALSE,FALSE,FALSE,TRUE
fungiidae dead,coralscapes_v2,,,animalia,cnidaria,scleractinia,fungiidae,not_given,not_given,FALSE,FALSE,not_given,FALSE,not_given,not_given,not_given,not_given,not_given,not_given,FALSE,FALSE,not_given,FALSE,FALSE,not_given,FALSE,not_given,not_given,FALSE,FALSE,not_given,FALSE,FALSE,FALSE,FALSE,FALSE,FALSE,FALSE,FALSE,FALSE,FALSE,FALSE,hexacorallia,FALSE,FALSE,not_given,FALSE
cirrhipathes,coralscapes_v2,,,animalia,cnidaria,antipatharia,antipathidae,cirrhipathes,not_given,not_given,not_given,not_given,not_given,not_given,not_given,not_given,not_given,not_given,not_given,not_given,not_given,not_given,not_given,not_given,not_given,not_given,not_given,not_given,not_given,not_given,not_given,not_given,not_given,FALSE,FALSE,FALSE,FALSE,FALSE,FALSE,FALSE,FALSE,FALSE,hexacorallia,FALSE,FALSE,FALSE,TRUE
sponge,coralscapes_v2,,,animalia,porifera,not_given,not_given,not_given,not_given,FALSE,FALSE,FALSE,FALSE,FALSE,FALSE,FALSE,FALSE,FALSE,FALSE,FALSE,FALSE,FALSE,FALSE,FALSE,FALSE,FALSE,FALSE,FALSE,FALSE,FALSE,FALSE,FALSE,FALSE,FALSE,FALSE,FALSE,FALSE,FALSE,FALSE,FALSE,FALSE,FALSE,not_given,FALSE,FALSE,FALSE,TRUE
sponge,coralscapes,sponge,coralscapes_v2,animalia,porifera,not_given,not_given,not_given,not_given,FALSE,FALSE,FALSE,FALSE,FALSE,FALSE,FALSE,FALSE,FALSE,FALSE,FALSE,FALSE,FALSE,FALSE,FALSE,FALSE,FALSE,FALSE,FALSE,FALSE,FALSE,FALSE,FALSE,FALSE,FALSE,FALSE,FALSE,FALSE,FALSE,FALSE,FALSE,FALSE,FALSE,not_given,FALSE,FALSE,FALSE,TRUE
stylophora alive,coralscapes_v2,,,animalia,cnidaria,scleractinia,pocilloporidae,stylophora,not_given,not_given,FALSE,not_given,not_given,FALSE,not_given,FALSE,not_given,FALSE,FALSE,FALSE,FALSE,FALSE,FALSE,TRUE,FALSE,FALSE,FALSE,not_given,not_given,not_given,not_given,FALSE,FALSE,FALSE,FALSE,FALSE,FALSE,FALSE,FALSE,FALSE,FALSE,FALSE,hexacorallia,FALSE,FALSE,FALSE,TRUE
stylophora alive,coralscapes,stylophora alive,coralscapes_v2,animalia,cnidaria,scleractinia,pocilloporidae,stylophora,not_given,not_given,FALSE,not_given,not_given,FALSE,not_given,FALSE,not_given,FALSE,FALSE,FALSE,FALSE,FALSE,FALSE,TRUE,FALSE,FALSE,FALSE,not_given,not_given,not_given,not_given,FALSE,FALSE,FALSE,FALSE,FALSE,FALSE,FALSE,FALSE,FALSE,FALSE,FALSE,hexacorallia,FALSE,FALSE,FALSE,TRUE
stylophora bleached,coralscapes_v2,,,animalia,cnidaria,scleractinia,pocilloporidae,stylophora,not_given,not_given,FALSE,not_given,not_given,FALSE,not_given,FALSE,not_given,FALSE,FALSE,FALSE,FALSE,FALSE,FALSE,TRUE,FALSE,FALSE,FALSE,not_given,not_given,not_given,not_given,FALSE,FALSE,TRUE,FALSE,FALSE,FALSE,FALSE,FALSE,FALSE,FALSE,FALSE,hexacorallia,FALSE,FALSE,FALSE,TRUE
stylophora dead,coralscapes_v2,,,animalia,cnidaria,scleractinia,pocilloporidae,stylophora,not_given,not_given,FALSE,not_given,not_given,FALSE,not_given,FALSE,not_given,FALSE,FALSE,FALSE,FALSE,FALSE,FALSE,TRUE,FALSE,FALSE,FALSE,not_given,not_given,not_given,not_given,FALSE,FALSE,FALSE,FALSE,FALSE,FALSE,FALSE,FALSE,FALSE,FALSE,FALSE,hexacorallia,FALSE,FALSE,not_given,FALSE
table acropora alive,coralscapes_v2,,,animalia,cnidaria,scleractinia,acroporidae,acropora,not_given,FALSE,FALSE,FALSE,FALSE,FALSE,FALSE,FALSE,FALSE,FALSE,FALSE,FALSE,FALSE,FALSE,FALSE,TRUE,TRUE,FALSE,FALSE,FALSE,not_given,FALSE,FALSE,FALSE,TRUE,FALSE,FALSE,FALSE,FALSE,FALSE,FALSE,FALSE,FALSE,FALSE,hexacorallia,FALSE,FALSE,FALSE,TRUE
table acropora alive,coralscapes,table acropora alive,coralscapes_v2,animalia,cnidaria,scleractinia,acroporidae,acropora,not_given,FALSE,FALSE,FALSE,FALSE,FALSE,FALSE,FALSE,FALSE,FALSE,FALSE,FALSE,FALSE,FALSE,FALSE,TRUE,TRUE,FALSE,FALSE,FALSE,not_given,FALSE,FALSE,FALSE,TRUE,FALSE,FALSE,FALSE,FALSE,FALSE,FALSE,FALSE,FALSE,FALSE,hexacorallia,FALSE,FALSE,FALSE,TRUE
table acropora bleached,coralscapes_v2,,,animalia,cnidaria,scleractinia,acroporidae,acropora,not_given,FALSE,FALSE,FALSE,FALSE,FALSE,FALSE,FALSE,FALSE,FALSE,FALSE,FALSE,FALSE,FALSE,FALSE,TRUE,not_given,FALSE,FALSE,FALSE,not_given,FALSE,FALSE,FALSE,TRUE,TRUE,FALSE,FALSE,FALSE,FALSE,FALSE,FALSE,FALSE,FALSE,hexacorallia,FALSE,FALSE,FALSE,TRUE
table acropora dead,coralscapes_v2,,,animalia,cnidaria,scleractinia,acroporidae,acropora,not_given,FALSE,FALSE,FALSE,FALSE,FALSE,FALSE,FALSE,FALSE,FALSE,FALSE,FALSE,FALSE,FALSE,FALSE,TRUE,TRUE,FALSE,FALSE,FALSE,not_given,FALSE,FALSE,FALSE,TRUE,FALSE,FALSE,FALSE,FALSE,FALSE,FALSE,FALSE,FALSE,FALSE,hexacorallia,FALSE,FALSE,not_given,FALSE
table acropora dead,coralscapes,table acropora dead,coralscapes_v2,animalia,cnidaria,scleractinia,acroporidae,acropora,not_given,FALSE,FALSE,FALSE,FALSE,FALSE,FALSE,FALSE,FALSE,FALSE,FALSE,FALSE,FALSE,FALSE,FALSE,TRUE,TRUE,FALSE,FALSE,FALSE,not_given,FALSE,FALSE,FALSE,TRUE,FALSE,FALSE,FALSE,FALSE,FALSE,FALSE,FALSE,FALSE,FALSE,hexacorallia,FALSE,FALSE,not_given,FALSE
thin plate/encrusting coral alive,coralscapes_v2,,,animalia,cnidaria,scleractinia,not_given,not_given,not_given,FALSE,FALSE,not_given,FALSE,not_given,not_given,TRUE,FALSE,not_given,not_given,FALSE,FALSE,not_given,FALSE,FALSE,TRUE,FALSE,not_given,not_given,FALSE,FALSE,not_given,FALSE,FALSE,FALSE,FALSE,FALSE,FALSE,FALSE,FALSE,FALSE,FALSE,FALSE,hexacorallia,FALSE,FALSE,FALSE,TRUE
thin plate/encrusting coral bleached,coralscapes_v2,,,animalia,cnidaria,scleractinia,not_given,not_given,not_given,FALSE,FALSE,not_given,FALSE,not_given,not_given,TRUE,FALSE,not_given,not_given,FALSE,FALSE,not_given,FALSE,FALSE,TRUE,FALSE,not_given,not_given,FALSE,FALSE,not_given,FALSE,FALSE,TRUE,FALSE,FALSE,FALSE,FALSE,FALSE,FALSE,FALSE,FALSE,hexacorallia,FALSE,FALSE,FALSE,TRUE
thin plate/encrusting coral dead,coralscapes_v2,,,animalia,cnidaria,scleractinia,not_given,not_given,not_given,FALSE,FALSE,not_given,FALSE,not_given,not_given,TRUE,FALSE,not_given,not_given,FALSE,FALSE,not_given,FALSE,FALSE,TRUE,FALSE,not_given,not_given,FALSE,FALSE,not_given,FALSE,FALSE,FALSE,FALSE,FALSE,FALSE,FALSE,FALSE,FALSE,FALSE,FALSE,hexacorallia,FALSE,FALSE,not_given,FALSE
transect line,coralscapes_v2,,,none,none,none,none,none,none,FALSE,FALSE,FALSE,FALSE,FALSE,FALSE,FALSE,FALSE,FALSE,FALSE,FALSE,FALSE,FALSE,FALSE,FALSE,FALSE,FALSE,FALSE,FALSE,FALSE,FALSE,FALSE,FALSE,FALSE,FALSE,FALSE,FALSE,TRUE,FALSE,TRUE,TRUE,FALSE,FALSE,none,FALSE,FALSE,FALSE,FALSE
transect line,coralscapes,transect line,coralscapes_v2,none,none,none,none,none,none,FALSE,FALSE,FALSE,FALSE,FALSE,FALSE,FALSE,FALSE,FALSE,FALSE,FALSE,FALSE,FALSE,FALSE,FALSE,FALSE,FALSE,FALSE,FALSE,FALSE,FALSE,FALSE,FALSE,FALSE,FALSE,FALSE,FALSE,TRUE,FALSE,TRUE,TRUE,FALSE,FALSE,none,FALSE,FALSE,FALSE,FALSE
transect tools,coralscapes_v2,,,none,none,none,none,none,none,FALSE,FALSE,FALSE,FALSE,FALSE,FALSE,FALSE,FALSE,FALSE,FALSE,FALSE,FALSE,FALSE,FALSE,FALSE,FALSE,FALSE,FALSE,FALSE,FALSE,FALSE,FALSE,FALSE,FALSE,FALSE,FALSE,FALSE,TRUE,FALSE,TRUE,FALSE,FALSE,FALSE,none,FALSE,FALSE,FALSE,FALSE
transect tools,coralscapes,transect tools,coralscapes_v2,none,none,none,none,none,none,FALSE,FALSE,FALSE,FALSE,FALSE,FALSE,FALSE,FALSE,FALSE,FALSE,FALSE,FALSE,FALSE,FALSE,FALSE,FALSE,FALSE,FALSE,FALSE,FALSE,FALSE,FALSE,FALSE,FALSE,FALSE,FALSE,FALSE,TRUE,FALSE,TRUE,FALSE,FALSE,FALSE,none,FALSE,FALSE,FALSE,FALSE
trash,coralscapes_v2,,,none,none,none,none,none,none,FALSE,FALSE,FALSE,FALSE,FALSE,FALSE,FALSE,FALSE,FALSE,FALSE,FALSE,FALSE,FALSE,FALSE,FALSE,FALSE,FALSE,FALSE,FALSE,FALSE,FALSE,FALSE,FALSE,FALSE,FALSE,FALSE,FALSE,TRUE,TRUE,FALSE,FALSE,FALSE,FALSE,none,FALSE,FALSE,FALSE,FALSE
trash,coralscapes,trash,coralscapes_v2,none,none,none,none,none,none,FALSE,FALSE,FALSE,FALSE,FALSE,FALSE,FALSE,FALSE,FALSE,FALSE,FALSE,FALSE,FALSE,FALSE,FALSE,FALSE,FALSE,FALSE,FALSE,FALSE,FALSE,FALSE,FALSE,FALSE,FALSE,FALSE,FALSE,TRUE,TRUE,FALSE,FALSE,FALSE,FALSE,none,FALSE,FALSE,FALSE,FALSE
turbinaria,coralscapes_v2,,,animalia,cnidaria,scleractinia,dendrophylliidae,turbinaria,not_given,FALSE,FALSE,FALSE,FALSE,FALSE,FALSE,not_given,FALSE,TRUE,FALSE,FALSE,FALSE,not_given,FALSE,FALSE,TRUE,FALSE,FALSE,FALSE,FALSE,FALSE,FALSE,FALSE,not_given,FALSE,FALSE,FALSE,FALSE,FALSE,FALSE,FALSE,FALSE,FALSE,hexacorallia,FALSE,FALSE,FALSE,TRUE
turbinaria,coralscapes,turbinaria,coralscapes_v2,animalia,cnidaria,scleractinia,dendrophylliidae,turbinaria,not_given,FALSE,FALSE,FALSE,FALSE,FALSE,FALSE,not_given,FALSE,TRUE,FALSE,FALSE,FALSE,not_given,FALSE,FALSE,TRUE,FALSE,FALSE,FALSE,FALSE,FALSE,FALSE,FALSE,not_given,FALSE,FALSE,FALSE,FALSE,FALSE,FALSE,FALSE,FALSE,FALSE,hexacorallia,FALSE,FALSE,FALSE,TRUE
turbinaria dead,coralscapes_v2,,,animalia,cnidaria,scleractinia,dendrophylliidae,turbinaria,not_given,FALSE,FALSE,FALSE,FALSE,FALSE,FALSE,not_given,FALSE,TRUE,not_given,FALSE,FALSE,not_given,FALSE,FALSE,TRUE,FALSE,FALSE,FALSE,FALSE,FALSE,FALSE,FALSE,not_given,FALSE,FALSE,FALSE,FALSE,FALSE,FALSE,FALSE,FALSE,FALSE,hexacorallia,FALSE,FALSE,not_given,FALSE
water column,coralscapes_v2,,,none,none,none,none,none,none,FALSE,FALSE,FALSE,FALSE,FALSE,FALSE,FALSE,FALSE,FALSE,FALSE,FALSE,FALSE,FALSE,FALSE,FALSE,FALSE,FALSE,FALSE,FALSE,FALSE,FALSE,FALSE,FALSE,FALSE,FALSE,FALSE,TRUE,not_given,FALSE,FALSE,FALSE,FALSE,FALSE,none,FALSE,FALSE,FALSE,FALSE
water surface,coralscapes_v2,,,none,none,none,none,none,none,FALSE,FALSE,FALSE,FALSE,FALSE,FALSE,FALSE,FALSE,FALSE,FALSE,FALSE,FALSE,FALSE,FALSE,FALSE,FALSE,FALSE,FALSE,FALSE,FALSE,FALSE,FALSE,FALSE,FALSE,FALSE,FALSE,TRUE,not_given,FALSE,FALSE,FALSE,FALSE,FALSE,none,FALSE,FALSE,FALSE,FALSE
xeniidae alive,coralscapes_v2,xeniidae,mermaid,animalia,cnidaria,malacalcyonacea,xeniidae,not_given,not_given,not_given,not_given,not_given,not_given,not_given,not_given,not_given,not_given,not_given,not_given,not_given,not_given,not_given,not_given,not_given,not_given,not_given,not_given,not_given,not_given,not_given,not_given,not_given,not_given,FALSE,FALSE,FALSE,FALSE,FALSE,FALSE,FALSE,FALSE,FALSE,octocorallia,FALSE,FALSE,FALSE,TRUE
aaptos,mermaid,,,animalia,porifera,suberitida,suberitidae,aaptos,not_given,FALSE,FALSE,FALSE,FALSE,FALSE,FALSE,FALSE,FALSE,FALSE,FALSE,FALSE,FALSE,FALSE,FALSE,FALSE,FALSE,FALSE,FALSE,FALSE,FALSE,FALSE,FALSE,FALSE,FALSE,FALSE,FALSE,FALSE,FALSE,FALSE,FALSE,FALSE,FALSE,FALSE,demospongiae,FALSE,FALSE,FALSE,TRUE
abyla,mermaid,,,animalia,cnidaria,siphonophorae,abylidae,abyla,not_given,not_given,not_given,not_given,not_given,not_given,not_given,not_given,not_given,not_given,not_given,not_given,not_given,not_given,not_given,not_given,not_given,not_given,not_given,not_given,not_given,not_given,not_given,not_given,not_given,FALSE,FALSE,FALSE,FALSE,FALSE,FALSE,FALSE,FALSE,FALSE,hydrozoa,FALSE,FALSE,FALSE,TRUE
acanthaster planci,mermaid,acanthaster planci,coralscapes_v2,animalia,echinodermata,valvatida,acanthasteridae,acanthaster,acanthaster_planci,FALSE,FALSE,FALSE,FALSE,FALSE,FALSE,FALSE,FALSE,FALSE,FALSE,FALSE,FALSE,FALSE,FALSE,FALSE,FALSE,FALSE,FALSE,FALSE,FALSE,FALSE,FALSE,FALSE,FALSE,FALSE,FALSE,FALSE,FALSE,FALSE,FALSE,FALSE,FALSE,FALSE,asteroidea,FALSE,FALSE,FALSE,TRUE
acanthastrea,mermaid,,,animalia,cnidaria,scleractinia,lobophylliidae,acanthastrea,not_given,FALSE,FALSE,not_given,FALSE,not_given,not_given,not_given,not_given,not_given,not_given,FALSE,FALSE,not_given,FALSE,FALSE,FALSE,FALSE,not_given,not_given,FALSE,FALSE,not_given,not_given,not_given,FALSE,FALSE,FALSE,FALSE,FALSE,FALSE,FALSE,FALSE,FALSE,hexacorallia,FALSE,FALSE,FALSE,TRUE
acanthastrea echinata,mermaid,,,animalia,cnidaria,scleractinia,lobophylliidae,acanthastrea,acanthastrea_echinata,FALSE,FALSE,not_given,FALSE,TRUE,not_given,TRUE,not_given,not_given,not_given,FALSE,FALSE,not_given,FALSE,FALSE,FALSE,FALSE,not_given,not_given,FALSE,FALSE,not_given,not_given,FALSE,FALSE,FALSE,FALSE,FALSE,FALSE,FALSE,FALSE,FALSE,FALSE,hexacorallia,FALSE,FALSE,FALSE,TRUE
acanthastrea hemprichii,mermaid,,,animalia,cnidaria,scleractinia,lobophylliidae,acanthastrea,acanthastrea_hemprichii,FALSE,FALSE,not_given,FALSE,TRUE,not_given,TRUE,not_given,not_given,not_given,FALSE,FALSE,not_given,FALSE,FALSE,FALSE,FALSE,not_given,not_given,FALSE,FALSE,not_given,not_given,FALSE,FALSE,FALSE,FALSE,FALSE,FALSE,FALSE,FALSE,FALSE,FALSE,hexacorallia,FALSE,FALSE,FALSE,TRUE
acanthogorgia,mermaid,,,not_given,cnidaria,malacalcyonacea,acanthogorgiidae,acanthogorgia,not_given,not_given,not_given,not_given,not_given,not_given,not_given,not_given,not_given,not_given,not_given,not_given,not_given,not_given,not_given,not_given,not_given,not_given,not_given,not_given,not_given,not_given,not_given,not_given,not_given,FALSE,FALSE,FALSE,not_given,FALSE,FALSE,FALSE,FALSE,FALSE,octocorallia,FALSE,FALSE,FALSE,FALSE
acanthophora,mermaid,,,not_given,rhodophyta,ceramiales,rhodomelaceae,acanthophora,not_given,FALSE,FALSE,FALSE,FALSE,FALSE,FALSE,FALSE,FALSE,FALSE,FALSE,FALSE,FALSE,FALSE,FALSE,FALSE,FALSE,FALSE,FALSE,FALSE,FALSE,FALSE,FALSE,FALSE,FALSE,FALSE,TRUE,FALSE,not_given,FALSE,FALSE,FALSE,FALSE,FALSE,florideophyceae,FALSE,FALSE,FALSE,FALSE
acanthophora spicifera,mermaid,,,not_given,rhodophyta,ceramiales,rhodomelaceae,acanthophora,acanthophora_spicifera,FALSE,FALSE,FALSE,FALSE,FALSE,FALSE,FALSE,FALSE,FALSE,FALSE,FALSE,FALSE,FALSE,FALSE,FALSE,FALSE,FALSE,FALSE,FALSE,FALSE,FALSE,FALSE,FALSE,FALSE,FALSE,TRUE,FALSE,not_given,FALSE,FALSE,FALSE,FALSE,FALSE,florideophyceae,FALSE,FALSE,FALSE,FALSE
acanthophyllia,mermaid,,,animalia,cnidaria,scleractinia,lobophylliidae,acanthophyllia,not_given,FALSE,FALSE,not_given,FALSE,not_given,TRUE,not_given,FALSE,FALSE,not_given,TRUE,FALSE,not_given,FALSE,FALSE,not_given,FALSE,not_given,TRUE,FALSE,FALSE,not_given,not_given,FALSE,FALSE,FALSE,FALSE,FALSE,FALSE,FALSE,FALSE,FALSE,FALSE,hexacorallia,FALSE,FALSE,FALSE,TRUE
acetabularia,mermaid,,,plantae,chlorophyta,dasycladales,polyphysaceae,acetabularia,not_given,FALSE,FALSE,FALSE,FALSE,FALSE,FALSE,FALSE,FALSE,FALSE,FALSE,FALSE,FALSE,FALSE,FALSE,FALSE,FALSE,FALSE,FALSE,FALSE,FALSE,FALSE,FALSE,FALSE,FALSE,FALSE,TRUE,FALSE,FALSE,FALSE,FALSE,FALSE,FALSE,FALSE,ulvophyceae,FALSE,FALSE,FALSE,FALSE
acropora,mermaid,acropora alive,coralscapes_v2,animalia,cnidaria,scleractinia,acroporidae,acropora,not_given,FALSE,not_given,FALSE,FALSE,FALSE,FALSE,FALSE,not_given,FALSE,FALSE,FALSE,FALSE,FALSE,FALSE,TRUE,not_given,FALSE,FALSE,FALSE,not_given,not_given,FALSE,FALSE,not_given,FALSE,FALSE,FALSE,FALSE,FALSE,FALSE,FALSE,FALSE,FALSE,hexacorallia,FALSE,FALSE,FALSE,TRUE
acropora abrolhosensis,mermaid,,,animalia,cnidaria,scleractinia,acroporidae,acropora,acropora_abrolhosensis,FALSE,not_given,FALSE,FALSE,FALSE,FALSE,FALSE,not_given,FALSE,FALSE,FALSE,FALSE,FALSE,FALSE,TRUE,FALSE,FALSE,FALSE,FALSE,TRUE,not_given,FALSE,FALSE,FALSE,FALSE,FALSE,FALSE,FALSE,FALSE,FALSE,FALSE,FALSE,FALSE,hexacorallia,FALSE,FALSE,FALSE,TRUE
acropora abrotanoides,mermaid,,,animalia,cnidaria,scleractinia,acroporidae,acropora,acropora_abrotanoides,FALSE,not_given,FALSE,FALSE,FALSE,FALSE,FALSE,not_given,FALSE,FALSE,FALSE,FALSE,FALSE,FALSE,TRUE,not_given,FALSE,FALSE,FALSE,not_given,not_given,FALSE,FALSE,not_given,FALSE,FALSE,FALSE,FALSE,FALSE,FALSE,FALSE,FALSE,FALSE,hexacorallia,FALSE,FALSE,FALSE,TRUE
acropora aculeus,mermaid,,,animalia,cnidaria,scleractinia,acroporidae,acropora,acropora_aculeus,FALSE,TRUE,FALSE,FALSE,FALSE,FALSE,FALSE,not_given,FALSE,FALSE,FALSE,FALSE,FALSE,FALSE,TRUE,FALSE,FALSE,FALSE,FALSE,FALSE,not_given,FALSE,FALSE,FALSE,FALSE,FALSE,FALSE,FALSE,FALSE,FALSE,FALSE,FALSE,FALSE,hexacorallia,FALSE,FALSE,FALSE,TRUE
acropora acuminata,mermaid,,,animalia,cnidaria,scleractinia,acroporidae,acropora,acropora_acuminata,FALSE,FALSE,FALSE,FALSE,FALSE,FALSE,FALSE,FALSE,FALSE,FALSE,FALSE,FALSE,FALSE,FALSE,TRUE,not_given,FALSE,FALSE,FALSE,not_given,not_given,FALSE,FALSE,TRUE,FALSE,FALSE,FALSE,FALSE,FALSE,FALSE,FALSE,FALSE,FALSE,hexacorallia,FALSE,FALSE,FALSE,TRUE
acropora anthocercis,mermaid,,,animalia,cnidaria,scleractinia,acroporidae,acropora,acropora_anthocercis,FALSE,TRUE,FALSE,FALSE,FALSE,FALSE,TRUE,FALSE,FALSE,FALSE,FALSE,FALSE,FALSE,FALSE,TRUE,TRUE,FALSE,FALSE,FALSE,FALSE,FALSE,FALSE,FALSE,FALSE,FALSE,FALSE,FALSE,FALSE,FALSE,FALSE,FALSE,FALSE,FALSE,hexacorallia,FALSE,FALSE,FALSE,TRUE
acropora arabensis,mermaid,,,animalia,cnidaria,scleractinia,acroporidae,acropora,acropora_arabensis,FALSE,not_given,FALSE,FALSE,FALSE,FALSE,FALSE,not_given,FALSE,FALSE,FALSE,FALSE,FALSE,FALSE,TRUE,FALSE,FALSE,FALSE,FALSE,not_given,TRUE,FALSE,FALSE,FALSE,FALSE,FALSE,FALSE,FALSE,FALSE,FALSE,FALSE,FALSE,FALSE,hexacorallia,FALSE,FALSE,FALSE,TRUE
acropora aspera,mermaid,,,animalia,cnidaria,scleractinia,acroporidae,acropora,acropora_aspera,FALSE,TRUE,FALSE,FALSE,FALSE,FALSE,FALSE,FALSE,FALSE,FALSE,FALSE,FALSE,FALSE,FALSE,TRUE,FALSE,FALSE,FALSE,FALSE,FALSE,not_given,FALSE,FALSE,TRUE,FALSE,FALSE,FALSE,FALSE,FALSE,FALSE,FALSE,FALSE,FALSE,hexacorallia,FALSE,FALSE,FALSE,TRUE
acropora austera,mermaid,,,animalia,cnidaria,scleractinia,acroporidae,acropora,acropora_austera,FALSE,not_given,FALSE,FALSE,FALSE,FALSE,FALSE,not_given,FALSE,FALSE,FALSE,FALSE,FALSE,FALSE,TRUE,FALSE,FALSE,FALSE,FALSE,TRUE,not_given,FALSE,FALSE,FALSE,FALSE,FALSE,FALSE,FALSE,FALSE,FALSE,FALSE,FALSE,FALSE,hexacorallia,FALSE,FALSE,FALSE,TRUE
acropora cervicornis,mermaid,,,animalia,cnidaria,scleractinia,acroporidae,acropora,acropora_cervicornis,FALSE,not_given,FALSE,FALSE,FALSE,FALSE,FALSE,not_given,FALSE,FALSE,FALSE,FALSE,FALSE,FALSE,TRUE,FALSE,FALSE,FALSE,FALSE,TRUE,not_given,FALSE,FALSE,FALSE,FALSE,FALSE,FALSE,FALSE,FALSE,FALSE,FALSE,FALSE,FALSE,hexacorallia,FALSE,FALSE,FALSE,TRUE
acropora clathrata,mermaid,,,animalia,cnidaria,scleractinia,acroporidae,acropora,acropora_clathrata,FALSE,FALSE,FALSE,FALSE,FALSE,FALSE,FALSE,FALSE,FALSE,FALSE,FALSE,FALSE,FALSE,FALSE,TRUE,TRUE,FALSE,FALSE,FALSE,not_given,FALSE,FALSE,FALSE,TRUE,FALSE,FALSE,FALSE,FALSE,FALSE,FALSE,FALSE,FALSE,FALSE,hexacorallia,FALSE,FALSE,FALSE,TRUE
acropora cytherea,mermaid,,,animalia,cnidaria,scleractinia,acroporidae,acropora,acropora_cytherea,FALSE,FALSE,FALSE,FALSE,FALSE,FALSE,FALSE,FALSE,FALSE,FALSE,FALSE,FALSE,FALSE,FALSE,TRUE,not_given,FALSE,FALSE,FALSE,not_given,not_given,FALSE,FALSE,TRUE,FALSE,FALSE,FALSE,FALSE,FALSE,FALSE,FALSE,FALSE,FALSE,hexacorallia,FALSE,FALSE,FALSE,TRUE
acropora divaricata,mermaid,,,animalia,cnidaria,scleractinia,acroporidae,acropora,acropora_divaricata,FALSE,FALSE,FALSE,FALSE,FALSE,FALSE,FALSE,FALSE,FALSE,FALSE,FALSE,FALSE,FALSE,FALSE,TRUE,TRUE,FALSE,FALSE,FALSE,not_given,not_given,FALSE,FALSE,not_given,FALSE,FALSE,FALSE,FALSE,FALSE,FALSE,FALSE,FALSE,FALSE,hexacorallia,FALSE,FALSE,FALSE,TRUE
acropora downingi,mermaid,,,animalia,cnidaria,scleractinia,acroporidae,acropora,acropora_downingi,FALSE,FALSE,FALSE,FALSE,FALSE,FALSE,FALSE,FALSE,FALSE,FALSE,FALSE,FALSE,FALSE,FALSE,TRUE,TRUE,FALSE,FALSE,FALSE,not_given,FALSE,FALSE,FALSE,TRUE,FALSE,FALSE,FALSE,FALSE,FALSE,FALSE,FALSE,FALSE,FALSE,hexacorallia,FALSE,FALSE,FALSE,TRUE
acropora elseyi,mermaid,,,animalia,cnidaria,scleractinia,acroporidae,acropora,acropora_elseyi,FALSE,not_given,FALSE,FALSE,FALSE,FALSE,FALSE,not_given,FALSE,FALSE,FALSE,FALSE,FALSE,FALSE,TRUE,FALSE,FALSE,FALSE,FALSE,TRUE,not_given,FALSE,FALSE,FALSE,FALSE,FALSE,FALSE,FALSE,FALSE,FALSE,FALSE,FALSE,FALSE,hexacorallia,FALSE,FALSE,FALSE,TRUE
acropora florida,mermaid,,,animalia,cnidaria,scleractinia,acroporidae,acropora,acropora_florida,FALSE,FALSE,FALSE,FALSE,FALSE,FALSE,FALSE,FALSE,FALSE,FALSE,FALSE,FALSE,FALSE,FALSE,TRUE,FALSE,FALSE,FALSE,FALSE,not_given,not_given,FALSE,FALSE,TRUE,FALSE,FALSE,FALSE,FALSE,FALSE,FALSE,FALSE,FALSE,FALSE,hexacorallia,FALSE,FALSE,FALSE,TRUE
acropora gemmifera,mermaid,,,animalia,cnidaria,scleractinia,acroporidae,acropora,acropora_gemmifera,FALSE,not_given,FALSE,FALSE,FALSE,FALSE,FALSE,not_given,FALSE,FALSE,FALSE,FALSE,FALSE,FALSE,TRUE,FALSE,FALSE,FALSE,FALSE,FALSE,TRUE,FALSE,FALSE,FALSE,FALSE,FALSE,FALSE,FALSE,FALSE,FALSE,FALSE,FALSE,FALSE,hexacorallia,FALSE,FALSE,FALSE,TRUE
acropora humilis,mermaid,,,animalia,cnidaria,scleractinia,acroporidae,acropora,acropora_humilis,FALSE,not_given,FALSE,FALSE,FALSE,FALSE,FALSE,not_given,FALSE,FALSE,FALSE,FALSE,FALSE,FALSE,TRUE,FALSE,FALSE,FALSE,FALSE,FALSE,TRUE,FALSE,FALSE,FALSE,FALSE,FALSE,FALSE,FALSE,FALSE,FALSE,FALSE,FALSE,FALSE,hexacorallia,FALSE,FALSE,FALSE,TRUE
acropora hyacinthus,mermaid,,,animalia,cnidaria,scleractinia,acroporidae,acropora,acropora_hyacinthus,FALSE,FALSE,FALSE,FALSE,FALSE,FALSE,FALSE,FALSE,FALSE,FALSE,FALSE,FALSE,FALSE,FALSE,TRUE,TRUE,FALSE,FALSE,FALSE,FALSE,FALSE,FALSE,FALSE,TRUE,FALSE,FALSE,FALSE,FALSE,FALSE,FALSE,FALSE,FALSE,FALSE,hexacorallia,FALSE,FALSE,FALSE,TRUE
acropora loisetteae,mermaid,,,animalia,cnidaria,scleractinia,acroporidae,acropora,acropora_loisetteae,FALSE,not_given,FALSE,FALSE,FALSE,FALSE,FALSE,not_given,FALSE,FALSE,FALSE,FALSE,FALSE,FALSE,TRUE,FALSE,FALSE,FALSE,FALSE,TRUE,not_given,FALSE,FALSE,FALSE,FALSE,FALSE,FALSE,FALSE,FALSE,FALSE,FALSE,FALSE,FALSE,hexacorallia,FALSE,FALSE,FALSE,TRUE
acropora loripes,mermaid,,,animalia,cnidaria,scleractinia,acroporidae,acropora,acropora_loripes,FALSE,FALSE,FALSE,FALSE,FALSE,FALSE,FALSE,TRUE,FALSE,FALSE,FALSE,FALSE,FALSE,FALSE,TRUE,TRUE,FALSE,FALSE,FALSE,not_given,not_given,FALSE,FALSE,not_given,FALSE,FALSE,FALSE,FALSE,FALSE,FALSE,FALSE,FALSE,FALSE,hexacorallia,FALSE,FALSE,FALSE,TRUE
acropora millepora,mermaid,,,animalia,cnidaria,scleractinia,acroporidae,acropora,acropora_millepora,FALSE,TRUE,FALSE,FALSE,FALSE,FALSE,FALSE,not_given,FALSE,FALSE,FALSE,FALSE,FALSE,FALSE,TRUE,FALSE,FALSE,FALSE,FALSE,FALSE,not_given,FALSE,FALSE,FALSE,FALSE,FALSE,FALSE,FALSE,FALSE,FALSE,FALSE,FALSE,FALSE,hexacorallia,FALSE,FALSE,FALSE,TRUE
acropora monticulosa,mermaid,,,animalia,cnidaria,scleractinia,acroporidae,acropora,acropora_monticulosa,FALSE,not_given,FALSE,FALSE,FALSE,FALSE,FALSE,not_given,FALSE,FALSE,FALSE,FALSE,FALSE,FALSE,TRUE,FALSE,FALSE,FALSE,FALSE,FALSE,TRUE,FALSE,FALSE,FALSE,FALSE,FALSE,FALSE,FALSE,FALSE,FALSE,FALSE,FALSE,FALSE,hexacorallia,FALSE,FALSE,FALSE,TRUE
acropora muricata,mermaid,,,animalia,cnidaria,scleractinia,acroporidae,acropora,acropora_muricata,FALSE,FALSE,FALSE,FALSE,FALSE,FALSE,FALSE,not_given,FALSE,FALSE,FALSE,FALSE,FALSE,FALSE,TRUE,FALSE,FALSE,FALSE,FALSE,TRUE,FALSE,FALSE,FALSE,FALSE,FALSE,FALSE,FALSE,FALSE,FALSE,FALSE,FALSE,FALSE,FALSE,hexacorallia,FALSE,FALSE,FALSE,TRUE
acropora nasuta,mermaid,,,animalia,cnidaria,scleractinia,acroporidae,acropora,acropora_nasuta,FALSE,TRUE,FALSE,FALSE,FALSE,FALSE,FALSE,not_given,FALSE,FALSE,FALSE,FALSE,FALSE,FALSE,TRUE,FALSE,FALSE,FALSE,FALSE,FALSE,not_given,FALSE,FALSE,FALSE,FALSE,FALSE,FALSE,FALSE,FALSE,FALSE,FALSE,FALSE,FALSE,hexacorallia,FALSE,FALSE,FALSE,TRUE
acropora palmata,mermaid,,,animalia,cnidaria,scleractinia,acroporidae,acropora,acropora_palmata,FALSE,FALSE,FALSE,FALSE,FALSE,FALSE,FALSE,FALSE,FALSE,FALSE,FALSE,FALSE,FALSE,FALSE,TRUE,TRUE,FALSE,FALSE,FALSE,FALSE,FALSE,FALSE,FALSE,not_given,FALSE,FALSE,FALSE,FALSE,FALSE,FALSE,FALSE,FALSE,FALSE,hexacorallia,FALSE,FALSE,FALSE,TRUE
acropora pharaonis,mermaid,,,animalia,cnidaria,scleractinia,acroporidae,acropora,acropora_pharaonis,FALSE,FALSE,FALSE,FALSE,FALSE,FALSE,FALSE,FALSE,FALSE,FALSE,FALSE,FALSE,FALSE,FALSE,TRUE,not_given,FALSE,FALSE,FALSE,not_given,not_given,FALSE,FALSE,TRUE,FALSE,FALSE,FALSE,FALSE,FALSE,FALSE,FALSE,FALSE,FALSE,hexacorallia,FALSE,FALSE,FALSE,TRUE
acropora prolifera,mermaid,,,animalia,cnidaria,scleractinia,acroporidae,acropora,acropora_prolifera,FALSE,FALSE,FALSE,FALSE,FALSE,FALSE,FALSE,not_given,FALSE,FALSE,FALSE,FALSE,FALSE,FALSE,TRUE,FALSE,FALSE,FALSE,FALSE,not_given,FALSE,FALSE,FALSE,FALSE,FALSE,FALSE,FALSE,FALSE,FALSE,FALSE,FALSE,FALSE,FALSE,hexacorallia,FALSE,FALSE,FALSE,TRUE
acropora samoensis,mermaid,,,animalia,cnidaria,scleractinia,acroporidae,acropora,acropora_samoensis,FALSE,TRUE,FALSE,FALSE,FALSE,FALSE,FALSE,not_given,FALSE,FALSE,FALSE,FALSE,FALSE,FALSE,TRUE,FALSE,FALSE,FALSE,FALSE,FALSE,TRUE,FALSE,FALSE,FALSE,FALSE,FALSE,FALSE,FALSE,FALSE,FALSE,FALSE,FALSE,FALSE,hexacorallia,FALSE,FALSE,FALSE,TRUE
acropora secale,mermaid,,,animalia,cnidaria,scleractinia,acroporidae,acropora,acropora_secale,FALSE,not_given,FALSE,FALSE,FALSE,FALSE,FALSE,TRUE,FALSE,FALSE,FALSE,FALSE,FALSE,FALSE,TRUE,FALSE,FALSE,FALSE,FALSE,FALSE,not_given,FALSE,FALSE,FALSE,FALSE,FALSE,FALSE,FALSE,FALSE,FALSE,FALSE,FALSE,FALSE,hexacorallia,FALSE,FALSE,FALSE,TRUE
acropora spathulata,mermaid,,,animalia,cnidaria,scleractinia,acroporidae,acropora,acropora_spathulata,FALSE,TRUE,FALSE,FALSE,FALSE,FALSE,FALSE,not_given,FALSE,FALSE,FALSE,FALSE,FALSE,FALSE,TRUE,FALSE,FALSE,FALSE,FALSE,FALSE,not_given,FALSE,FALSE,FALSE,FALSE,FALSE,FALSE,FALSE,FALSE,FALSE,FALSE,FALSE,FALSE,hexacorallia,FALSE,FALSE,FALSE,TRUE
acropora squarrosa,mermaid,,,animalia,cnidaria,scleractinia,acroporidae,acropora,acropora_squarrosa,FALSE,not_given,FALSE,FALSE,FALSE,FALSE,FALSE,TRUE,FALSE,FALSE,FALSE,FALSE,FALSE,FALSE,TRUE,FALSE,FALSE,FALSE,FALSE,not_given,FALSE,FALSE,FALSE,FALSE,FALSE,FALSE,FALSE,FALSE,FALSE,FALSE,FALSE,FALSE,FALSE,hexacorallia,FALSE,FALSE,FALSE,TRUE
acropora tenuis,mermaid,,,animalia,cnidaria,scleractinia,acroporidae,acropora,acropora_tenuis,FALSE,TRUE,FALSE,FALSE,FALSE,FALSE,FALSE,not_given,FALSE,FALSE,FALSE,FALSE,FALSE,FALSE,TRUE,FALSE,FALSE,FALSE,FALSE,FALSE,FALSE,FALSE,FALSE,FALSE,FALSE,FALSE,FALSE,FALSE,FALSE,FALSE,FALSE,FALSE,FALSE,hexacorallia,FALSE,FALSE,FALSE,TRUE
acropora tortuosa,mermaid,,,animalia,cnidaria,scleractinia,acroporidae,acropora,acropora_tortuosa,FALSE,not_given,FALSE,FALSE,FALSE,FALSE,FALSE,not_given,FALSE,FALSE,FALSE,FALSE,FALSE,FALSE,TRUE,not_given,FALSE,FALSE,FALSE,not_given,not_given,FALSE,FALSE,not_given,FALSE,FALSE,FALSE,FALSE,FALSE,FALSE,FALSE,FALSE,FALSE,hexacorallia,FALSE,FALSE,FALSE,TRUE
acropora valida,mermaid,,,animalia,cnidaria,scleractinia,acroporidae,acropora,acropora_valida,FALSE,FALSE,FALSE,FALSE,FALSE,FALSE,FALSE,TRUE,FALSE,FALSE,FALSE,FALSE,FALSE,FALSE,TRUE,not_given,FALSE,FALSE,FALSE,not_given,not_given,FALSE,FALSE,TRUE,FALSE,FALSE,FALSE,FALSE,FALSE,FALSE,FALSE,FALSE,FALSE,hexacorallia,FALSE,FALSE,FALSE,TRUE
acroporidae,mermaid,,,animalia,cnidaria,scleractinia,acroporidae,not_given,not_given,not_given,not_given,not_given,not_given,not_given,not_given,not_given,not_given,not_given,not_given,FALSE,FALSE,not_given,FALSE,not_given,not_given,FALSE,not_given,not_given,not_given,not_given,not_given,FALSE,not_given,FALSE,FALSE,FALSE,FALSE,FALSE,FALSE,FALSE,FALSE,FALSE,hexacorallia,FALSE,FALSE,FALSE,TRUE
actinaria,mermaid,anemone,coralscapes_v2,animalia,cnidaria,actiniaria,not_given,not_given,not_given,not_given,not_given,not_given,not_given,not_given,not_given,not_given,not_given,not_given,not_given,not_given,not_given,not_given,not_given,not_given,not_given,not_given,not_given,not_given,not_given,not_given,not_given,not_given,not_given,FALSE,FALSE,FALSE,FALSE,FALSE,FALSE,FALSE,FALSE,FALSE,hexacorallia,FALSE,FALSE,FALSE,TRUE
agaricia,mermaid,,,animalia,cnidaria,scleractinia,agariciidae,agaricia,not_given,not_given,not_given,not_given,not_given,not_given,not_given,not_given,not_given,not_given,not_given,FALSE,FALSE,not_given,FALSE,not_given,not_given,FALSE,not_given,not_given,not_given,not_given,not_given,FALSE,not_given,FALSE,FALSE,FALSE,FALSE,FALSE,FALSE,FALSE,FALSE,FALSE,hexacorallia,FALSE,FALSE,FALSE,TRUE
agaricia agaricites,mermaid,,,animalia,cnidaria,scleractinia,agariciidae,agaricia,agaricia_agaricites,FALSE,FALSE,not_given,FALSE,not_given,not_given,TRUE,FALSE,not_given,not_given,FALSE,FALSE,TRUE,FALSE,FALSE,TRUE,FALSE,not_given,not_given,FALSE,FALSE,not_given,FALSE,FALSE,FALSE,FALSE,FALSE,FALSE,FALSE,FALSE,FALSE,FALSE,FALSE,hexacorallia,FALSE,FALSE,FALSE,TRUE
agaricia fragilis,mermaid,,,animalia,cnidaria,scleractinia,agariciidae,agaricia,agaricia_fragilis,FALSE,FALSE,not_given,FALSE,not_given,not_given,not_given,FALSE,not_given,not_given,FALSE,FALSE,not_given,FALSE,FALSE,TRUE,FALSE,not_given,not_given,FALSE,FALSE,not_given,FALSE,not_given,FALSE,FALSE,FALSE,FALSE,FALSE,FALSE,FALSE,FALSE,FALSE,hexacorallia,FALSE,FALSE,FALSE,TRUE
agaricia grahamae,mermaid,,,animalia,cnidaria,scleractinia,agariciidae,agaricia,agaricia_grahamae,not_given,FALSE,not_given,not_given,not_given,not_given,not_given,FALSE,not_given,not_given,FALSE,FALSE,not_given,FALSE,not_given,TRUE,FALSE,not_given,not_given,not_given,not_given,not_given,FALSE,not_given,FALSE,FALSE,FALSE,FALSE,FALSE,FALSE,FALSE,FALSE,FALSE,hexacorallia,FALSE,FALSE,FALSE,TRUE
agaricia humilis,mermaid,,,animalia,cnidaria,scleractinia,agariciidae,agaricia,agaricia_humilis,FALSE,FALSE,not_given,FALSE,not_given,not_given,TRUE,not_given,not_given,not_given,FALSE,FALSE,TRUE,FALSE,FALSE,not_given,FALSE,not_given,not_given,FALSE,FALSE,not_given,FALSE,FALSE,FALSE,FALSE,FALSE,FALSE,FALSE,FALSE,FALSE,FALSE,FALSE,hexacorallia,FALSE,FALSE,FALSE,TRUE
agaricia lamarcki,mermaid,,,animalia,cnidaria,scleractinia,agariciidae,agaricia,agaricia_lamarcki,FALSE,FALSE,not_given,FALSE,not_given,not_given,TRUE,FALSE,not_given,not_given,FALSE,FALSE,not_given,FALSE,FALSE,TRUE,FALSE,not_given,not_given,FALSE,FALSE,not_given,FALSE,FALSE,FALSE,FALSE,FALSE,FALSE,FALSE,FALSE,FALSE,FALSE,FALSE,hexacorallia,FALSE,FALSE,FALSE,TRUE
agaricia tenuifolia,mermaid,,,animalia,cnidaria,scleractinia,agariciidae,agaricia,agaricia_tenuifolia,not_given,FALSE,not_given,not_given,not_given,not_given,not_given,FALSE,TRUE,not_given,FALSE,FALSE,not_given,FALSE,not_given,TRUE,FALSE,not_given,not_given,not_given,not_given,not_given,FALSE,not_given,FALSE,FALSE,FALSE,FALSE,FALSE,FALSE,FALSE,FALSE,FALSE,hexacorallia,FALSE,FALSE,FALSE,TRUE
agaricia undata,mermaid,,,animalia,cnidaria,scleractinia,agariciidae,agaricia,agaricia_undata,not_given,FALSE,not_given,not_given,not_given,not_given,not_given,FALSE,not_given,not_given,FALSE,FALSE,not_given,FALSE,not_given,TRUE,FALSE,not_given,not_given,not_given,not_given,not_given,FALSE,not_given,FALSE,FALSE,FALSE,FALSE,FALSE,FALSE,FALSE,FALSE,FALSE,hexacorallia,FALSE,FALSE,FALSE,TRUE
agariciidae,mermaid,,,animalia,cnidaria,scleractinia,agariciidae,not_given,not_given,not_given,not_given,not_given,not_given,not_given,not_given,not_given,not_given,not_given,not_given,FALSE,FALSE,not_given,FALSE,not_given,not_given,FALSE,not_given,not_given,not_given,not_given,not_given,FALSE,not_given,FALSE,FALSE,FALSE,FALSE,FALSE,FALSE,FALSE,FALSE,FALSE,hexacorallia,FALSE,FALSE,FALSE,TRUE
agelas,mermaid,,,animalia,porifera,agelasida,agelasidae,agelas,not_given,FALSE,FALSE,FALSE,FALSE,FALSE,FALSE,FALSE,FALSE,FALSE,FALSE,FALSE,FALSE,FALSE,FALSE,FALSE,FALSE,FALSE,FALSE,FALSE,FALSE,FALSE,FALSE,FALSE,FALSE,FALSE,FALSE,FALSE,FALSE,FALSE,FALSE,FALSE,FALSE,FALSE,demospongiae,FALSE,FALSE,FALSE,TRUE
agelas cerebrum,mermaid,,,animalia,porifera,agelasida,agelasidae,agelas,agelas_cerebrum,FALSE,FALSE,FALSE,FALSE,FALSE,FALSE,FALSE,FALSE,FALSE,FALSE,FALSE,FALSE,FALSE,FALSE,FALSE,FALSE,FALSE,FALSE,FALSE,FALSE,FALSE,FALSE,FALSE,FALSE,FALSE,FALSE,FALSE,FALSE,FALSE,FALSE,FALSE,FALSE,FALSE,demospongiae,FALSE,FALSE,FALSE,TRUE
agelas clathrodes,mermaid,,,animalia,porifera,agelasida,agelasidae,agelas,agelas_clathrodes,FALSE,FALSE,FALSE,FALSE,FALSE,FALSE,FALSE,FALSE,FALSE,FALSE,FALSE,FALSE,FALSE,FALSE,FALSE,FALSE,FALSE,FALSE,FALSE,FALSE,FALSE,FALSE,FALSE,FALSE,FALSE,FALSE,FALSE,FALSE,FALSE,FALSE,FALSE,FALSE,FALSE,demospongiae,FALSE,FALSE,FALSE,TRUE
agelas conifera,mermaid,,,animalia,porifera,agelasida,agelasidae,agelas,agelas_conifera,FALSE,FALSE,FALSE,FALSE,FALSE,FALSE,FALSE,FALSE,FALSE,FALSE,FALSE,FALSE,FALSE,FALSE,FALSE,FALSE,FALSE,FALSE,FALSE,FALSE,FALSE,FALSE,FALSE,FALSE,FALSE,FALSE,FALSE,FALSE,FALSE,FALSE,FALSE,FALSE,FALSE,demospongiae,FALSE,FALSE,FALSE,TRUE
agelas tubulata,mermaid,,,animalia,porifera,agelasida,agelasidae,agelas,agelas_tubulata,FALSE,FALSE,FALSE,FALSE,FALSE,FALSE,FALSE,FALSE,FALSE,FALSE,FALSE,FALSE,FALSE,FALSE,FALSE,FALSE,FALSE,FALSE,FALSE,FALSE,FALSE,FALSE,FALSE,FALSE,FALSE,FALSE,FALSE,FALSE,FALSE,FALSE,FALSE,FALSE,FALSE,demospongiae,FALSE,FALSE,FALSE,TRUE
aglaophenia,mermaid,,,animalia,cnidaria,leptothecata,aglaopheniidae,aglaophenia,not_given,not_given,not_given,not_given,not_given,not_given,not_given,not_given,not_given,not_given,not_given,not_given,not_given,not_given,not_given,not_given,not_given,not_given,not_given,not_given,not_given,not_given,not_given,not_given,not_given,FALSE,FALSE,FALSE,FALSE,FALSE,FALSE,FALSE,FALSE,FALSE,hydrozoa,FALSE,FALSE,FALSE,TRUE
aiolochroia,mermaid,,,animalia,porifera,verongiida,aplysinidae,aiolochroia,not_given,FALSE,FALSE,FALSE,FALSE,FALSE,FALSE,FALSE,FALSE,FALSE,FALSE,FALSE,FALSE,FALSE,FALSE,FALSE,FALSE,FALSE,FALSE,FALSE,FALSE,FALSE,FALSE,FALSE,FALSE,FALSE,FALSE,FALSE,FALSE,FALSE,FALSE,FALSE,FALSE,FALSE,demospongiae,FALSE,FALSE,FALSE,TRUE
aiolochroia crassa,mermaid,,,animalia,porifera,verongiida,aplysinidae,aiolochroia,aiolochroia_crassa,FALSE,FALSE,FALSE,FALSE,FALSE,FALSE,FALSE,FALSE,FALSE,FALSE,FALSE,FALSE,FALSE,FALSE,FALSE,FALSE,FALSE,FALSE,FALSE,FALSE,FALSE,FALSE,FALSE,FALSE,FALSE,FALSE,FALSE,FALSE,FALSE,FALSE,FALSE,FALSE,FALSE,demospongiae,FALSE,FALSE,FALSE,TRUE
alcyonacea,mermaid,soft coral (malacalcyonacea) alive,coralscapes_v2,animalia,cnidaria,malacalcyonacea,not_given,not_given,not_given,not_given,not_given,not_given,not_given,not_given,not_given,not_given,not_given,not_given,not_given,not_given,not_given,not_given,not_given,not_given,not_given,not_given,not_given,not_given,not_given,not_given,not_given,not_given,not_given,FALSE,FALSE,FALSE,FALSE,FALSE,FALSE,FALSE,FALSE,FALSE,octocorallia,FALSE,FALSE,FALSE,TRUE
alcyoniidae,mermaid,,,animalia,cnidaria,malacalcyonacea,alcyoniidae,not_given,not_given,not_given,not_given,not_given,not_given,not_given,not_given,not_given,not_given,not_given,not_given,not_given,not_given,not_given,not_given,not_given,not_given,not_given,not_given,not_given,not_given,not_given,not_given,not_given,not_given,FALSE,FALSE,FALSE,FALSE,FALSE,FALSE,FALSE,FALSE,FALSE,octocorallia,FALSE,FALSE,FALSE,TRUE
alveopora,mermaid,,,animalia,cnidaria,scleractinia,acroporidae,alveopora,not_given,not_given,not_given,not_given,not_given,not_given,not_given,not_given,not_given,not_given,not_given,FALSE,FALSE,not_given,FALSE,not_given,not_given,FALSE,not_given,not_given,not_given,not_given,not_given,FALSE,not_given,FALSE,FALSE,FALSE,FALSE,FALSE,FALSE,FALSE,FALSE,FALSE,hexacorallia,FALSE,FALSE,FALSE,TRUE
alveopora tizardi,mermaid,,,animalia,cnidaria,scleractinia,acroporidae,alveopora,alveopora_tizardi,FALSE,FALSE,not_given,FALSE,not_given,not_given,not_given,not_given,not_given,not_given,FALSE,FALSE,TRUE,TRUE,FALSE,FALSE,FALSE,not_given,not_given,FALSE,FALSE,not_given,FALSE,FALSE,FALSE,FALSE,FALSE,FALSE,FALSE,FALSE,FALSE,FALSE,FALSE,hexacorallia,FALSE,FALSE,FALSE,TRUE
amansia,mermaid,,,not_given,rhodophyta,ceramiales,rhodomelaceae,amansia,not_given,FALSE,FALSE,FALSE,FALSE,FALSE,FALSE,FALSE,FALSE,FALSE,FALSE,FALSE,FALSE,FALSE,FALSE,FALSE,FALSE,FALSE,FALSE,FALSE,FALSE,FALSE,FALSE,FALSE,FALSE,FALSE,TRUE,FALSE,not_given,FALSE,FALSE,FALSE,FALSE,FALSE,florideophyceae,FALSE,FALSE,FALSE,FALSE
amphibolis,mermaid,,,plantae,not_given,alismatales,cymodoceaceae,amphibolis,not_given,FALSE,FALSE,FALSE,FALSE,FALSE,FALSE,FALSE,FALSE,FALSE,FALSE,FALSE,FALSE,FALSE,FALSE,FALSE,FALSE,FALSE,FALSE,FALSE,FALSE,FALSE,FALSE,FALSE,FALSE,FALSE,FALSE,FALSE,FALSE,FALSE,FALSE,FALSE,FALSE,FALSE,not_given,FALSE,FALSE,FALSE,FALSE
amphibolis antarctica,mermaid,,,plantae,not_given,alismatales,cymodoceaceae,amphibolis,amphibolis_antarctica,FALSE,FALSE,FALSE,FALSE,FALSE,FALSE,FALSE,FALSE,FALSE,FALSE,FALSE,FALSE,FALSE,FALSE,FALSE,FALSE,FALSE,FALSE,FALSE,FALSE,FALSE,FALSE,FALSE,FALSE,FALSE,FALSE,FALSE,FALSE,FALSE,FALSE,FALSE,FALSE,FALSE,not_given,FALSE,FALSE,FALSE,FALSE
amphimedon,mermaid,,,animalia,porifera,haplosclerida,niphatidae,amphimedon,not_given,FALSE,FALSE,FALSE,FALSE,FALSE,FALSE,FALSE,FALSE,FALSE,FALSE,FALSE,FALSE,FALSE,FALSE,FALSE,FALSE,FALSE,FALSE,FALSE,FALSE,FALSE,FALSE,FALSE,FALSE,FALSE,FALSE,FALSE,FALSE,FALSE,FALSE,FALSE,FALSE,FALSE,demospongiae,FALSE,FALSE,FALSE,TRUE
amphimedon compressa,mermaid,,,animalia,porifera,haplosclerida,niphatidae,amphimedon,amphimedon_compressa,FALSE,FALSE,FALSE,FALSE,FALSE,FALSE,FALSE,FALSE,FALSE,FALSE,FALSE,FALSE,FALSE,FALSE,FALSE,FALSE,FALSE,FALSE,FALSE,FALSE,FALSE,FALSE,FALSE,FALSE,FALSE,FALSE,FALSE,FALSE,FALSE,FALSE,FALSE,FALSE,FALSE,demospongiae,FALSE,FALSE,FALSE,TRUE
amphimedon viridis,mermaid,,,animalia,porifera,haplosclerida,niphatidae,amphimedon,amphimedon_viridis,FALSE,FALSE,FALSE,FALSE,FALSE,FALSE,FALSE,FALSE,FALSE,FALSE,FALSE,FALSE,FALSE,FALSE,FALSE,FALSE,FALSE,FALSE,FALSE,FALSE,FALSE,FALSE,FALSE,FALSE,FALSE,FALSE,FALSE,FALSE,FALSE,FALSE,FALSE,FALSE,FALSE,demospongiae,FALSE,FALSE,FALSE,TRUE
amphiroa,mermaid,,,not_given,rhodophyta,corallinales,corallinaceae,amphiroa,not_given,FALSE,FALSE,FALSE,FALSE,FALSE,FALSE,FALSE,FALSE,FALSE,FALSE,FALSE,FALSE,FALSE,FALSE,FALSE,FALSE,FALSE,FALSE,FALSE,FALSE,FALSE,FALSE,FALSE,FALSE,FALSE,TRUE,FALSE,not_given,FALSE,FALSE,FALSE,FALSE,FALSE,florideophyceae,FALSE,FALSE,FALSE,FALSE
anacropora,mermaid,,,animalia,cnidaria,scleractinia,acroporidae,anacropora,not_given,not_given,not_given,not_given,not_given,FALSE,not_given,FALSE,not_given,FALSE,not_given,FALSE,FALSE,FALSE,FALSE,TRUE,not_given,FALSE,FALSE,not_given,not_given,not_given,not_given,FALSE,not_given,FALSE,FALSE,FALSE,FALSE,FALSE,FALSE,FALSE,FALSE,FALSE,hexacorallia,FALSE,FALSE,FALSE,TRUE
anemone,mermaid,anemone,coralscapes_v2,animalia,cnidaria,actiniaria,not_given,not_given,not_given,not_given,not_given,not_given,not_given,not_given,not_given,not_given,not_given,not_given,not_given,not_given,not_given,not_given,not_given,not_given,not_given,not_given,not_given,not_given,not_given,not_given,not_given,not_given,not_given,FALSE,FALSE,FALSE,FALSE,FALSE,FALSE,FALSE,FALSE,FALSE,hexacorallia,FALSE,FALSE,FALSE,TRUE
annella,mermaid,,,animalia,cnidaria,malacalcyonacea,subergorgiidae,annella,not_given,not_given,not_given,not_given,not_given,not_given,not_given,not_given,not_given,not_given,not_given,not_given,not_given,not_given,not_given,not_given,not_given,not_given,not_given,not_given,not_given,not_given,not_given,not_given,not_given,FALSE,FALSE,FALSE,FALSE,FALSE,FALSE,FALSE,FALSE,FALSE,octocorallia,FALSE,FALSE,FALSE,TRUE
anomastraea,mermaid,,,animalia,cnidaria,scleractinia,coscinaraeidae,anomastraea,not_given,not_given,not_given,not_given,not_given,TRUE,not_given,not_given,not_given,not_given,not_given,FALSE,FALSE,TRUE,FALSE,not_given,not_given,FALSE,not_given,not_given,not_given,not_given,not_given,FALSE,not_given,FALSE,FALSE,FALSE,FALSE,FALSE,FALSE,FALSE,FALSE,FALSE,hexacorallia,FALSE,FALSE,FALSE,TRUE
anomastraea irregularis,mermaid,,,animalia,cnidaria,scleractinia,coscinaraeidae,anomastraea,anomastraea_irregularis,FALSE,FALSE,not_given,FALSE,TRUE,not_given,not_given,not_given,not_given,not_given,FALSE,FALSE,not_given,FALSE,FALSE,not_given,FALSE,not_given,not_given,FALSE,FALSE,not_given,FALSE,not_given,FALSE,FALSE,FALSE,FALSE,FALSE,FALSE,FALSE,FALSE,FALSE,hexacorallia,FALSE,FALSE,FALSE,TRUE
anthelia,mermaid,,,animalia,cnidaria,malacalcyonacea,xeniidae,anthelia,not_given,not_given,not_given,not_given,not_given,not_given,not_given,not_given,not_given,not_given,not_given,not_given,not_given,not_given,not_given,not_given,not_given,not_given,not_given,not_given,not_given,not_given,not_given,not_given,not_given,FALSE,FALSE,FALSE,FALSE,FALSE,FALSE,FALSE,FALSE,FALSE,octocorallia,FALSE,FALSE,FALSE,TRUE
anthothelidae,mermaid,alcyoniidae,mermaid,animalia,cnidaria,malacalcyonacea,alcyoniidae,not_given,not_given,not_given,not_given,not_given,not_given,not_given,not_given,not_given,not_given,not_given,not_given,not_given,not_given,not_given,not_given,not_given,not_given,not_given,not_given,not_given,not_given,not_given,not_given,not_given,not_given,FALSE,FALSE,FALSE,FALSE,FALSE,FALSE,FALSE,FALSE,FALSE,octocorallia,FALSE,FALSE,FALSE,TRUE
anthozoan,mermaid,,,animalia,cnidaria,not_given,not_given,not_given,not_given,not_given,not_given,not_given,not_given,not_given,not_given,not_given,not_given,not_given,not_given,not_given,not_given,not_given,not_given,not_given,not_given,not_given,not_given,not_given,not_given,not_given,not_given,not_given,not_given,FALSE,FALSE,FALSE,FALSE,FALSE,FALSE,FALSE,FALSE,FALSE,not_given,FALSE,FALSE,FALSE,TRUE
antipatharia,mermaid,,,animalia,cnidaria,antipatharia,not_given,not_given,not_given,not_given,not_given,not_given,not_given,not_given,not_given,not_given,not_given,not_given,not_given,not_given,not_given,not_given,not_given,not_given,not_given,not_given,not_given,not_given,not_given,not_given,not_given,not_given,not_given,FALSE,FALSE,FALSE,FALSE,FALSE,FALSE,FALSE,FALSE,FALSE,hexacorallia,FALSE,FALSE,FALSE,TRUE
aplysina,mermaid,,,animalia,porifera,verongiida,aplysinidae,aplysina,not_given,FALSE,FALSE,FALSE,FALSE,FALSE,FALSE,FALSE,FALSE,FALSE,FALSE,FALSE,FALSE,FALSE,FALSE,FALSE,FALSE,FALSE,FALSE,FALSE,FALSE,FALSE,FALSE,FALSE,FALSE,FALSE,FALSE,FALSE,FALSE,FALSE,FALSE,FALSE,FALSE,FALSE,demospongiae,FALSE,FALSE,FALSE,TRUE
aplysina archeri,mermaid,,,animalia,porifera,verongiida,aplysinidae,aplysina,aplysina_archeri,FALSE,FALSE,FALSE,FALSE,FALSE,FALSE,FALSE,FALSE,FALSE,FALSE,FALSE,FALSE,FALSE,FALSE,FALSE,FALSE,FALSE,FALSE,FALSE,FALSE,FALSE,FALSE,FALSE,FALSE,FALSE,FALSE,FALSE,FALSE,FALSE,FALSE,FALSE,FALSE,FALSE,demospongiae,FALSE,FALSE,FALSE,TRUE
aplysina cauliformis,mermaid,,,animalia,porifera,verongiida,aplysinidae,aplysina,aplysina_cauliformis,FALSE,FALSE,FALSE,FALSE,FALSE,FALSE,FALSE,FALSE,FALSE,FALSE,FALSE,FALSE,FALSE,FALSE,FALSE,FALSE,FALSE,FALSE,FALSE,FALSE,FALSE,FALSE,FALSE,FALSE,FALSE,FALSE,FALSE,FALSE,FALSE,FALSE,FALSE,FALSE,FALSE,demospongiae,FALSE,FALSE,FALSE,TRUE
aplysina fistularis,mermaid,,,animalia,porifera,verongiida,aplysinidae,aplysina,aplysina_fistularis,FALSE,FALSE,FALSE,FALSE,FALSE,FALSE,FALSE,FALSE,FALSE,FALSE,FALSE,FALSE,FALSE,FALSE,FALSE,FALSE,FALSE,FALSE,FALSE,FALSE,FALSE,FALSE,FALSE,FALSE,FALSE,FALSE,FALSE,FALSE,FALSE,FALSE,FALSE,FALSE,FALSE,demospongiae,FALSE,FALSE,FALSE,TRUE
aplysina fulva,mermaid,,,animalia,porifera,verongiida,aplysinidae,aplysina,aplysina_fulva,FALSE,FALSE,FALSE,FALSE,FALSE,FALSE,FALSE,FALSE,FALSE,FALSE,FALSE,FALSE,FALSE,FALSE,FALSE,FALSE,FALSE,FALSE,FALSE,FALSE,FALSE,FALSE,FALSE,FALSE,FALSE,FALSE,FALSE,FALSE,FALSE,FALSE,FALSE,FALSE,FALSE,demospongiae,FALSE,FALSE,FALSE,TRUE
aplysinidae,mermaid,,,animalia,porifera,verongiida,aplysinidae,not_given,not_given,FALSE,FALSE,FALSE,FALSE,FALSE,FALSE,FALSE,FALSE,FALSE,FALSE,FALSE,FALSE,FALSE,FALSE,FALSE,FALSE,FALSE,FALSE,FALSE,FALSE,FALSE,FALSE,FALSE,FALSE,FALSE,FALSE,FALSE,FALSE,FALSE,FALSE,FALSE,FALSE,FALSE,demospongiae,FALSE,FALSE,FALSE,TRUE
ascidian,mermaid,,,animalia,chordata,not_given,not_given,not_given,not_given,FALSE,FALSE,FALSE,FALSE,FALSE,FALSE,FALSE,FALSE,FALSE,FALSE,FALSE,FALSE,FALSE,FALSE,FALSE,FALSE,FALSE,FALSE,FALSE,FALSE,FALSE,FALSE,FALSE,FALSE,FALSE,FALSE,FALSE,FALSE,FALSE,FALSE,FALSE,FALSE,FALSE,ascidiacea,FALSE,FALSE,FALSE,TRUE
asparagopsis,mermaid,,,not_given,rhodophyta,bonnemaisoniales,bonnemaisoniaceae,asparagopsis,not_given,FALSE,FALSE,FALSE,FALSE,FALSE,FALSE,FALSE,FALSE,FALSE,FALSE,FALSE,FALSE,FALSE,FALSE,FALSE,FALSE,FALSE,FALSE,FALSE,FALSE,FALSE,FALSE,FALSE,FALSE,FALSE,TRUE,FALSE,not_given,FALSE,FALSE,FALSE,FALSE,FALSE,florideophyceae,FALSE,FALSE,FALSE,FALSE
asparagopsis armata,mermaid,,,not_given,rhodophyta,bonnemaisoniales,bonnemaisoniaceae,asparagopsis,asparagopsis_armata,FALSE,FALSE,FALSE,FALSE,FALSE,FALSE,FALSE,FALSE,FALSE,FALSE,FALSE,FALSE,FALSE,FALSE,FALSE,FALSE,FALSE,FALSE,FALSE,FALSE,FALSE,FALSE,FALSE,FALSE,FALSE,TRUE,FALSE,not_given,FALSE,FALSE,FALSE,FALSE,FALSE,florideophyceae,FALSE,FALSE,FALSE,FALSE
asparagopsis taxiformis,mermaid,,,not_given,rhodophyta,bonnemaisoniales,bonnemaisoniaceae,asparagopsis,asparagopsis_taxiformis,FALSE,FALSE,FALSE,FALSE,FALSE,FALSE,FALSE,FALSE,FALSE,FALSE,FALSE,FALSE,FALSE,FALSE,FALSE,FALSE,FALSE,FALSE,FALSE,FALSE,FALSE,FALSE,FALSE,FALSE,FALSE,TRUE,FALSE,not_given,FALSE,FALSE,FALSE,FALSE,FALSE,florideophyceae,FALSE,FALSE,FALSE,FALSE
asteroidea,mermaid,,,animalia,echinodermata,not_given,not_given,not_given,not_given,FALSE,FALSE,FALSE,FALSE,FALSE,FALSE,FALSE,FALSE,FALSE,FALSE,FALSE,FALSE,FALSE,FALSE,FALSE,FALSE,FALSE,FALSE,FALSE,FALSE,FALSE,FALSE,FALSE,FALSE,FALSE,FALSE,FALSE,FALSE,FALSE,FALSE,FALSE,FALSE,FALSE,asteroidea,FALSE,FALSE,FALSE,TRUE
astraeosmilia,mermaid,,,animalia,cnidaria,scleractinia,merulinidae,astraeosmilia,not_given,not_given,not_given,not_given,not_given,not_given,not_given,not_given,not_given,not_given,not_given,FALSE,FALSE,not_given,FALSE,not_given,not_given,FALSE,not_given,not_given,not_given,not_given,not_given,FALSE,not_given,FALSE,FALSE,FALSE,FALSE,FALSE,FALSE,FALSE,FALSE,FALSE,hexacorallia,FALSE,FALSE,FALSE,TRUE
astraeosmilia maxima,mermaid,,,animalia,cnidaria,scleractinia,merulinidae,astraeosmilia,astraeosmilia_maxima,FALSE,FALSE,not_given,FALSE,TRUE,not_given,not_given,FALSE,FALSE,not_given,FALSE,FALSE,not_given,FALSE,FALSE,not_given,FALSE,TRUE,TRUE,FALSE,FALSE,not_given,not_given,FALSE,FALSE,FALSE,FALSE,FALSE,FALSE,FALSE,FALSE,FALSE,FALSE,hexacorallia,FALSE,FALSE,FALSE,TRUE
astrangia,mermaid,,,animalia,cnidaria,scleractinia,rhizangiidae,astrangia,not_given,not_given,not_given,not_given,not_given,not_given,not_given,not_given,not_given,not_given,not_given,FALSE,FALSE,not_given,FALSE,not_given,not_given,FALSE,not_given,not_given,not_given,not_given,not_given,FALSE,not_given,FALSE,FALSE,FALSE,FALSE,FALSE,FALSE,FALSE,FALSE,FALSE,hexacorallia,FALSE,FALSE,FALSE,TRUE
astrangia poculata,mermaid,,,animalia,cnidaria,scleractinia,rhizangiidae,astrangia,astrangia_poculata,not_given,FALSE,not_given,not_given,FALSE,not_given,TRUE,not_given,FALSE,not_given,FALSE,FALSE,TRUE,FALSE,TRUE,not_given,FALSE,FALSE,not_given,FALSE,FALSE,not_given,FALSE,FALSE,FALSE,FALSE,FALSE,FALSE,FALSE,FALSE,FALSE,FALSE,FALSE,hexacorallia,FALSE,FALSE,FALSE,TRUE
astrangiidae,mermaid,astrangia,mermaid,animalia,cnidaria,scleractinia,rhizangiidae,astrangia,not_given,not_given,not_given,not_given,not_given,not_given,not_given,not_given,not_given,not_given,not_given,FALSE,FALSE,not_given,FALSE,not_given,not_given,FALSE,not_given,not_given,not_given,not_given,not_given,FALSE,not_given,FALSE,FALSE,FALSE,FALSE,FALSE,FALSE,FALSE,FALSE,FALSE,hexacorallia,FALSE,FALSE,FALSE,TRUE
astrea,mermaid,,,animalia,cnidaria,scleractinia,merulinidae,astrea,not_given,FALSE,not_given,not_given,FALSE,not_given,not_given,not_given,not_given,not_given,not_given,FALSE,FALSE,not_given,FALSE,not_given,not_given,FALSE,not_given,FALSE,not_given,not_given,FALSE,FALSE,not_given,FALSE,FALSE,FALSE,FALSE,FALSE,FALSE,FALSE,FALSE,FALSE,hexacorallia,FALSE,FALSE,FALSE,TRUE
astrea annuligera,mermaid,,,animalia,cnidaria,scleractinia,merulinidae,astrea,astrea_annuligera,FALSE,FALSE,not_given,FALSE,not_given,not_given,TRUE,not_given,not_given,not_given,FALSE,FALSE,TRUE,FALSE,FALSE,not_given,FALSE,not_given,FALSE,FALSE,FALSE,FALSE,FALSE,FALSE,FALSE,FALSE,FALSE,FALSE,FALSE,FALSE,FALSE,FALSE,FALSE,hexacorallia,FALSE,FALSE,FALSE,TRUE
astrea curta,mermaid,,,animalia,cnidaria,scleractinia,merulinidae,astrea,astrea_curta,FALSE,not_given,not_given,FALSE,TRUE,not_given,not_given,not_given,not_given,TRUE,FALSE,FALSE,TRUE,FALSE,not_given,not_given,FALSE,not_given,FALSE,not_given,not_given,FALSE,FALSE,not_given,FALSE,FALSE,FALSE,FALSE,FALSE,FALSE,FALSE,FALSE,FALSE,hexacorallia,FALSE,FALSE,FALSE,TRUE
astreopora,mermaid,,,animalia,cnidaria,scleractinia,acroporidae,astreopora,not_given,not_given,not_given,not_given,not_given,not_given,not_given,not_given,not_given,not_given,not_given,FALSE,FALSE,not_given,FALSE,not_given,not_given,FALSE,not_given,not_given,not_given,not_given,not_given,FALSE,not_given,FALSE,FALSE,FALSE,FALSE,FALSE,FALSE,FALSE,FALSE,FALSE,hexacorallia,FALSE,FALSE,FALSE,TRUE
astreopora expansa,mermaid,,,animalia,cnidaria,scleractinia,acroporidae,astreopora,astreopora_expansa,not_given,FALSE,not_given,not_given,not_given,not_given,not_given,FALSE,TRUE,not_given,FALSE,FALSE,not_given,FALSE,not_given,TRUE,FALSE,not_given,not_given,not_given,not_given,not_given,FALSE,not_given,FALSE,FALSE,FALSE,FALSE,FALSE,FALSE,FALSE,FALSE,FALSE,hexacorallia,FALSE,FALSE,FALSE,TRUE
astreopora gracilis,mermaid,,,animalia,cnidaria,scleractinia,acroporidae,astreopora,astreopora_gracilis,FALSE,FALSE,not_given,FALSE,not_given,not_given,TRUE,FALSE,not_given,not_given,FALSE,FALSE,TRUE,FALSE,FALSE,TRUE,FALSE,not_given,not_given,FALSE,FALSE,not_given,FALSE,FALSE,FALSE,FALSE,FALSE,FALSE,FALSE,FALSE,FALSE,FALSE,FALSE,hexacorallia,FALSE,FALSE,FALSE,TRUE
astreopora incrustans,mermaid,,,animalia,cnidaria,scleractinia,acroporidae,astreopora,astreopora_incrustans,FALSE,FALSE,not_given,FALSE,not_given,not_given,TRUE,FALSE,not_given,not_given,FALSE,FALSE,not_given,FALSE,FALSE,TRUE,FALSE,not_given,not_given,FALSE,FALSE,not_given,FALSE,FALSE,FALSE,FALSE,FALSE,FALSE,FALSE,FALSE,FALSE,FALSE,FALSE,hexacorallia,FALSE,FALSE,FALSE,TRUE
astreopora myriophthalma,mermaid,,,animalia,cnidaria,scleractinia,acroporidae,astreopora,astreopora_myriophthalma,FALSE,FALSE,not_given,FALSE,TRUE,not_given,TRUE,FALSE,not_given,not_given,FALSE,FALSE,not_given,FALSE,FALSE,TRUE,FALSE,not_given,not_given,FALSE,FALSE,not_given,FALSE,FALSE,FALSE,FALSE,FALSE,FALSE,FALSE,FALSE,FALSE,FALSE,FALSE,hexacorallia,FALSE,FALSE,FALSE,TRUE
astreopora ocellata,mermaid,,,animalia,cnidaria,scleractinia,acroporidae,astreopora,astreopora_ocellata,FALSE,FALSE,not_given,FALSE,TRUE,not_given,TRUE,FALSE,not_given,not_given,FALSE,FALSE,not_given,FALSE,FALSE,TRUE,FALSE,not_given,not_given,FALSE,FALSE,not_given,FALSE,FALSE,FALSE,FALSE,FALSE,FALSE,FALSE,FALSE,FALSE,FALSE,FALSE,hexacorallia,FALSE,FALSE,FALSE,TRUE
astrocoeniidae,mermaid,,,animalia,cnidaria,scleractinia,astrocoeniidae,not_given,not_given,not_given,not_given,not_given,not_given,not_given,not_given,not_given,not_given,not_given,not_given,FALSE,FALSE,not_given,FALSE,not_given,not_given,FALSE,not_given,not_given,not_given,not_given,not_given,FALSE,not_given,FALSE,FALSE,FALSE,FALSE,FALSE,FALSE,FALSE,FALSE,FALSE,hexacorallia,FALSE,FALSE,FALSE,TRUE
atriolum,mermaid,,,animalia,chordata,aplousobranchia,didemnidae,atriolum,not_given,FALSE,FALSE,FALSE,FALSE,FALSE,FALSE,FALSE,FALSE,FALSE,FALSE,FALSE,FALSE,FALSE,FALSE,FALSE,FALSE,FALSE,FALSE,FALSE,FALSE,FALSE,FALSE,FALSE,FALSE,FALSE,FALSE,FALSE,FALSE,FALSE,FALSE,FALSE,FALSE,FALSE,ascidiacea,FALSE,FALSE,FALSE,TRUE
atriolum robustum,mermaid,,,animalia,chordata,aplousobranchia,didemnidae,atriolum,atriolum_robustum,FALSE,FALSE,FALSE,FALSE,FALSE,FALSE,FALSE,FALSE,FALSE,FALSE,FALSE,FALSE,FALSE,FALSE,FALSE,FALSE,FALSE,FALSE,FALSE,FALSE,FALSE,FALSE,FALSE,FALSE,FALSE,FALSE,FALSE,FALSE,FALSE,FALSE,FALSE,FALSE,FALSE,ascidiacea,FALSE,FALSE,FALSE,TRUE
australogyra,mermaid,,,animalia,cnidaria,scleractinia,faviidae,australogyra,not_given,not_given,not_given,not_given,not_given,FALSE,not_given,FALSE,not_given,FALSE,not_given,FALSE,FALSE,FALSE,FALSE,TRUE,not_given,FALSE,FALSE,not_given,not_given,not_given,not_given,FALSE,not_given,FALSE,FALSE,FALSE,FALSE,FALSE,FALSE,FALSE,FALSE,FALSE,hexacorallia,FALSE,FALSE,FALSE,TRUE
australomussa,mermaid,,,animalia,cnidaria,scleractinia,lobophylliidae,lobophyllia,lobophyllia_rowleyensis,FALSE,not_given,not_given,FALSE,TRUE,not_given,not_given,not_given,not_given,not_given,FALSE,FALSE,TRUE,FALSE,not_given,not_given,FALSE,not_given,not_given,not_given,not_given,FALSE,not_given,not_given,FALSE,FALSE,FALSE,FALSE,FALSE,FALSE,FALSE,FALSE,FALSE,hexacorallia,FALSE,FALSE,FALSE,TRUE
australophyllia,mermaid,,,animalia,cnidaria,scleractinia,australophylliidae,australophyllia,not_given,FALSE,FALSE,TRUE,FALSE,TRUE,not_given,not_given,FALSE,FALSE,not_given,FALSE,FALSE,TRUE,FALSE,FALSE,not_given,FALSE,TRUE,TRUE,FALSE,FALSE,not_given,not_given,FALSE,FALSE,FALSE,FALSE,FALSE,FALSE,FALSE,FALSE,FALSE,FALSE,hexacorallia,FALSE,FALSE,FALSE,TRUE
avrainvillea,mermaid,,,plantae,chlorophyta,bryopsidales,dichotomosiphonaceae,avrainvillea,not_given,FALSE,FALSE,FALSE,FALSE,FALSE,FALSE,FALSE,FALSE,FALSE,FALSE,FALSE,FALSE,FALSE,FALSE,FALSE,FALSE,FALSE,FALSE,FALSE,FALSE,FALSE,FALSE,FALSE,FALSE,FALSE,TRUE,FALSE,FALSE,FALSE,FALSE,FALSE,FALSE,FALSE,ulvophyceae,FALSE,FALSE,FALSE,FALSE
balanophyllia,mermaid,,,animalia,cnidaria,scleractinia,dendrophylliidae,balanophyllia,not_given,not_given,not_given,not_given,not_given,not_given,not_given,not_given,not_given,not_given,not_given,FALSE,FALSE,not_given,FALSE,not_given,not_given,FALSE,not_given,not_given,not_given,not_given,not_given,FALSE,not_given,FALSE,FALSE,FALSE,FALSE,FALSE,FALSE,FALSE,FALSE,FALSE,hexacorallia,FALSE,FALSE,FALSE,TRUE
balanophyllia (balanophyllia) elegans,mermaid,,,animalia,cnidaria,scleractinia,dendrophylliidae,balanophyllia,balanophyllia_elegans,not_given,not_given,not_given,not_given,not_given,not_given,not_given,not_given,not_given,not_given,TRUE,TRUE,not_given,FALSE,not_given,not_given,FALSE,not_given,not_given,not_given,not_given,not_given,FALSE,not_given,FALSE,FALSE,FALSE,FALSE,FALSE,FALSE,FALSE,FALSE,FALSE,hexacorallia,FALSE,FALSE,FALSE,TRUE
barabattoia,mermaid,dipsastraea,mermaid,animalia,cnidaria,scleractinia,merulinidae,dipsastraea,not_given,not_given,not_given,not_given,not_given,not_given,not_given,not_given,not_given,not_given,not_given,FALSE,FALSE,not_given,FALSE,not_given,FALSE,FALSE,not_given,not_given,not_given,not_given,not_given,FALSE,not_given,FALSE,FALSE,FALSE,FALSE,FALSE,FALSE,FALSE,FALSE,FALSE,hexacorallia,FALSE,FALSE,FALSE,TRUE
bare substrate,mermaid,hard substrate,coralscapes_v2,none,none,none,none,none,none,FALSE,FALSE,FALSE,FALSE,FALSE,FALSE,FALSE,FALSE,FALSE,FALSE,FALSE,FALSE,FALSE,FALSE,FALSE,FALSE,FALSE,FALSE,FALSE,FALSE,FALSE,FALSE,FALSE,FALSE,FALSE,FALSE,FALSE,FALSE,FALSE,FALSE,FALSE,FALSE,FALSE,none,FALSE,FALSE,TRUE,FALSE
bernardpora,mermaid,,,animalia,cnidaria,scleractinia,poritidae,bernardpora,not_given,FALSE,FALSE,not_given,FALSE,not_given,not_given,TRUE,not_given,not_given,FALSE,FALSE,FALSE,TRUE,FALSE,FALSE,FALSE,FALSE,not_given,not_given,FALSE,FALSE,not_given,FALSE,FALSE,FALSE,FALSE,FALSE,FALSE,FALSE,FALSE,FALSE,FALSE,FALSE,hexacorallia,FALSE,FALSE,FALSE,TRUE
bivalvia,mermaid,,,animalia,mollusca,not_given,not_given,not_given,not_given,FALSE,FALSE,FALSE,FALSE,FALSE,FALSE,FALSE,FALSE,FALSE,FALSE,FALSE,FALSE,FALSE,FALSE,FALSE,FALSE,FALSE,FALSE,FALSE,FALSE,FALSE,FALSE,FALSE,FALSE,FALSE,FALSE,FALSE,FALSE,FALSE,FALSE,FALSE,FALSE,FALSE,bivalvia,FALSE,FALSE,FALSE,TRUE
blastomussa,mermaid,,,animalia,cnidaria,scleractinia,plerogyridae,blastomussa,not_given,FALSE,FALSE,TRUE,FALSE,TRUE,not_given,not_given,FALSE,FALSE,not_given,FALSE,FALSE,TRUE,FALSE,FALSE,not_given,FALSE,TRUE,TRUE,FALSE,FALSE,not_given,not_given,FALSE,FALSE,FALSE,FALSE,FALSE,FALSE,FALSE,FALSE,FALSE,FALSE,hexacorallia,FALSE,FALSE,FALSE,TRUE
bleached coral,mermaid,other coral bleached,coralscapes_v2,animalia,cnidaria,not_given,not_given,not_given,not_given,not_given,not_given,not_given,not_given,not_given,not_given,not_given,not_given,not_given,not_given,not_given,not_given,not_given,not_given,not_given,not_given,not_given,not_given,not_given,not_given,not_given,not_given,not_given,not_given,TRUE,FALSE,FALSE,FALSE,FALSE,FALSE,FALSE,FALSE,FALSE,not_given,FALSE,FALSE,FALSE,TRUE
bleached soft coral,mermaid,soft coral (malacalcyonacea) bleached,coralscapes_v2,animalia,cnidaria,malacalcyonacea,not_given,not_given,not_given,not_given,not_given,not_given,not_given,not_given,not_given,not_given,not_given,not_given,not_given,not_given,not_given,not_given,not_given,not_given,not_given,not_given,not_given,not_given,not_given,not_given,not_given,not_given,not_given,TRUE,FALSE,FALSE,FALSE,FALSE,FALSE,FALSE,FALSE,FALSE,octocorallia,FALSE,FALSE,FALSE,TRUE
boninastrea,mermaid,,,animalia,cnidaria,scleractinia,merulinidae,boninastrea,not_given,not_given,not_given,not_given,not_given,TRUE,not_given,not_given,not_given,not_given,not_given,FALSE,FALSE,not_given,FALSE,not_given,not_given,FALSE,not_given,not_given,not_given,not_given,not_given,FALSE,not_given,FALSE,FALSE,FALSE,FALSE,FALSE,FALSE,FALSE,FALSE,FALSE,hexacorallia,FALSE,FALSE,FALSE,TRUE
bonnemaisoniaceae,mermaid,,,not_given,rhodophyta,bonnemaisoniales,bonnemaisoniaceae,not_given,not_given,FALSE,FALSE,FALSE,FALSE,FALSE,FALSE,FALSE,FALSE,FALSE,FALSE,FALSE,FALSE,FALSE,FALSE,FALSE,FALSE,FALSE,FALSE,FALSE,FALSE,FALSE,FALSE,FALSE,FALSE,FALSE,TRUE,FALSE,not_given,FALSE,FALSE,FALSE,FALSE,FALSE,florideophyceae,FALSE,FALSE,FALSE,FALSE
boodlea,mermaid,,,plantae,chlorophyta,cladophorales,boodleaceae,boodlea,not_given,FALSE,FALSE,FALSE,FALSE,FALSE,FALSE,FALSE,FALSE,FALSE,FALSE,FALSE,FALSE,FALSE,FALSE,FALSE,FALSE,FALSE,FALSE,FALSE,FALSE,FALSE,FALSE,FALSE,FALSE,FALSE,TRUE,FALSE,FALSE,FALSE,FALSE,FALSE,FALSE,FALSE,ulvophyceae,FALSE,FALSE,FALSE,FALSE
botryllus,mermaid,,,animalia,chordata,stolidobranchia,styelidae,botryllus,not_given,FALSE,FALSE,FALSE,FALSE,FALSE,FALSE,FALSE,FALSE,FALSE,FALSE,FALSE,FALSE,FALSE,FALSE,FALSE,FALSE,FALSE,FALSE,FALSE,FALSE,FALSE,FALSE,FALSE,FALSE,FALSE,FALSE,FALSE,FALSE,FALSE,FALSE,FALSE,FALSE,FALSE,ascidiacea,FALSE,FALSE,FALSE,TRUE
briareum,mermaid,,,animalia,cnidaria,scleralcyonacea,briareidae,briareum,not_given,not_given,not_given,not_given,not_given,not_given,not_given,not_given,not_given,not_given,not_given,not_given,not_given,not_given,not_given,not_given,not_given,not_given,not_given,not_given,not_given,not_given,not_given,not_given,not_given,FALSE,FALSE,FALSE,FALSE,FALSE,FALSE,FALSE,FALSE,FALSE,octocorallia,FALSE,FALSE,FALSE,TRUE
bryopsis,mermaid,,,plantae,chlorophyta,bryopsidales,bryopsidaceae,bryopsis,not_given,FALSE,FALSE,FALSE,FALSE,FALSE,FALSE,FALSE,FALSE,FALSE,FALSE,FALSE,FALSE,FALSE,FALSE,FALSE,FALSE,FALSE,FALSE,FALSE,FALSE,FALSE,FALSE,FALSE,FALSE,FALSE,TRUE,FALSE,FALSE,FALSE,FALSE,FALSE,FALSE,FALSE,ulvophyceae,FALSE,FALSE,FALSE,FALSE
bryozoan,mermaid,,,animalia,bryozoa,not_given,not_given,not_given,not_given,FALSE,FALSE,FALSE,FALSE,FALSE,FALSE,FALSE,FALSE,FALSE,FALSE,FALSE,FALSE,FALSE,FALSE,FALSE,FALSE,FALSE,FALSE,FALSE,FALSE,FALSE,FALSE,FALSE,FALSE,FALSE,FALSE,FALSE,FALSE,FALSE,FALSE,FALSE,FALSE,FALSE,not_given,FALSE,FALSE,FALSE,TRUE
bugula,mermaid,,,animalia,bryozoa,cheilostomatida,bugulidae,bugula,not_given,FALSE,FALSE,FALSE,FALSE,FALSE,FALSE,FALSE,FALSE,FALSE,FALSE,FALSE,FALSE,FALSE,FALSE,FALSE,FALSE,FALSE,FALSE,FALSE,FALSE,FALSE,FALSE,FALSE,FALSE,FALSE,FALSE,FALSE,FALSE,FALSE,FALSE,FALSE,FALSE,FALSE,gymnolaemata,FALSE,FALSE,FALSE,TRUE
bugulidae,mermaid,,,animalia,bryozoa,cheilostomatida,bugulidae,not_given,not_given,FALSE,FALSE,FALSE,FALSE,FALSE,FALSE,FALSE,FALSE,FALSE,FALSE,FALSE,FALSE,FALSE,FALSE,FALSE,FALSE,FALSE,FALSE,FALSE,FALSE,FALSE,FALSE,FALSE,FALSE,FALSE,FALSE,FALSE,FALSE,FALSE,FALSE,FALSE,FALSE,FALSE,gymnolaemata,FALSE,FALSE,FALSE,TRUE
callithamniaceae,mermaid,,,not_given,rhodophyta,ceramiales,callithamniaceae,not_given,not_given,FALSE,FALSE,FALSE,FALSE,FALSE,FALSE,FALSE,FALSE,FALSE,FALSE,FALSE,FALSE,FALSE,FALSE,FALSE,FALSE,FALSE,FALSE,FALSE,FALSE,FALSE,FALSE,FALSE,FALSE,FALSE,TRUE,FALSE,not_given,FALSE,FALSE,FALSE,FALSE,FALSE,florideophyceae,FALSE,FALSE,FALSE,FALSE
callyspongia,mermaid,,,animalia,porifera,haplosclerida,callyspongiidae,callyspongia,not_given,FALSE,FALSE,FALSE,FALSE,FALSE,FALSE,FALSE,FALSE,FALSE,FALSE,FALSE,FALSE,FALSE,FALSE,FALSE,FALSE,FALSE,FALSE,FALSE,FALSE,FALSE,FALSE,FALSE,FALSE,FALSE,FALSE,FALSE,FALSE,FALSE,FALSE,FALSE,FALSE,FALSE,demospongiae,FALSE,FALSE,FALSE,TRUE
callyspongia aculeata,mermaid,,,animalia,porifera,haplosclerida,callyspongiidae,callyspongia,callyspongia_aculeata,FALSE,FALSE,FALSE,FALSE,FALSE,FALSE,FALSE,FALSE,FALSE,FALSE,FALSE,FALSE,FALSE,FALSE,FALSE,FALSE,FALSE,FALSE,FALSE,FALSE,FALSE,FALSE,FALSE,FALSE,FALSE,FALSE,FALSE,FALSE,FALSE,FALSE,FALSE,FALSE,FALSE,demospongiae,FALSE,FALSE,FALSE,TRUE
callyspongia plicifera,mermaid,,,animalia,porifera,haplosclerida,callyspongiidae,callyspongia,callyspongia_plicifera,FALSE,FALSE,FALSE,FALSE,FALSE,FALSE,FALSE,FALSE,FALSE,FALSE,FALSE,FALSE,FALSE,FALSE,FALSE,FALSE,FALSE,FALSE,FALSE,FALSE,FALSE,FALSE,FALSE,FALSE,FALSE,FALSE,FALSE,FALSE,FALSE,FALSE,FALSE,FALSE,FALSE,demospongiae,FALSE,FALSE,FALSE,TRUE
callyspongia vaginalis,mermaid,,,animalia,porifera,haplosclerida,callyspongiidae,callyspongia,callyspongia_vaginalis,FALSE,FALSE,FALSE,FALSE,FALSE,FALSE,FALSE,FALSE,FALSE,FALSE,FALSE,FALSE,FALSE,FALSE,FALSE,FALSE,FALSE,FALSE,FALSE,FALSE,FALSE,FALSE,FALSE,FALSE,FALSE,FALSE,FALSE,FALSE,FALSE,FALSE,FALSE,FALSE,FALSE,demospongiae,FALSE,FALSE,FALSE,TRUE
cantharellus,mermaid,,,animalia,cnidaria,scleractinia,fungiidae,cantharellus,not_given,FALSE,FALSE,not_given,FALSE,not_given,not_given,not_given,not_given,not_given,not_given,not_given,FALSE,not_given,FALSE,FALSE,not_given,FALSE,not_given,not_given,FALSE,FALSE,not_given,FALSE,FALSE,FALSE,FALSE,FALSE,FALSE,FALSE,FALSE,FALSE,FALSE,FALSE,hexacorallia,FALSE,FALSE,FALSE,TRUE
carijoa,mermaid,,,animalia,cnidaria,malacalcyonacea,clavulariidae,carijoa,not_given,not_given,not_given,not_given,not_given,not_given,not_given,not_given,not_given,not_given,not_given,not_given,not_given,not_given,not_given,not_given,not_given,not_given,not_given,not_given,not_given,not_given,not_given,not_given,not_given,FALSE,FALSE,FALSE,FALSE,FALSE,FALSE,FALSE,FALSE,FALSE,octocorallia,FALSE,FALSE,FALSE,TRUE
caryophyllia,mermaid,,,animalia,cnidaria,scleractinia,caryophylliidae,caryophyllia,not_given,not_given,not_given,not_given,not_given,not_given,not_given,not_given,not_given,not_given,not_given,TRUE,TRUE,not_given,FALSE,not_given,not_given,FALSE,not_given,not_given,not_given,not_given,not_given,FALSE,not_given,FALSE,FALSE,FALSE,FALSE,FALSE,FALSE,FALSE,FALSE,FALSE,hexacorallia,FALSE,FALSE,FALSE,TRUE
caryophylliidae,mermaid,,,animalia,cnidaria,scleractinia,caryophylliidae,not_given,not_given,not_given,not_given,not_given,not_given,not_given,not_given,not_given,not_given,not_given,not_given,FALSE,FALSE,not_given,FALSE,not_given,not_given,FALSE,not_given,not_given,not_given,not_given,not_given,FALSE,not_given,FALSE,FALSE,FALSE,FALSE,FALSE,FALSE,FALSE,FALSE,FALSE,hexacorallia,FALSE,FALSE,FALSE,TRUE
catalaphyllia,mermaid,,,animalia,cnidaria,scleractinia,euphylliidae,catalaphyllia,not_given,FALSE,FALSE,TRUE,FALSE,TRUE,not_given,not_given,FALSE,FALSE,not_given,FALSE,FALSE,not_given,TRUE,FALSE,not_given,FALSE,TRUE,TRUE,FALSE,FALSE,not_given,not_given,FALSE,FALSE,FALSE,FALSE,FALSE,FALSE,FALSE,FALSE,FALSE,FALSE,hexacorallia,FALSE,FALSE,FALSE,TRUE
caulastraea,mermaid,,,animalia,cnidaria,scleractinia,merulinidae,caulastraea,not_given,FALSE,FALSE,TRUE,FALSE,TRUE,not_given,not_given,FALSE,FALSE,not_given,FALSE,FALSE,not_given,FALSE,FALSE,FALSE,FALSE,not_given,TRUE,FALSE,FALSE,not_given,TRUE,FALSE,FALSE,FALSE,FALSE,FALSE,FALSE,FALSE,FALSE,FALSE,FALSE,hexacorallia,FALSE,FALSE,FALSE,TRUE
caulerpa,mermaid,,,plantae,chlorophyta,bryopsidales,caulerpaceae,caulerpa,not_given,FALSE,FALSE,FALSE,FALSE,FALSE,FALSE,FALSE,FALSE,FALSE,FALSE,FALSE,FALSE,FALSE,FALSE,FALSE,FALSE,FALSE,FALSE,FALSE,FALSE,FALSE,FALSE,FALSE,FALSE,FALSE,TRUE,FALSE,FALSE,FALSE,FALSE,FALSE,FALSE,FALSE,ulvophyceae,FALSE,FALSE,FALSE,FALSE
caulerpa parvula,mermaid,,,not_given,chlorophyta,bryopsidales,caulerpaceae,caulerpa,caulerpa_parvula,FALSE,FALSE,FALSE,FALSE,FALSE,FALSE,FALSE,FALSE,FALSE,FALSE,FALSE,FALSE,FALSE,FALSE,FALSE,FALSE,FALSE,FALSE,FALSE,FALSE,FALSE,FALSE,FALSE,FALSE,FALSE,TRUE,FALSE,not_given,FALSE,FALSE,FALSE,FALSE,FALSE,ulvophyceae,FALSE,FALSE,FALSE,FALSE
caulerpa racemosa,mermaid,,,plantae,chlorophyta,bryopsidales,caulerpaceae,caulerpa,caulerpa_racemosa,FALSE,FALSE,FALSE,FALSE,FALSE,FALSE,FALSE,FALSE,FALSE,FALSE,FALSE,FALSE,FALSE,FALSE,FALSE,FALSE,FALSE,FALSE,FALSE,FALSE,FALSE,FALSE,FALSE,FALSE,FALSE,TRUE,FALSE,FALSE,FALSE,FALSE,FALSE,FALSE,FALSE,ulvophyceae,FALSE,FALSE,FALSE,FALSE
ceratodictyon,mermaid,,,plantae,rhodophyta,rhodymeniales,lomentariaceae,ceratodictyon,not_given,FALSE,FALSE,FALSE,FALSE,FALSE,FALSE,FALSE,FALSE,FALSE,FALSE,FALSE,FALSE,FALSE,FALSE,FALSE,FALSE,FALSE,FALSE,FALSE,FALSE,FALSE,FALSE,FALSE,FALSE,FALSE,TRUE,FALSE,FALSE,FALSE,FALSE,FALSE,FALSE,FALSE,florideophyceae,FALSE,FALSE,FALSE,FALSE
cespitularia,mermaid,,,animalia,cnidaria,malacalcyonacea,xeniidae,cespitularia,not_given,not_given,not_given,not_given,not_given,not_given,not_given,not_given,not_given,not_given,not_given,not_given,not_given,not_given,not_given,not_given,not_given,not_given,not_given,not_given,not_given,not_given,not_given,not_given,not_given,FALSE,FALSE,FALSE,FALSE,FALSE,FALSE,FALSE,FALSE,FALSE,octocorallia,FALSE,FALSE,FALSE,TRUE
chironephthya,mermaid,,,animalia,cnidaria,malacalcyonacea,siphonogorgiidae,chironephthya,not_given,not_given,not_given,not_given,not_given,not_given,not_given,not_given,not_given,not_given,not_given,not_given,not_given,not_given,not_given,not_given,not_given,not_given,not_given,not_given,not_given,not_given,not_given,not_given,not_given,FALSE,FALSE,FALSE,FALSE,FALSE,FALSE,FALSE,FALSE,FALSE,octocorallia,FALSE,FALSE,FALSE,TRUE
chlorodesmis,mermaid,,,plantae,chlorophyta,bryopsidales,udoteaceae,chlorodesmis,not_given,FALSE,FALSE,FALSE,FALSE,FALSE,FALSE,FALSE,FALSE,FALSE,FALSE,FALSE,FALSE,FALSE,FALSE,FALSE,FALSE,FALSE,FALSE,FALSE,FALSE,FALSE,FALSE,FALSE,FALSE,FALSE,TRUE,FALSE,FALSE,FALSE,FALSE,FALSE,FALSE,FALSE,ulvophyceae,FALSE,FALSE,FALSE,FALSE
chlorophyta,mermaid,,,plantae,chlorophyta,not_given,not_given,not_given,not_given,FALSE,FALSE,FALSE,FALSE,FALSE,FALSE,FALSE,FALSE,FALSE,FALSE,FALSE,FALSE,FALSE,FALSE,FALSE,FALSE,FALSE,FALSE,FALSE,FALSE,FALSE,FALSE,FALSE,FALSE,FALSE,TRUE,FALSE,FALSE,FALSE,FALSE,FALSE,FALSE,FALSE,not_given,FALSE,FALSE,FALSE,FALSE
chondrilla,mermaid,,,plantae,not_given,asterales,asteraceae,chondrilla,not_given,FALSE,FALSE,FALSE,FALSE,FALSE,FALSE,FALSE,FALSE,FALSE,FALSE,FALSE,FALSE,FALSE,FALSE,FALSE,FALSE,FALSE,FALSE,FALSE,FALSE,FALSE,FALSE,FALSE,FALSE,FALSE,FALSE,FALSE,FALSE,FALSE,FALSE,FALSE,FALSE,FALSE,not_given,FALSE,FALSE,FALSE,FALSE
chondrilla caribensis,mermaid,,,plantae,not_given,asterales,asteraceae,chondrilla,chondrilla_caribensis,FALSE,FALSE,FALSE,FALSE,FALSE,FALSE,FALSE,FALSE,FALSE,FALSE,FALSE,FALSE,FALSE,FALSE,FALSE,FALSE,FALSE,FALSE,FALSE,FALSE,FALSE,FALSE,FALSE,FALSE,FALSE,FALSE,FALSE,FALSE,FALSE,FALSE,FALSE,FALSE,FALSE,not_given,FALSE,FALSE,FALSE,FALSE
chondrillidae,mermaid,,,animalia,porifera,chondrillida,chondrillidae,not_given,not_given,FALSE,FALSE,FALSE,FALSE,FALSE,FALSE,FALSE,FALSE,FALSE,FALSE,FALSE,FALSE,FALSE,FALSE,FALSE,FALSE,FALSE,FALSE,FALSE,FALSE,FALSE,FALSE,FALSE,FALSE,FALSE,FALSE,FALSE,FALSE,FALSE,FALSE,FALSE,FALSE,FALSE,demospongiae,FALSE,FALSE,FALSE,TRUE
chrysocystaceae,mermaid,,,chromista,ochrophyta,sarcinochrysidales,chrysocystaceae,not_given,not_given,FALSE,FALSE,FALSE,FALSE,FALSE,FALSE,FALSE,FALSE,FALSE,FALSE,FALSE,FALSE,FALSE,FALSE,FALSE,FALSE,FALSE,FALSE,FALSE,FALSE,FALSE,FALSE,FALSE,FALSE,FALSE,FALSE,FALSE,FALSE,FALSE,FALSE,FALSE,FALSE,FALSE,pelagophyceae,FALSE,FALSE,FALSE,FALSE
chrysocystis,mermaid,,,chromista,ochrophyta,sarcinochrysidales,chrysocystaceae,chrysocystis,not_given,FALSE,FALSE,FALSE,FALSE,FALSE,FALSE,FALSE,FALSE,FALSE,FALSE,FALSE,FALSE,FALSE,FALSE,FALSE,FALSE,FALSE,FALSE,FALSE,FALSE,FALSE,FALSE,FALSE,FALSE,FALSE,FALSE,FALSE,FALSE,FALSE,FALSE,FALSE,FALSE,FALSE,pelagophyceae,FALSE,FALSE,FALSE,FALSE
chrysocystis fragilis,mermaid,,,chromista,ochrophyta,sarcinochrysidales,chrysocystaceae,chrysocystis,chrysocystis_fragilis,FALSE,FALSE,FALSE,FALSE,FALSE,FALSE,FALSE,FALSE,FALSE,FALSE,FALSE,FALSE,FALSE,FALSE,FALSE,FALSE,FALSE,FALSE,FALSE,FALSE,FALSE,FALSE,FALSE,FALSE,FALSE,FALSE,FALSE,FALSE,FALSE,FALSE,FALSE,FALSE,FALSE,pelagophyceae,FALSE,FALSE,FALSE,FALSE
chrysophyceae,mermaid,,,not_given,ochrophyta,not_given,not_given,not_given,not_given,FALSE,FALSE,FALSE,FALSE,FALSE,FALSE,FALSE,FALSE,FALSE,FALSE,FALSE,FALSE,FALSE,FALSE,FALSE,FALSE,FALSE,FALSE,FALSE,FALSE,FALSE,FALSE,FALSE,FALSE,FALSE,FALSE,FALSE,not_given,FALSE,FALSE,FALSE,FALSE,FALSE,chrysophyceae,FALSE,FALSE,FALSE,FALSE
cladiella,mermaid,,,animalia,cnidaria,malacalcyonacea,alcyoniidae,cladiella,not_given,not_given,not_given,not_given,not_given,not_given,not_given,not_given,not_given,not_given,not_given,not_given,not_given,not_given,not_given,not_given,not_given,not_given,not_given,not_given,not_given,not_given,not_given,not_given,not_given,FALSE,FALSE,FALSE,FALSE,FALSE,FALSE,FALSE,FALSE,FALSE,octocorallia,FALSE,FALSE,FALSE,TRUE
cladocora,mermaid,,,animalia,cnidaria,scleractinia,cladocoridae,cladocora,not_given,not_given,not_given,not_given,not_given,not_given,not_given,not_given,not_given,not_given,not_given,FALSE,FALSE,TRUE,FALSE,not_given,not_given,TRUE,not_given,not_given,not_given,not_given,not_given,FALSE,not_given,FALSE,FALSE,FALSE,FALSE,FALSE,FALSE,FALSE,FALSE,FALSE,hexacorallia,FALSE,FALSE,FALSE,TRUE
cladocora arbuscula,mermaid,,,animalia,cnidaria,scleractinia,cladocoridae,cladocora,cladocora_arbuscula,not_given,not_given,not_given,not_given,FALSE,not_given,FALSE,not_given,FALSE,not_given,FALSE,FALSE,TRUE,FALSE,TRUE,FALSE,TRUE,FALSE,not_given,not_given,not_given,not_given,FALSE,FALSE,FALSE,FALSE,FALSE,FALSE,FALSE,FALSE,FALSE,FALSE,FALSE,hexacorallia,FALSE,FALSE,FALSE,TRUE
cladocora caespitosa,mermaid,,,animalia,cnidaria,scleractinia,cladocoridae,cladocora,cladocora_caespitosa,not_given,not_given,not_given,not_given,not_given,not_given,not_given,not_given,not_given,not_given,FALSE,FALSE,TRUE,FALSE,not_given,FALSE,TRUE,not_given,not_given,not_given,not_given,not_given,TRUE,FALSE,FALSE,FALSE,FALSE,FALSE,FALSE,FALSE,FALSE,FALSE,FALSE,hexacorallia,FALSE,FALSE,FALSE,TRUE
cladocoridae,mermaid,,,animalia,cnidaria,scleractinia,cladocoridae,not_given,not_given,not_given,not_given,not_given,not_given,not_given,not_given,not_given,not_given,not_given,not_given,FALSE,FALSE,TRUE,FALSE,not_given,not_given,TRUE,not_given,not_given,not_given,not_given,not_given,FALSE,not_given,FALSE,FALSE,FALSE,FALSE,FALSE,FALSE,FALSE,FALSE,FALSE,hexacorallia,FALSE,FALSE,FALSE,TRUE
cladophora,mermaid,,,plantae,chlorophyta,cladophorales,cladophoraceae,cladophora,not_given,FALSE,FALSE,FALSE,FALSE,FALSE,FALSE,FALSE,FALSE,FALSE,FALSE,FALSE,FALSE,FALSE,FALSE,FALSE,FALSE,FALSE,FALSE,FALSE,FALSE,FALSE,FALSE,FALSE,FALSE,FALSE,TRUE,FALSE,FALSE,FALSE,FALSE,FALSE,FALSE,FALSE,ulvophyceae,FALSE,FALSE,FALSE,FALSE
cladopsammia,mermaid,,,animalia,cnidaria,scleractinia,dendrophylliidae,cladopsammia,not_given,not_given,not_given,not_given,not_given,not_given,not_given,not_given,not_given,not_given,not_given,FALSE,FALSE,not_given,FALSE,not_given,not_given,FALSE,not_given,not_given,not_given,not_given,not_given,FALSE,not_given,FALSE,FALSE,FALSE,FALSE,FALSE,FALSE,FALSE,FALSE,FALSE,hexacorallia,FALSE,FALSE,FALSE,TRUE
cladopsammia gracilis,mermaid,,,animalia,cnidaria,scleractinia,dendrophylliidae,cladopsammia,cladopsammia_gracilis,not_given,not_given,not_given,not_given,FALSE,not_given,FALSE,not_given,FALSE,not_given,FALSE,TRUE,FALSE,TRUE,TRUE,not_given,FALSE,FALSE,not_given,not_given,not_given,not_given,FALSE,not_given,FALSE,FALSE,FALSE,FALSE,FALSE,FALSE,FALSE,FALSE,FALSE,hexacorallia,FALSE,FALSE,FALSE,TRUE
clam,mermaid,bivalvia,mermaid,animalia,mollusca,not_given,not_given,not_given,not_given,FALSE,FALSE,FALSE,FALSE,FALSE,FALSE,FALSE,FALSE,FALSE,FALSE,FALSE,FALSE,FALSE,FALSE,FALSE,FALSE,FALSE,FALSE,FALSE,FALSE,FALSE,FALSE,FALSE,FALSE,FALSE,FALSE,FALSE,FALSE,FALSE,FALSE,FALSE,FALSE,FALSE,bivalvia,FALSE,FALSE,FALSE,TRUE
clathria,mermaid,,,animalia,porifera,poecilosclerida,microcionidae,clathria,not_given,FALSE,FALSE,FALSE,FALSE,FALSE,FALSE,FALSE,FALSE,FALSE,FALSE,FALSE,FALSE,FALSE,FALSE,FALSE,FALSE,FALSE,FALSE,FALSE,FALSE,FALSE,FALSE,FALSE,FALSE,FALSE,FALSE,FALSE,FALSE,FALSE,FALSE,FALSE,FALSE,FALSE,demospongiae,FALSE,FALSE,FALSE,TRUE
clathria (microciona),mermaid,clathria,mermaid,animalia,porifera,poecilosclerida,microcionidae,clathria,not_given,FALSE,FALSE,FALSE,FALSE,FALSE,FALSE,FALSE,FALSE,FALSE,FALSE,FALSE,FALSE,FALSE,FALSE,FALSE,FALSE,FALSE,FALSE,FALSE,FALSE,FALSE,FALSE,FALSE,FALSE,FALSE,FALSE,FALSE,FALSE,FALSE,FALSE,FALSE,FALSE,FALSE,demospongiae,FALSE,FALSE,FALSE,TRUE
clathria (microciona) mima,mermaid,,,animalia,porifera,poecilosclerida,microcionidae,clathria,clathria_mima,FALSE,FALSE,FALSE,FALSE,FALSE,FALSE,FALSE,FALSE,FALSE,FALSE,FALSE,FALSE,FALSE,FALSE,FALSE,FALSE,FALSE,FALSE,FALSE,FALSE,FALSE,FALSE,FALSE,FALSE,FALSE,FALSE,FALSE,FALSE,FALSE,FALSE,FALSE,FALSE,FALSE,demospongiae,FALSE,FALSE,FALSE,TRUE
clavularia,mermaid,,,animalia,cnidaria,malacalcyonacea,clavulariidae,clavularia,not_given,not_given,not_given,not_given,not_given,not_given,not_given,not_given,not_given,not_given,not_given,not_given,not_given,not_given,not_given,not_given,not_given,not_given,not_given,not_given,not_given,not_given,not_given,not_given,not_given,FALSE,FALSE,FALSE,FALSE,FALSE,FALSE,FALSE,FALSE,FALSE,octocorallia,FALSE,FALSE,FALSE,TRUE
clavulariidae,mermaid,,,animalia,cnidaria,malacalcyonacea,clavulariidae,not_given,not_given,not_given,not_given,not_given,not_given,not_given,not_given,not_given,not_given,not_given,not_given,not_given,not_given,not_given,not_given,not_given,not_given,not_given,not_given,not_given,not_given,not_given,not_given,not_given,not_given,FALSE,FALSE,FALSE,FALSE,FALSE,FALSE,FALSE,FALSE,FALSE,octocorallia,FALSE,FALSE,FALSE,TRUE
cliona,mermaid,,,animalia,porifera,clionaida,clionaidae,cliona,not_given,FALSE,FALSE,FALSE,FALSE,FALSE,FALSE,FALSE,FALSE,FALSE,FALSE,FALSE,FALSE,FALSE,FALSE,FALSE,FALSE,FALSE,FALSE,FALSE,FALSE,FALSE,FALSE,FALSE,FALSE,FALSE,FALSE,FALSE,FALSE,FALSE,FALSE,FALSE,FALSE,FALSE,demospongiae,FALSE,FALSE,FALSE,TRUE
cliona caribbaea,mermaid,,,animalia,porifera,clionaida,clionaidae,cliona,cliona_caribbaea,FALSE,FALSE,FALSE,FALSE,FALSE,FALSE,FALSE,FALSE,FALSE,FALSE,FALSE,FALSE,FALSE,FALSE,FALSE,FALSE,FALSE,FALSE,FALSE,FALSE,FALSE,FALSE,FALSE,FALSE,FALSE,FALSE,FALSE,FALSE,FALSE,FALSE,FALSE,FALSE,FALSE,demospongiae,FALSE,FALSE,FALSE,TRUE
cliona delitrix,mermaid,,,animalia,porifera,clionaida,clionaidae,cliona,cliona_delitrix,FALSE,FALSE,FALSE,FALSE,FALSE,FALSE,FALSE,FALSE,FALSE,FALSE,FALSE,FALSE,FALSE,FALSE,FALSE,FALSE,FALSE,FALSE,FALSE,FALSE,FALSE,FALSE,FALSE,FALSE,FALSE,FALSE,FALSE,FALSE,FALSE,FALSE,FALSE,FALSE,FALSE,demospongiae,FALSE,FALSE,FALSE,TRUE
cliona orientalis,mermaid,,,animalia,porifera,clionaida,clionaidae,cliona,cliona_orientalis,FALSE,FALSE,FALSE,FALSE,FALSE,FALSE,FALSE,FALSE,FALSE,FALSE,FALSE,FALSE,FALSE,FALSE,FALSE,FALSE,FALSE,FALSE,FALSE,FALSE,FALSE,FALSE,FALSE,FALSE,FALSE,FALSE,FALSE,FALSE,FALSE,FALSE,FALSE,FALSE,FALSE,demospongiae,FALSE,FALSE,FALSE,TRUE
cliona tenuis,mermaid,,,animalia,porifera,clionaida,clionaidae,cliona,cliona_tenuis,FALSE,FALSE,FALSE,FALSE,FALSE,FALSE,FALSE,FALSE,FALSE,FALSE,FALSE,FALSE,FALSE,FALSE,FALSE,FALSE,FALSE,FALSE,FALSE,FALSE,FALSE,FALSE,FALSE,FALSE,FALSE,FALSE,FALSE,FALSE,FALSE,FALSE,FALSE,FALSE,FALSE,demospongiae,FALSE,FALSE,FALSE,TRUE
cliona varians,mermaid,,,animalia,porifera,clionaida,clionaidae,cliona,cliona_varians,FALSE,FALSE,FALSE,FALSE,FALSE,FALSE,FALSE,FALSE,FALSE,FALSE,FALSE,FALSE,FALSE,FALSE,FALSE,FALSE,FALSE,FALSE,FALSE,FALSE,FALSE,FALSE,FALSE,FALSE,FALSE,FALSE,FALSE,FALSE,FALSE,FALSE,FALSE,FALSE,FALSE,demospongiae,FALSE,FALSE,FALSE,TRUE
clionaidae,mermaid,,,animalia,porifera,clionaida,clionaidae,not_given,not_given,FALSE,FALSE,FALSE,FALSE,FALSE,FALSE,FALSE,FALSE,FALSE,FALSE,FALSE,FALSE,FALSE,FALSE,FALSE,FALSE,FALSE,FALSE,FALSE,FALSE,FALSE,FALSE,FALSE,FALSE,FALSE,FALSE,FALSE,FALSE,FALSE,FALSE,FALSE,FALSE,FALSE,demospongiae,FALSE,FALSE,FALSE,TRUE
cliothosa,mermaid,,,animalia,porifera,clionaida,clionaidae,cliothosa,not_given,FALSE,FALSE,FALSE,FALSE,FALSE,FALSE,FALSE,FALSE,FALSE,FALSE,FALSE,FALSE,FALSE,FALSE,FALSE,FALSE,FALSE,FALSE,FALSE,FALSE,FALSE,FALSE,FALSE,FALSE,FALSE,FALSE,FALSE,FALSE,FALSE,FALSE,FALSE,FALSE,FALSE,demospongiae,FALSE,FALSE,FALSE,TRUE
cliothosa delitrix,mermaid,,,animalia,porifera,clionaida,clionaidae,cliothosa,cliothosa_delitrix,FALSE,FALSE,FALSE,FALSE,FALSE,FALSE,FALSE,FALSE,FALSE,FALSE,FALSE,FALSE,FALSE,FALSE,FALSE,FALSE,FALSE,FALSE,FALSE,FALSE,FALSE,FALSE,FALSE,FALSE,FALSE,FALSE,FALSE,FALSE,FALSE,FALSE,FALSE,FALSE,FALSE,demospongiae,FALSE,FALSE,FALSE,TRUE
codium,mermaid,,,plantae,chlorophyta,bryopsidales,codiaceae,codium,not_given,FALSE,FALSE,FALSE,FALSE,FALSE,FALSE,FALSE,FALSE,FALSE,FALSE,FALSE,FALSE,FALSE,FALSE,FALSE,FALSE,FALSE,FALSE,FALSE,FALSE,FALSE,FALSE,FALSE,FALSE,FALSE,TRUE,FALSE,FALSE,FALSE,FALSE,FALSE,FALSE,FALSE,ulvophyceae,FALSE,FALSE,FALSE,FALSE
codium fragile,mermaid,,,plantae,chlorophyta,bryopsidales,codiaceae,codium,codium_fragile,FALSE,FALSE,FALSE,FALSE,FALSE,FALSE,FALSE,FALSE,FALSE,FALSE,FALSE,FALSE,FALSE,FALSE,FALSE,FALSE,FALSE,FALSE,FALSE,FALSE,FALSE,FALSE,FALSE,FALSE,FALSE,TRUE,FALSE,FALSE,FALSE,FALSE,FALSE,FALSE,FALSE,ulvophyceae,FALSE,FALSE,FALSE,FALSE
coelastrea,mermaid,,,animalia,cnidaria,scleractinia,merulinidae,coelastrea,not_given,not_given,not_given,not_given,not_given,not_given,not_given,not_given,not_given,not_given,not_given,FALSE,FALSE,not_given,FALSE,not_given,not_given,FALSE,not_given,not_given,not_given,not_given,not_given,FALSE,not_given,FALSE,FALSE,FALSE,FALSE,FALSE,FALSE,FALSE,FALSE,FALSE,hexacorallia,FALSE,FALSE,FALSE,TRUE
coelastrea aspera,mermaid,,,animalia,cnidaria,scleractinia,merulinidae,coelastrea,coelastrea_aspera,not_given,not_given,not_given,not_given,not_given,not_given,not_given,not_given,not_given,not_given,FALSE,FALSE,not_given,FALSE,not_given,not_given,FALSE,not_given,not_given,not_given,not_given,not_given,FALSE,not_given,FALSE,FALSE,FALSE,FALSE,FALSE,FALSE,FALSE,FALSE,FALSE,hexacorallia,FALSE,FALSE,FALSE,TRUE
coeloseris,mermaid,,,animalia,cnidaria,scleractinia,euphylliidae,coeloseris,not_given,not_given,not_given,not_given,not_given,TRUE,not_given,not_given,not_given,not_given,not_given,FALSE,FALSE,not_given,FALSE,not_given,not_given,FALSE,not_given,not_given,not_given,not_given,not_given,FALSE,not_given,FALSE,FALSE,FALSE,FALSE,FALSE,FALSE,FALSE,FALSE,FALSE,hexacorallia,FALSE,FALSE,FALSE,TRUE
coeloseris mayeri,mermaid,,,animalia,cnidaria,scleractinia,euphylliidae,coeloseris,coeloseris_mayeri,not_given,not_given,not_given,not_given,TRUE,not_given,not_given,not_given,not_given,not_given,FALSE,FALSE,not_given,FALSE,not_given,not_given,FALSE,not_given,not_given,not_given,not_given,not_given,FALSE,not_given,FALSE,FALSE,FALSE,FALSE,FALSE,FALSE,FALSE,FALSE,FALSE,hexacorallia,FALSE,FALSE,FALSE,TRUE
coelothrix,mermaid,,,plantae,rhodophyta,rhodymeniales,champiaceae,coelothrix,not_given,FALSE,FALSE,FALSE,FALSE,FALSE,FALSE,FALSE,FALSE,FALSE,FALSE,FALSE,FALSE,FALSE,FALSE,FALSE,FALSE,FALSE,FALSE,FALSE,FALSE,FALSE,FALSE,FALSE,FALSE,FALSE,TRUE,FALSE,FALSE,FALSE,FALSE,FALSE,FALSE,FALSE,florideophyceae,FALSE,FALSE,FALSE,FALSE
colpomenia,mermaid,,,not_given,ochrophyta,ectocarpales,scytosiphonaceae,colpomenia,not_given,FALSE,FALSE,FALSE,FALSE,FALSE,FALSE,FALSE,FALSE,FALSE,FALSE,FALSE,FALSE,FALSE,FALSE,FALSE,FALSE,FALSE,FALSE,FALSE,FALSE,FALSE,FALSE,FALSE,FALSE,FALSE,TRUE,FALSE,not_given,FALSE,FALSE,FALSE,not_given,FALSE,phaeophyceae,FALSE,FALSE,FALSE,FALSE
colpophyllia,mermaid,,,animalia,cnidaria,scleractinia,mussidae,colpophyllia,not_given,not_given,not_given,not_given,not_given,not_given,not_given,not_given,not_given,not_given,not_given,FALSE,FALSE,not_given,FALSE,not_given,not_given,FALSE,not_given,not_given,not_given,not_given,not_given,FALSE,not_given,FALSE,FALSE,FALSE,FALSE,FALSE,FALSE,FALSE,FALSE,FALSE,hexacorallia,FALSE,FALSE,FALSE,TRUE
colpophyllia natans,mermaid,,,animalia,cnidaria,scleractinia,mussidae,colpophyllia,colpophyllia_natans,FALSE,FALSE,TRUE,FALSE,TRUE,not_given,TRUE,FALSE,FALSE,not_given,FALSE,FALSE,not_given,FALSE,FALSE,not_given,FALSE,TRUE,not_given,FALSE,FALSE,not_given,not_given,FALSE,FALSE,FALSE,FALSE,FALSE,FALSE,FALSE,FALSE,FALSE,FALSE,hexacorallia,FALSE,FALSE,FALSE,TRUE
coralimorph,mermaid,corallimorpharia,mermaid,animalia,cnidaria,corallimorpharia,not_given,not_given,not_given,not_given,not_given,not_given,not_given,not_given,not_given,not_given,not_given,not_given,not_given,not_given,not_given,not_given,not_given,not_given,not_given,not_given,not_given,not_given,not_given,not_given,not_given,not_given,not_given,FALSE,FALSE,FALSE,FALSE,FALSE,FALSE,FALSE,FALSE,FALSE,hexacorallia,FALSE,FALSE,FALSE,TRUE
corallimorpharia,mermaid,,,animalia,cnidaria,corallimorpharia,not_given,not_given,not_given,not_given,not_given,not_given,not_given,not_given,not_given,not_given,not_given,not_given,not_given,not_given,not_given,not_given,not_given,not_given,not_given,not_given,not_given,not_given,not_given,not_given,not_given,not_given,not_given,FALSE,FALSE,FALSE,FALSE,FALSE,FALSE,FALSE,FALSE,FALSE,hexacorallia,FALSE,FALSE,FALSE,TRUE
corallina,mermaid,,,not_given,rhodophyta,corallinales,corallinaceae,corallina,not_given,FALSE,FALSE,FALSE,FALSE,FALSE,FALSE,FALSE,FALSE,FALSE,FALSE,FALSE,FALSE,FALSE,FALSE,FALSE,FALSE,FALSE,FALSE,FALSE,FALSE,FALSE,FALSE,FALSE,FALSE,FALSE,TRUE,FALSE,not_given,FALSE,FALSE,FALSE,FALSE,FALSE,florideophyceae,FALSE,FALSE,FALSE,FALSE
corallina officinalis,mermaid,,,not_given,rhodophyta,corallinales,corallinaceae,corallina,corallina_officinalis,FALSE,FALSE,FALSE,FALSE,FALSE,FALSE,FALSE,FALSE,FALSE,FALSE,FALSE,FALSE,FALSE,FALSE,FALSE,FALSE,FALSE,FALSE,FALSE,FALSE,FALSE,FALSE,FALSE,FALSE,FALSE,TRUE,FALSE,not_given,FALSE,FALSE,FALSE,FALSE,FALSE,florideophyceae,FALSE,FALSE,FALSE,FALSE
corallinaceae,mermaid,,,not_given,rhodophyta,corallinales,corallinaceae,not_given,not_given,FALSE,FALSE,FALSE,FALSE,FALSE,FALSE,FALSE,FALSE,FALSE,FALSE,FALSE,FALSE,FALSE,FALSE,FALSE,FALSE,FALSE,FALSE,FALSE,FALSE,FALSE,FALSE,FALSE,FALSE,FALSE,TRUE,FALSE,not_given,FALSE,FALSE,FALSE,FALSE,FALSE,florideophyceae,FALSE,FALSE,FALSE,FALSE
coralline algae,mermaid,,,not_given,rhodophyta,corallinales,not_given,not_given,not_given,FALSE,FALSE,FALSE,FALSE,FALSE,FALSE,FALSE,FALSE,FALSE,FALSE,FALSE,FALSE,FALSE,FALSE,FALSE,FALSE,FALSE,FALSE,FALSE,FALSE,FALSE,FALSE,FALSE,FALSE,FALSE,TRUE,FALSE,not_given,FALSE,FALSE,FALSE,not_given,FALSE,florideophyceae,FALSE,FALSE,FALSE,FALSE
coscinaraea,mermaid,,,animalia,cnidaria,scleractinia,coscinaraeidae,coscinaraea,not_given,not_given,not_given,not_given,not_given,not_given,not_given,not_given,not_given,not_given,not_given,FALSE,FALSE,not_given,FALSE,not_given,not_given,FALSE,not_given,not_given,not_given,not_given,not_given,FALSE,not_given,FALSE,FALSE,FALSE,FALSE,FALSE,FALSE,FALSE,FALSE,FALSE,hexacorallia,FALSE,FALSE,FALSE,TRUE
coscinaraea monile,mermaid,,,animalia,cnidaria,scleractinia,coscinaraeidae,coscinaraea,coscinaraea_monile,FALSE,FALSE,not_given,FALSE,TRUE,not_given,TRUE,not_given,not_given,not_given,FALSE,FALSE,not_given,FALSE,FALSE,not_given,FALSE,not_given,not_given,FALSE,FALSE,not_given,FALSE,FALSE,FALSE,FALSE,FALSE,FALSE,FALSE,FALSE,FALSE,FALSE,FALSE,hexacorallia,FALSE,FALSE,FALSE,TRUE
coscinaraeidae,mermaid,,,animalia,cnidaria,scleractinia,coscinaraeidae,not_given,not_given,not_given,not_given,not_given,not_given,not_given,not_given,not_given,not_given,not_given,not_given,FALSE,FALSE,not_given,FALSE,not_given,not_given,FALSE,not_given,not_given,not_given,not_given,not_given,FALSE,not_given,FALSE,FALSE,FALSE,FALSE,FALSE,FALSE,FALSE,FALSE,FALSE,hexacorallia,FALSE,FALSE,FALSE,TRUE
craterastrea,mermaid,,,animalia,cnidaria,scleractinia,coscinaraeidae,craterastrea,not_given,not_given,FALSE,not_given,not_given,not_given,not_given,not_given,FALSE,not_given,not_given,FALSE,FALSE,not_given,FALSE,not_given,TRUE,FALSE,not_given,not_given,not_given,not_given,not_given,FALSE,not_given,FALSE,FALSE,FALSE,FALSE,FALSE,FALSE,FALSE,FALSE,FALSE,hexacorallia,FALSE,FALSE,FALSE,TRUE
crinoid,mermaid,,,animalia,echinodermata,not_given,not_given,not_given,not_given,FALSE,FALSE,FALSE,FALSE,FALSE,FALSE,FALSE,FALSE,FALSE,FALSE,FALSE,FALSE,FALSE,FALSE,FALSE,FALSE,FALSE,FALSE,FALSE,FALSE,FALSE,FALSE,FALSE,FALSE,FALSE,FALSE,FALSE,FALSE,FALSE,FALSE,FALSE,FALSE,FALSE,crinoidea,FALSE,FALSE,FALSE,TRUE
crustose coralline algae,mermaid,,,not_given,rhodophyta,corallinales,not_given,not_given,not_given,FALSE,FALSE,FALSE,FALSE,FALSE,FALSE,FALSE,FALSE,FALSE,FALSE,FALSE,FALSE,FALSE,FALSE,FALSE,FALSE,FALSE,FALSE,FALSE,FALSE,FALSE,FALSE,FALSE,FALSE,FALSE,TRUE,FALSE,not_given,FALSE,FALSE,FALSE,FALSE,FALSE,florideophyceae,FALSE,FALSE,FALSE,FALSE
cryptonemia,mermaid,,,plantae,rhodophyta,halymeniales,halymeniaceae,cryptonemia,not_given,FALSE,FALSE,FALSE,FALSE,FALSE,FALSE,FALSE,FALSE,FALSE,FALSE,FALSE,FALSE,FALSE,FALSE,FALSE,FALSE,FALSE,FALSE,FALSE,FALSE,FALSE,FALSE,FALSE,FALSE,FALSE,TRUE,FALSE,FALSE,FALSE,FALSE,FALSE,FALSE,FALSE,florideophyceae,FALSE,FALSE,FALSE,FALSE
ctenactis,mermaid,,,animalia,cnidaria,scleractinia,fungiidae,ctenactis,not_given,FALSE,FALSE,FALSE,TRUE,FALSE,not_given,not_given,not_given,not_given,not_given,TRUE,FALSE,not_given,FALSE,FALSE,not_given,FALSE,FALSE,FALSE,FALSE,FALSE,TRUE,FALSE,FALSE,FALSE,FALSE,FALSE,FALSE,FALSE,FALSE,FALSE,FALSE,FALSE,hexacorallia,FALSE,FALSE,FALSE,TRUE
ctenactis echinata,mermaid,,,animalia,cnidaria,scleractinia,fungiidae,ctenactis,ctenactis_echinata,FALSE,FALSE,FALSE,TRUE,FALSE,not_given,not_given,not_given,not_given,not_given,TRUE,FALSE,not_given,FALSE,FALSE,not_given,FALSE,FALSE,FALSE,FALSE,FALSE,TRUE,FALSE,FALSE,FALSE,FALSE,FALSE,FALSE,FALSE,FALSE,FALSE,FALSE,FALSE,hexacorallia,FALSE,FALSE,FALSE,TRUE
ctenella,mermaid,,,animalia,cnidaria,scleractinia,euphylliidae,ctenella,not_given,FALSE,FALSE,TRUE,FALSE,TRUE,not_given,not_given,FALSE,FALSE,not_given,FALSE,FALSE,TRUE,FALSE,FALSE,not_given,FALSE,TRUE,not_given,FALSE,FALSE,not_given,not_given,FALSE,FALSE,FALSE,FALSE,FALSE,FALSE,FALSE,FALSE,FALSE,FALSE,hexacorallia,FALSE,FALSE,FALSE,TRUE
culcita novaeguineae,mermaid,,,animalia,echinodermata,valvatida,oreasteridae,culcita,culcita_novaeguineae,FALSE,FALSE,FALSE,FALSE,FALSE,FALSE,FALSE,FALSE,FALSE,FALSE,FALSE,FALSE,FALSE,FALSE,FALSE,FALSE,FALSE,FALSE,FALSE,FALSE,FALSE,FALSE,FALSE,FALSE,FALSE,FALSE,FALSE,FALSE,FALSE,FALSE,FALSE,FALSE,FALSE,asteroidea,FALSE,FALSE,FALSE,TRUE
culicia tenella,mermaid,,,animalia,cnidaria,scleractinia,rhizangiidae,culicia,culicia_tenella,FALSE,FALSE,not_given,FALSE,not_given,not_given,TRUE,not_given,not_given,not_given,FALSE,TRUE,not_given,FALSE,FALSE,not_given,FALSE,not_given,not_given,FALSE,FALSE,not_given,FALSE,FALSE,FALSE,FALSE,FALSE,FALSE,FALSE,FALSE,FALSE,FALSE,FALSE,hexacorallia,FALSE,FALSE,FALSE,TRUE
cyanobacteria,mermaid,,,bacillati,cyanobacteriota,not_given,not_given,not_given,not_given,FALSE,FALSE,FALSE,FALSE,FALSE,FALSE,FALSE,FALSE,FALSE,FALSE,FALSE,FALSE,FALSE,FALSE,FALSE,FALSE,FALSE,FALSE,FALSE,FALSE,FALSE,FALSE,FALSE,FALSE,FALSE,FALSE,FALSE,FALSE,FALSE,FALSE,FALSE,FALSE,FALSE,not_given,FALSE,FALSE,FALSE,FALSE
cycloseris,mermaid,,,animalia,cnidaria,scleractinia,fungiidae,cycloseris,not_given,FALSE,FALSE,not_given,FALSE,not_given,not_given,not_given,not_given,not_given,not_given,FALSE,FALSE,not_given,FALSE,FALSE,not_given,FALSE,not_given,not_given,FALSE,FALSE,not_given,FALSE,FALSE,FALSE,FALSE,FALSE,FALSE,FALSE,FALSE,FALSE,FALSE,FALSE,hexacorallia,FALSE,FALSE,FALSE,TRUE
cycloseris costulata,mermaid,,,animalia,cnidaria,scleractinia,fungiidae,cycloseris,cycloseris_costulata,TRUE,FALSE,not_given,FALSE,not_given,not_given,not_given,not_given,not_given,not_given,TRUE,FALSE,not_given,FALSE,FALSE,not_given,FALSE,not_given,not_given,FALSE,FALSE,not_given,FALSE,FALSE,FALSE,FALSE,FALSE,FALSE,FALSE,FALSE,FALSE,FALSE,FALSE,hexacorallia,FALSE,FALSE,FALSE,TRUE
cycloseris curvata,mermaid,,,animalia,cnidaria,scleractinia,fungiidae,cycloseris,cycloseris_curvata,TRUE,FALSE,not_given,FALSE,not_given,not_given,not_given,not_given,not_given,not_given,TRUE,FALSE,not_given,FALSE,FALSE,not_given,FALSE,not_given,not_given,FALSE,FALSE,not_given,FALSE,FALSE,FALSE,FALSE,FALSE,FALSE,FALSE,FALSE,FALSE,FALSE,FALSE,hexacorallia,FALSE,FALSE,FALSE,TRUE
cycloseris explanulata,mermaid,,,animalia,cnidaria,scleractinia,fungiidae,cycloseris,cycloseris_explanulata,FALSE,FALSE,not_given,FALSE,not_given,not_given,TRUE,not_given,not_given,not_given,FALSE,FALSE,not_given,FALSE,FALSE,not_given,FALSE,not_given,not_given,FALSE,FALSE,not_given,FALSE,FALSE,FALSE,FALSE,FALSE,FALSE,FALSE,FALSE,FALSE,FALSE,FALSE,hexacorallia,FALSE,FALSE,FALSE,TRUE
cycloseris fragilis,mermaid,,,animalia,cnidaria,scleractinia,fungiidae,cycloseris,cycloseris_fragilis,FALSE,FALSE,not_given,FALSE,not_given,not_given,not_given,not_given,not_given,not_given,FALSE,FALSE,not_given,FALSE,FALSE,not_given,FALSE,not_given,not_given,FALSE,FALSE,not_given,FALSE,FALSE,FALSE,FALSE,FALSE,FALSE,FALSE,FALSE,FALSE,FALSE,FALSE,hexacorallia,FALSE,FALSE,FALSE,TRUE
cycloseris vaughani,mermaid,,,animalia,cnidaria,scleractinia,fungiidae,cycloseris,cycloseris_vaughani,TRUE,FALSE,not_given,FALSE,not_given,not_given,not_given,not_given,not_given,not_given,TRUE,FALSE,not_given,FALSE,FALSE,not_given,FALSE,not_given,not_given,FALSE,FALSE,not_given,FALSE,FALSE,FALSE,FALSE,FALSE,FALSE,FALSE,FALSE,FALSE,FALSE,FALSE,hexacorallia,FALSE,FALSE,FALSE,TRUE
cymodocea,mermaid,,,plantae,not_given,alismatales,cymodoceaceae,cymodocea,not_given,FALSE,FALSE,FALSE,FALSE,FALSE,FALSE,FALSE,FALSE,FALSE,FALSE,FALSE,FALSE,FALSE,FALSE,FALSE,FALSE,FALSE,FALSE,FALSE,FALSE,FALSE,FALSE,FALSE,FALSE,FALSE,FALSE,FALSE,FALSE,FALSE,FALSE,FALSE,FALSE,FALSE,not_given,FALSE,FALSE,FALSE,FALSE
cymodocea rotundata,mermaid,,,plantae,not_given,alismatales,cymodoceaceae,cymodocea,cymodocea_rotundata,FALSE,FALSE,FALSE,FALSE,FALSE,FALSE,FALSE,FALSE,FALSE,FALSE,FALSE,FALSE,FALSE,FALSE,FALSE,FALSE,FALSE,FALSE,FALSE,FALSE,FALSE,FALSE,FALSE,FALSE,FALSE,FALSE,FALSE,FALSE,FALSE,FALSE,FALSE,FALSE,FALSE,not_given,FALSE,FALSE,FALSE,FALSE
cymodocea serrulata,mermaid,,,plantae,not_given,alismatales,cymodoceaceae,cymodocea,cymodocea_serrulata,FALSE,FALSE,FALSE,FALSE,FALSE,FALSE,FALSE,FALSE,FALSE,FALSE,FALSE,FALSE,FALSE,FALSE,FALSE,FALSE,FALSE,FALSE,FALSE,FALSE,FALSE,FALSE,FALSE,FALSE,FALSE,FALSE,FALSE,FALSE,FALSE,FALSE,FALSE,FALSE,FALSE,not_given,FALSE,FALSE,FALSE,FALSE
cymodoceaceae,mermaid,,,plantae,not_given,alismatales,cymodoceaceae,not_given,not_given,FALSE,FALSE,FALSE,FALSE,FALSE,FALSE,FALSE,FALSE,FALSE,FALSE,FALSE,FALSE,FALSE,FALSE,FALSE,FALSE,FALSE,FALSE,FALSE,FALSE,FALSE,FALSE,FALSE,FALSE,FALSE,FALSE,FALSE,FALSE,FALSE,FALSE,FALSE,FALSE,FALSE,not_given,FALSE,FALSE,FALSE,FALSE
cynarina,mermaid,,,animalia,cnidaria,scleractinia,lobophylliidae,cynarina,not_given,not_given,not_given,not_given,not_given,not_given,not_given,not_given,not_given,not_given,not_given,TRUE,FALSE,not_given,FALSE,not_given,not_given,FALSE,not_given,not_given,not_given,not_given,not_given,not_given,not_given,FALSE,FALSE,FALSE,FALSE,FALSE,FALSE,FALSE,FALSE,FALSE,hexacorallia,FALSE,FALSE,FALSE,TRUE
cyphastrea,mermaid,,,animalia,cnidaria,scleractinia,merulinidae,cyphastrea,not_given,not_given,not_given,not_given,not_given,not_given,not_given,not_given,not_given,not_given,not_given,FALSE,FALSE,not_given,FALSE,not_given,not_given,FALSE,not_given,not_given,not_given,not_given,not_given,FALSE,not_given,FALSE,FALSE,FALSE,FALSE,FALSE,FALSE,FALSE,FALSE,FALSE,hexacorallia,FALSE,FALSE,FALSE,TRUE
cyphastrea agassizi,mermaid,,,animalia,cnidaria,scleractinia,merulinidae,cyphastrea,cyphastrea_agassizi,not_given,not_given,not_given,not_given,TRUE,not_given,not_given,not_given,not_given,not_given,FALSE,FALSE,not_given,FALSE,not_given,not_given,FALSE,not_given,not_given,not_given,not_given,not_given,FALSE,not_given,FALSE,FALSE,FALSE,FALSE,FALSE,FALSE,FALSE,FALSE,FALSE,hexacorallia,FALSE,FALSE,FALSE,TRUE
cyphastrea chalcidicum,mermaid,,,animalia,cnidaria,scleractinia,merulinidae,cyphastrea,cyphastrea_chalcidicum,FALSE,FALSE,not_given,FALSE,TRUE,not_given,TRUE,not_given,not_given,TRUE,FALSE,FALSE,not_given,FALSE,FALSE,not_given,FALSE,not_given,not_given,FALSE,FALSE,not_given,FALSE,FALSE,FALSE,FALSE,FALSE,FALSE,FALSE,FALSE,FALSE,FALSE,FALSE,hexacorallia,FALSE,FALSE,FALSE,TRUE
cyphastrea microphthalma,mermaid,,,animalia,cnidaria,scleractinia,merulinidae,cyphastrea,cyphastrea_microphthalma,not_given,not_given,not_given,not_given,not_given,not_given,not_given,not_given,not_given,not_given,FALSE,FALSE,not_given,FALSE,not_given,not_given,FALSE,not_given,not_given,not_given,not_given,not_given,FALSE,not_given,FALSE,FALSE,FALSE,FALSE,FALSE,FALSE,FALSE,FALSE,FALSE,hexacorallia,FALSE,FALSE,FALSE,TRUE
cyphastrea ocellina,mermaid,,,animalia,cnidaria,scleractinia,merulinidae,cyphastrea,cyphastrea_ocellina,FALSE,FALSE,not_given,FALSE,TRUE,not_given,TRUE,not_given,not_given,not_given,FALSE,FALSE,not_given,FALSE,FALSE,not_given,FALSE,not_given,not_given,FALSE,FALSE,not_given,FALSE,FALSE,FALSE,FALSE,FALSE,FALSE,FALSE,FALSE,FALSE,FALSE,FALSE,hexacorallia,FALSE,FALSE,FALSE,TRUE
cyphastrea serailia,mermaid,,,animalia,cnidaria,scleractinia,merulinidae,cyphastrea,cyphastrea_serailia,FALSE,FALSE,not_given,FALSE,TRUE,not_given,TRUE,not_given,not_given,TRUE,FALSE,FALSE,not_given,FALSE,FALSE,not_given,FALSE,not_given,not_given,FALSE,FALSE,not_given,FALSE,FALSE,FALSE,FALSE,FALSE,FALSE,FALSE,FALSE,FALSE,FALSE,FALSE,hexacorallia,FALSE,FALSE,FALSE,TRUE
cystoseira,mermaid,,,not_given,ochrophyta,fucales,sargassaceae,cystoseira,not_given,FALSE,FALSE,FALSE,FALSE,FALSE,FALSE,FALSE,FALSE,FALSE,FALSE,FALSE,FALSE,FALSE,FALSE,FALSE,FALSE,FALSE,FALSE,FALSE,FALSE,FALSE,FALSE,FALSE,FALSE,FALSE,TRUE,FALSE,not_given,FALSE,FALSE,FALSE,FALSE,FALSE,phaeophyceae,FALSE,FALSE,FALSE,FALSE
danafungia,mermaid,,,animalia,cnidaria,scleractinia,fungiidae,danafungia,not_given,FALSE,FALSE,FALSE,FALSE,FALSE,not_given,not_given,not_given,not_given,not_given,FALSE,FALSE,not_given,FALSE,FALSE,not_given,FALSE,FALSE,FALSE,FALSE,FALSE,not_given,FALSE,FALSE,FALSE,FALSE,FALSE,FALSE,FALSE,FALSE,FALSE,FALSE,FALSE,hexacorallia,FALSE,FALSE,FALSE,TRUE
dead coral,mermaid,,,animalia,cnidaria,not_given,not_given,not_given,not_given,not_given,not_given,not_given,not_given,not_given,not_given,not_given,not_given,not_given,not_given,not_given,not_given,not_given,not_given,not_given,not_given,not_given,not_given,not_given,not_given,not_given,not_given,not_given,not_given,FALSE,FALSE,FALSE,FALSE,FALSE,FALSE,FALSE,FALSE,FALSE,hexacorallia,FALSE,FALSE,not_given,FALSE
dendrogyra,mermaid,,,animalia,cnidaria,scleractinia,meandrinidae,dendrogyra,not_given,FALSE,FALSE,not_given,FALSE,TRUE,not_given,TRUE,not_given,not_given,TRUE,FALSE,FALSE,not_given,FALSE,FALSE,not_given,FALSE,not_given,not_given,FALSE,FALSE,not_given,FALSE,FALSE,TRUE,FALSE,FALSE,FALSE,FALSE,FALSE,FALSE,FALSE,FALSE,hexacorallia,FALSE,FALSE,FALSE,TRUE
dendrogyra cylindrus,mermaid,,,animalia,cnidaria,scleractinia,meandrinidae,dendrogyra,dendrogyra_cylindrus,FALSE,FALSE,not_given,FALSE,TRUE,not_given,TRUE,not_given,not_given,TRUE,FALSE,FALSE,not_given,FALSE,FALSE,not_given,FALSE,not_given,not_given,FALSE,FALSE,not_given,FALSE,FALSE,FALSE,FALSE,FALSE,FALSE,FALSE,FALSE,FALSE,FALSE,FALSE,hexacorallia,FALSE,FALSE,FALSE,TRUE
dendronephthya,mermaid,,,animalia,cnidaria,malacalcyonacea,nephtheidae,dendronephthya,not_given,not_given,not_given,not_given,not_given,not_given,not_given,not_given,not_given,not_given,not_given,not_given,not_given,not_given,not_given,not_given,not_given,not_given,not_given,not_given,not_given,not_given,not_given,not_given,not_given,FALSE,FALSE,FALSE,FALSE,FALSE,FALSE,FALSE,FALSE,FALSE,octocorallia,FALSE,FALSE,FALSE,TRUE
dendronepthea,mermaid,dendronephthya,mermaid,animalia,cnidaria,malacalcyonacea,nephtheidae,dendronephthya,not_given,not_given,not_given,not_given,not_given,not_given,not_given,not_given,not_given,not_given,not_given,not_given,not_given,not_given,not_given,not_given,not_given,not_given,not_given,not_given,not_given,not_given,not_given,not_given,not_given,FALSE,FALSE,FALSE,FALSE,FALSE,FALSE,FALSE,FALSE,FALSE,octocorallia,FALSE,FALSE,FALSE,TRUE
dendrophyllia,mermaid,,,animalia,cnidaria,scleractinia,dendrophylliidae,dendrophyllia,not_given,not_given,not_given,not_given,not_given,not_given,not_given,not_given,not_given,not_given,not_given,FALSE,TRUE,not_given,FALSE,not_given,not_given,FALSE,not_given,not_given,not_given,not_given,not_given,FALSE,not_given,FALSE,FALSE,FALSE,FALSE,FALSE,FALSE,FALSE,FALSE,FALSE,hexacorallia,FALSE,FALSE,FALSE,TRUE
dendrophylliidae,mermaid,,,animalia,cnidaria,scleractinia,dendrophylliidae,not_given,not_given,not_given,not_given,not_given,not_given,not_given,not_given,not_given,not_given,not_given,not_given,FALSE,FALSE,not_given,FALSE,not_given,not_given,FALSE,not_given,not_given,not_given,not_given,not_given,FALSE,not_given,FALSE,FALSE,FALSE,FALSE,FALSE,FALSE,FALSE,FALSE,FALSE,hexacorallia,FALSE,FALSE,FALSE,TRUE
derbesia,mermaid,,,plantae,chlorophyta,bryopsidales,derbesiaceae,derbesia,not_given,FALSE,FALSE,FALSE,FALSE,FALSE,FALSE,FALSE,FALSE,FALSE,FALSE,FALSE,FALSE,FALSE,FALSE,FALSE,FALSE,FALSE,FALSE,FALSE,FALSE,FALSE,FALSE,FALSE,FALSE,FALSE,TRUE,FALSE,FALSE,FALSE,FALSE,FALSE,FALSE,FALSE,ulvophyceae,FALSE,FALSE,FALSE,FALSE
diadema,mermaid,,,animalia,echinodermata,diadematoida,diadematidae,diadema,not_given,FALSE,FALSE,FALSE,FALSE,FALSE,FALSE,FALSE,FALSE,FALSE,FALSE,FALSE,FALSE,FALSE,FALSE,FALSE,FALSE,FALSE,FALSE,FALSE,FALSE,FALSE,FALSE,FALSE,FALSE,FALSE,FALSE,FALSE,FALSE,FALSE,FALSE,FALSE,FALSE,FALSE,echinoidea,FALSE,FALSE,FALSE,TRUE
diadema antillarum,mermaid,,,animalia,echinodermata,diadematoida,diadematidae,diadema,diadema_antillarum,FALSE,FALSE,FALSE,FALSE,FALSE,FALSE,FALSE,FALSE,FALSE,FALSE,FALSE,FALSE,FALSE,FALSE,FALSE,FALSE,FALSE,FALSE,FALSE,FALSE,FALSE,FALSE,FALSE,FALSE,FALSE,FALSE,FALSE,FALSE,FALSE,FALSE,FALSE,FALSE,FALSE,echinoidea,FALSE,FALSE,FALSE,TRUE
diadema setosum,mermaid,,,animalia,echinodermata,diadematoida,diadematidae,diadema,diadema_setosum,FALSE,FALSE,FALSE,FALSE,FALSE,FALSE,FALSE,FALSE,FALSE,FALSE,FALSE,FALSE,FALSE,FALSE,FALSE,FALSE,FALSE,FALSE,FALSE,FALSE,FALSE,FALSE,FALSE,FALSE,FALSE,FALSE,FALSE,FALSE,FALSE,FALSE,FALSE,FALSE,FALSE,echinoidea,FALSE,FALSE,FALSE,TRUE
diaseris,mermaid,,,animalia,cnidaria,scleractinia,fungiidae,diaseris,not_given,FALSE,FALSE,not_given,FALSE,not_given,not_given,not_given,not_given,not_given,not_given,FALSE,FALSE,not_given,FALSE,FALSE,not_given,FALSE,not_given,not_given,FALSE,FALSE,TRUE,FALSE,FALSE,FALSE,FALSE,FALSE,FALSE,FALSE,FALSE,FALSE,FALSE,FALSE,hexacorallia,FALSE,FALSE,FALSE,TRUE
dichocoenia,mermaid,,,animalia,cnidaria,scleractinia,meandrinidae,dichocoenia,not_given,not_given,not_given,not_given,not_given,not_given,not_given,not_given,not_given,not_given,not_given,FALSE,FALSE,not_given,FALSE,not_given,not_given,FALSE,not_given,not_given,not_given,not_given,not_given,FALSE,not_given,FALSE,FALSE,FALSE,FALSE,FALSE,FALSE,FALSE,FALSE,FALSE,hexacorallia,FALSE,FALSE,FALSE,TRUE
dichocoenia stellaris,mermaid,,,animalia,cnidaria,scleractinia,meandrinidae,dichocoenia,dichocoenia_stellaris,not_given,FALSE,not_given,not_given,not_given,not_given,not_given,FALSE,not_given,not_given,FALSE,FALSE,TRUE,FALSE,not_given,TRUE,FALSE,not_given,not_given,not_given,not_given,not_given,FALSE,not_given,FALSE,FALSE,FALSE,FALSE,FALSE,FALSE,FALSE,FALSE,FALSE,hexacorallia,FALSE,FALSE,FALSE,TRUE
dichocoenia stokesii,mermaid,,,animalia,cnidaria,scleractinia,meandrinidae,dichocoenia,dichocoenia_stokesii,FALSE,FALSE,TRUE,FALSE,TRUE,not_given,not_given,FALSE,FALSE,not_given,FALSE,FALSE,TRUE,FALSE,FALSE,not_given,FALSE,TRUE,TRUE,FALSE,FALSE,not_given,not_given,FALSE,FALSE,FALSE,FALSE,FALSE,FALSE,FALSE,FALSE,FALSE,FALSE,hexacorallia,FALSE,FALSE,FALSE,TRUE
dichotella,mermaid,,,animalia,cnidaria,scleralcyonacea,ellisellidae,dichotella,not_given,not_given,not_given,not_given,not_given,not_given,not_given,not_given,not_given,not_given,not_given,not_given,not_given,not_given,not_given,not_given,not_given,not_given,not_given,not_given,not_given,not_given,not_given,not_given,not_given,FALSE,FALSE,FALSE,FALSE,FALSE,FALSE,FALSE,FALSE,FALSE,octocorallia,FALSE,FALSE,FALSE,TRUE
dichotomosiphonaceae,mermaid,,,plantae,chlorophyta,bryopsidales,dichotomosiphonaceae,not_given,not_given,FALSE,FALSE,FALSE,FALSE,FALSE,FALSE,FALSE,FALSE,FALSE,FALSE,FALSE,FALSE,FALSE,FALSE,FALSE,FALSE,FALSE,FALSE,FALSE,FALSE,FALSE,FALSE,FALSE,FALSE,FALSE,TRUE,FALSE,FALSE,FALSE,FALSE,FALSE,FALSE,FALSE,ulvophyceae,FALSE,FALSE,FALSE,FALSE
dictyopteris,mermaid,,,not_given,ochrophyta,dictyotales,dictyotaceae,dictyopteris,not_given,FALSE,FALSE,FALSE,FALSE,FALSE,FALSE,FALSE,FALSE,FALSE,FALSE,FALSE,FALSE,FALSE,FALSE,FALSE,FALSE,FALSE,FALSE,FALSE,FALSE,FALSE,FALSE,FALSE,FALSE,FALSE,TRUE,FALSE,not_given,FALSE,FALSE,FALSE,not_given,FALSE,phaeophyceae,FALSE,FALSE,FALSE,FALSE
dictyosphaeria,mermaid,,,plantae,chlorophyta,cladophorales,siphonocladaceae,dictyosphaeria,not_given,FALSE,FALSE,FALSE,FALSE,FALSE,FALSE,FALSE,FALSE,FALSE,FALSE,FALSE,FALSE,FALSE,FALSE,FALSE,FALSE,FALSE,FALSE,FALSE,FALSE,FALSE,FALSE,FALSE,FALSE,FALSE,TRUE,FALSE,FALSE,FALSE,FALSE,FALSE,FALSE,FALSE,ulvophyceae,FALSE,FALSE,FALSE,FALSE
dictyota,mermaid,,,not_given,ochrophyta,dictyotales,dictyotaceae,dictyota,not_given,FALSE,FALSE,FALSE,FALSE,FALSE,FALSE,FALSE,FALSE,FALSE,FALSE,FALSE,FALSE,FALSE,FALSE,FALSE,FALSE,FALSE,FALSE,FALSE,FALSE,FALSE,FALSE,FALSE,FALSE,FALSE,TRUE,FALSE,not_given,FALSE,FALSE,FALSE,not_given,FALSE,phaeophyceae,FALSE,FALSE,FALSE,FALSE
dictyotaceae,mermaid,,,not_given,ochrophyta,dictyotales,dictyotaceae,not_given,not_given,FALSE,FALSE,FALSE,FALSE,FALSE,FALSE,FALSE,FALSE,FALSE,FALSE,FALSE,FALSE,FALSE,FALSE,FALSE,FALSE,FALSE,FALSE,FALSE,FALSE,FALSE,FALSE,FALSE,FALSE,FALSE,TRUE,FALSE,not_given,FALSE,FALSE,FALSE,not_given,FALSE,phaeophyceae,FALSE,FALSE,FALSE,FALSE
didemnum,mermaid,,,animalia,chordata,aplousobranchia,didemnidae,didemnum,not_given,FALSE,FALSE,FALSE,FALSE,FALSE,FALSE,FALSE,FALSE,FALSE,FALSE,FALSE,FALSE,FALSE,FALSE,FALSE,FALSE,FALSE,FALSE,FALSE,FALSE,FALSE,FALSE,FALSE,FALSE,FALSE,FALSE,FALSE,FALSE,FALSE,FALSE,FALSE,FALSE,FALSE,ascidiacea,FALSE,FALSE,FALSE,TRUE
didemnum molle,mermaid,,,animalia,chordata,aplousobranchia,didemnidae,didemnum,didemnum_molle,FALSE,FALSE,FALSE,FALSE,FALSE,FALSE,FALSE,FALSE,FALSE,FALSE,FALSE,FALSE,FALSE,FALSE,FALSE,FALSE,FALSE,FALSE,FALSE,FALSE,FALSE,FALSE,FALSE,FALSE,FALSE,FALSE,FALSE,FALSE,FALSE,FALSE,FALSE,FALSE,FALSE,ascidiacea,FALSE,FALSE,FALSE,TRUE
diploastraeidae,mermaid,,,animalia,cnidaria,scleractinia,diploastreidae,not_given,not_given,not_given,not_given,not_given,not_given,TRUE,not_given,not_given,not_given,not_given,not_given,FALSE,FALSE,not_given,FALSE,not_given,not_given,FALSE,not_given,not_given,not_given,not_given,not_given,FALSE,not_given,FALSE,FALSE,FALSE,FALSE,FALSE,FALSE,FALSE,FALSE,FALSE,hexacorallia,FALSE,FALSE,FALSE,TRUE
diploastrea,mermaid,,,animalia,cnidaria,scleractinia,diploastreidae,diploastrea,not_given,not_given,not_given,not_given,not_given,TRUE,not_given,not_given,not_given,not_given,not_given,FALSE,FALSE,not_given,FALSE,not_given,not_given,FALSE,not_given,not_given,not_given,not_given,not_given,FALSE,not_given,FALSE,FALSE,FALSE,FALSE,FALSE,FALSE,FALSE,FALSE,FALSE,hexacorallia,FALSE,FALSE,FALSE,TRUE
diploastrea heliopora,mermaid,,,animalia,cnidaria,scleractinia,diploastreidae,diploastrea,diploastrea_heliopora,not_given,not_given,not_given,not_given,TRUE,not_given,not_given,not_given,not_given,not_given,FALSE,FALSE,not_given,FALSE,not_given,not_given,FALSE,not_given,not_given,not_given,not_given,not_given,FALSE,not_given,FALSE,FALSE,FALSE,FALSE,FALSE,FALSE,FALSE,FALSE,FALSE,hexacorallia,FALSE,FALSE,FALSE,TRUE
diploria,mermaid,,,animalia,cnidaria,scleractinia,mussidae,diploria,not_given,not_given,not_given,not_given,not_given,not_given,not_given,not_given,not_given,not_given,not_given,FALSE,FALSE,not_given,FALSE,not_given,not_given,FALSE,not_given,not_given,not_given,not_given,not_given,FALSE,not_given,FALSE,FALSE,FALSE,FALSE,FALSE,FALSE,FALSE,FALSE,FALSE,hexacorallia,FALSE,FALSE,FALSE,TRUE
diploria labyrinthiformis,mermaid,,,animalia,cnidaria,scleractinia,mussidae,diploria,diploria_labyrinthiformis,FALSE,FALSE,TRUE,FALSE,TRUE,not_given,not_given,FALSE,FALSE,not_given,FALSE,FALSE,not_given,FALSE,FALSE,not_given,FALSE,TRUE,TRUE,FALSE,FALSE,not_given,not_given,FALSE,FALSE,FALSE,FALSE,FALSE,FALSE,FALSE,FALSE,FALSE,FALSE,hexacorallia,FALSE,FALSE,FALSE,TRUE
diplosoma,mermaid,,,animalia,chordata,aplousobranchia,didemnidae,diplosoma,not_given,FALSE,FALSE,FALSE,FALSE,FALSE,FALSE,FALSE,FALSE,FALSE,FALSE,FALSE,FALSE,FALSE,FALSE,FALSE,FALSE,FALSE,FALSE,FALSE,FALSE,FALSE,FALSE,FALSE,FALSE,FALSE,FALSE,FALSE,FALSE,FALSE,FALSE,FALSE,FALSE,FALSE,ascidiacea,FALSE,FALSE,FALSE,TRUE
diplosoma virens,mermaid,,,animalia,chordata,aplousobranchia,didemnidae,diplosoma,diplosoma_virens,FALSE,FALSE,FALSE,FALSE,FALSE,FALSE,FALSE,FALSE,FALSE,FALSE,FALSE,FALSE,FALSE,FALSE,FALSE,FALSE,FALSE,FALSE,FALSE,FALSE,FALSE,FALSE,FALSE,FALSE,FALSE,FALSE,FALSE,FALSE,FALSE,FALSE,FALSE,FALSE,FALSE,ascidiacea,FALSE,FALSE,FALSE,TRUE
dipsastraea,mermaid,,,animalia,cnidaria,scleractinia,merulinidae,dipsastraea,not_given,not_given,not_given,not_given,not_given,not_given,not_given,not_given,not_given,not_given,not_given,FALSE,FALSE,not_given,FALSE,not_given,FALSE,FALSE,not_given,not_given,not_given,not_given,not_given,FALSE,not_given,FALSE,FALSE,FALSE,FALSE,FALSE,FALSE,FALSE,FALSE,FALSE,hexacorallia,FALSE,FALSE,FALSE,TRUE
dipsastraea favus,mermaid,,,animalia,cnidaria,scleractinia,merulinidae,dipsastraea,dipsastraea_favus,FALSE,FALSE,not_given,FALSE,TRUE,not_given,not_given,FALSE,FALSE,not_given,FALSE,FALSE,not_given,FALSE,FALSE,FALSE,FALSE,not_given,TRUE,FALSE,FALSE,not_given,FALSE,FALSE,FALSE,FALSE,FALSE,FALSE,FALSE,FALSE,FALSE,FALSE,FALSE,hexacorallia,FALSE,FALSE,FALSE,TRUE
dipsastraea matthaii,mermaid,,,animalia,cnidaria,scleractinia,merulinidae,dipsastraea,dipsastraea_matthaii,not_given,not_given,not_given,not_given,TRUE,not_given,not_given,not_given,not_given,not_given,FALSE,FALSE,not_given,FALSE,not_given,FALSE,FALSE,not_given,not_given,not_given,not_given,not_given,FALSE,not_given,FALSE,FALSE,FALSE,FALSE,FALSE,FALSE,FALSE,FALSE,FALSE,hexacorallia,FALSE,FALSE,FALSE,TRUE
dipsastraea pallida,mermaid,,,animalia,cnidaria,scleractinia,merulinidae,dipsastraea,dipsastraea_pallida,not_given,not_given,not_given,not_given,TRUE,not_given,not_given,not_given,not_given,not_given,FALSE,FALSE,not_given,FALSE,not_given,FALSE,FALSE,not_given,not_given,not_given,not_given,not_given,FALSE,not_given,FALSE,FALSE,FALSE,FALSE,FALSE,FALSE,FALSE,FALSE,FALSE,hexacorallia,FALSE,FALSE,FALSE,TRUE
dipsastraea speciosa,mermaid,,,animalia,cnidaria,scleractinia,merulinidae,dipsastraea,dipsastraea_speciosa,not_given,not_given,not_given,not_given,TRUE,not_given,not_given,not_given,not_given,not_given,FALSE,FALSE,not_given,FALSE,not_given,FALSE,FALSE,not_given,not_given,not_given,not_given,not_given,FALSE,not_given,FALSE,FALSE,FALSE,FALSE,FALSE,FALSE,FALSE,FALSE,FALSE,hexacorallia,FALSE,FALSE,FALSE,TRUE
dipsastraea veroni,mermaid,,,animalia,cnidaria,scleractinia,merulinidae,dipsastraea,dipsastraea_veroni,not_given,not_given,not_given,not_given,TRUE,not_given,not_given,not_given,not_given,not_given,FALSE,FALSE,not_given,FALSE,not_given,FALSE,FALSE,not_given,not_given,not_given,not_given,not_given,FALSE,not_given,FALSE,FALSE,FALSE,FALSE,FALSE,FALSE,FALSE,FALSE,FALSE,hexacorallia,FALSE,FALSE,FALSE,TRUE
discosoma,mermaid,,,animalia,cnidaria,corallimorpharia,discosomidae,discosoma,not_given,not_given,not_given,not_given,not_given,not_given,not_given,not_given,not_given,not_given,not_given,not_given,not_given,not_given,not_given,not_given,not_given,not_given,not_given,not_given,not_given,not_given,not_given,not_given,not_given,FALSE,FALSE,FALSE,FALSE,FALSE,FALSE,FALSE,FALSE,FALSE,hexacorallia,FALSE,FALSE,FALSE,TRUE
discosomidae,mermaid,,,animalia,cnidaria,corallimorpharia,discosomidae,not_given,not_given,not_given,not_given,not_given,not_given,not_given,not_given,not_given,not_given,not_given,not_given,not_given,not_given,not_given,not_given,not_given,not_given,not_given,not_given,not_given,not_given,not_given,not_given,not_given,not_given,FALSE,FALSE,FALSE,FALSE,FALSE,FALSE,FALSE,FALSE,FALSE,hexacorallia,FALSE,FALSE,FALSE,TRUE
distichopora,mermaid,,,animalia,cnidaria,anthoathecata,stylasteridae,distichopora,not_given,not_given,not_given,not_given,not_given,not_given,not_given,not_given,not_given,not_given,not_given,not_given,not_given,not_given,not_given,not_given,not_given,not_given,not_given,not_given,not_given,not_given,not_given,not_given,not_given,FALSE,FALSE,FALSE,FALSE,FALSE,FALSE,FALSE,FALSE,FALSE,hydrozoa,FALSE,FALSE,FALSE,TRUE
duncanopsammia,mermaid,,,animalia,cnidaria,scleractinia,dendrophylliidae,duncanopsammia,not_given,FALSE,FALSE,not_given,FALSE,not_given,not_given,TRUE,FALSE,not_given,not_given,FALSE,FALSE,not_given,FALSE,FALSE,TRUE,FALSE,not_given,not_given,FALSE,FALSE,not_given,FALSE,FALSE,FALSE,FALSE,FALSE,FALSE,FALSE,FALSE,FALSE,FALSE,FALSE,hexacorallia,FALSE,FALSE,FALSE,TRUE
duncanopsammia peltata,mermaid,,,animalia,cnidaria,scleractinia,dendrophylliidae,duncanopsammia,duncanopsammia_peltata,FALSE,FALSE,not_given,FALSE,not_given,not_given,TRUE,FALSE,not_given,not_given,FALSE,FALSE,not_given,FALSE,FALSE,TRUE,FALSE,not_given,not_given,FALSE,FALSE,not_given,FALSE,FALSE,FALSE,FALSE,FALSE,FALSE,FALSE,FALSE,FALSE,FALSE,FALSE,hexacorallia,FALSE,FALSE,FALSE,TRUE
dysidea,mermaid,,,animalia,porifera,dictyoceratida,dysideidae,dysidea,not_given,FALSE,FALSE,FALSE,FALSE,FALSE,FALSE,FALSE,FALSE,FALSE,FALSE,FALSE,FALSE,FALSE,FALSE,FALSE,FALSE,FALSE,FALSE,FALSE,FALSE,FALSE,FALSE,FALSE,FALSE,FALSE,FALSE,FALSE,FALSE,FALSE,FALSE,FALSE,FALSE,FALSE,demospongiae,FALSE,FALSE,FALSE,TRUE
dysideidae,mermaid,,,animalia,porifera,dictyoceratida,dysideidae,not_given,not_given,FALSE,FALSE,FALSE,FALSE,FALSE,FALSE,FALSE,FALSE,FALSE,FALSE,FALSE,FALSE,FALSE,FALSE,FALSE,FALSE,FALSE,FALSE,FALSE,FALSE,FALSE,FALSE,FALSE,FALSE,FALSE,FALSE,FALSE,FALSE,FALSE,FALSE,FALSE,FALSE,FALSE,demospongiae,FALSE,FALSE,FALSE,TRUE
echinometra,mermaid,,,animalia,echinodermata,camarodonta,echinometridae,echinometra,not_given,FALSE,FALSE,FALSE,FALSE,FALSE,FALSE,FALSE,FALSE,FALSE,FALSE,FALSE,FALSE,FALSE,FALSE,FALSE,FALSE,FALSE,FALSE,FALSE,FALSE,FALSE,FALSE,FALSE,FALSE,FALSE,FALSE,FALSE,FALSE,FALSE,FALSE,FALSE,FALSE,FALSE,echinoidea,FALSE,FALSE,FALSE,TRUE
echinometra mathaei,mermaid,,,animalia,echinodermata,camarodonta,echinometridae,echinometra,echinometra_mathaei,FALSE,FALSE,FALSE,FALSE,FALSE,FALSE,FALSE,FALSE,FALSE,FALSE,FALSE,FALSE,FALSE,FALSE,FALSE,FALSE,FALSE,FALSE,FALSE,FALSE,FALSE,FALSE,FALSE,FALSE,FALSE,FALSE,FALSE,FALSE,FALSE,FALSE,FALSE,FALSE,FALSE,echinoidea,FALSE,FALSE,FALSE,TRUE
echinometridae,mermaid,,,animalia,echinodermata,camarodonta,echinometridae,not_given,not_given,FALSE,FALSE,FALSE,FALSE,FALSE,FALSE,FALSE,FALSE,FALSE,FALSE,FALSE,FALSE,FALSE,FALSE,FALSE,FALSE,FALSE,FALSE,FALSE,FALSE,FALSE,FALSE,FALSE,FALSE,FALSE,FALSE,FALSE,FALSE,FALSE,FALSE,FALSE,FALSE,FALSE,echinoidea,FALSE,FALSE,FALSE,TRUE
echinomorpha,mermaid,,,animalia,cnidaria,scleractinia,lobophylliidae,echinomorpha,not_given,not_given,not_given,not_given,not_given,not_given,not_given,not_given,not_given,not_given,not_given,FALSE,FALSE,not_given,FALSE,not_given,not_given,FALSE,not_given,not_given,not_given,not_given,not_given,not_given,not_given,FALSE,FALSE,FALSE,FALSE,FALSE,FALSE,FALSE,FALSE,FALSE,hexacorallia,FALSE,FALSE,FALSE,TRUE
echinophyllia,mermaid,,,animalia,cnidaria,scleractinia,lobophylliidae,echinophyllia,not_given,not_given,not_given,not_given,not_given,not_given,not_given,not_given,not_given,not_given,not_given,FALSE,FALSE,not_given,FALSE,not_given,not_given,FALSE,not_given,not_given,not_given,not_given,not_given,not_given,not_given,FALSE,FALSE,FALSE,FALSE,FALSE,FALSE,FALSE,FALSE,FALSE,hexacorallia,FALSE,FALSE,FALSE,TRUE
echinophyllia aspera,mermaid,,,animalia,cnidaria,scleractinia,lobophylliidae,echinophyllia,echinophyllia_aspera,FALSE,FALSE,not_given,FALSE,not_given,not_given,TRUE,FALSE,TRUE,not_given,FALSE,FALSE,TRUE,FALSE,FALSE,TRUE,FALSE,not_given,not_given,FALSE,FALSE,not_given,not_given,FALSE,FALSE,FALSE,FALSE,FALSE,FALSE,FALSE,FALSE,FALSE,FALSE,hexacorallia,FALSE,FALSE,FALSE,TRUE
echinopora,mermaid,,,animalia,cnidaria,scleractinia,merulinidae,echinopora,not_given,not_given,not_given,not_given,not_given,not_given,not_given,not_given,not_given,not_given,not_given,FALSE,FALSE,not_given,FALSE,not_given,not_given,FALSE,not_given,not_given,not_given,not_given,not_given,FALSE,not_given,FALSE,FALSE,FALSE,FALSE,FALSE,FALSE,FALSE,FALSE,FALSE,hexacorallia,FALSE,FALSE,FALSE,TRUE
echinopora lamellosa,mermaid,,,animalia,cnidaria,scleractinia,merulinidae,echinopora,echinopora_lamellosa,not_given,FALSE,not_given,not_given,not_given,not_given,not_given,FALSE,TRUE,not_given,FALSE,FALSE,not_given,FALSE,not_given,TRUE,TRUE,not_given,not_given,not_given,not_given,not_given,FALSE,not_given,FALSE,FALSE,FALSE,FALSE,FALSE,FALSE,FALSE,FALSE,FALSE,hexacorallia,FALSE,FALSE,FALSE,TRUE
echinopora mammiformis,mermaid,,,animalia,cnidaria,scleractinia,merulinidae,echinopora,echinopora_mammiformis,not_given,FALSE,not_given,not_given,FALSE,not_given,FALSE,FALSE,FALSE,not_given,FALSE,FALSE,FALSE,FALSE,TRUE,TRUE,FALSE,FALSE,not_given,not_given,not_given,not_given,FALSE,not_given,FALSE,FALSE,FALSE,FALSE,FALSE,FALSE,FALSE,FALSE,FALSE,hexacorallia,FALSE,FALSE,FALSE,TRUE
echinothrix,mermaid,,,animalia,echinodermata,diadematoida,diadematidae,echinothrix,not_given,FALSE,FALSE,FALSE,FALSE,FALSE,FALSE,FALSE,FALSE,FALSE,FALSE,FALSE,FALSE,FALSE,FALSE,FALSE,FALSE,FALSE,FALSE,FALSE,FALSE,FALSE,FALSE,FALSE,FALSE,FALSE,FALSE,FALSE,FALSE,FALSE,FALSE,FALSE,FALSE,FALSE,echinoidea,FALSE,FALSE,FALSE,TRUE
ecklonia,mermaid,,,not_given,ochrophyta,laminariales,lessoniaceae,ecklonia,not_given,FALSE,FALSE,FALSE,FALSE,FALSE,FALSE,FALSE,FALSE,FALSE,FALSE,FALSE,FALSE,FALSE,FALSE,FALSE,FALSE,FALSE,FALSE,FALSE,FALSE,FALSE,FALSE,FALSE,FALSE,FALSE,TRUE,FALSE,not_given,FALSE,FALSE,FALSE,FALSE,FALSE,phaeophyceae,FALSE,FALSE,FALSE,FALSE
ectyoplasia,mermaid,,,animalia,porifera,axinellida,raspailiidae,ectyoplasia,not_given,FALSE,FALSE,FALSE,FALSE,FALSE,FALSE,FALSE,FALSE,FALSE,FALSE,FALSE,FALSE,FALSE,FALSE,FALSE,FALSE,FALSE,FALSE,FALSE,FALSE,FALSE,FALSE,FALSE,FALSE,FALSE,FALSE,FALSE,FALSE,FALSE,FALSE,FALSE,FALSE,FALSE,demospongiae,FALSE,FALSE,FALSE,TRUE
ectyoplasia ferox,mermaid,,,animalia,porifera,axinellida,raspailiidae,ectyoplasia,ectyoplasia_ferox,FALSE,FALSE,FALSE,FALSE,FALSE,FALSE,FALSE,FALSE,FALSE,FALSE,FALSE,FALSE,FALSE,FALSE,FALSE,FALSE,FALSE,FALSE,FALSE,FALSE,FALSE,FALSE,FALSE,FALSE,FALSE,FALSE,FALSE,FALSE,FALSE,FALSE,FALSE,FALSE,FALSE,demospongiae,FALSE,FALSE,FALSE,TRUE
ellisella,mermaid,,,animalia,cnidaria,scleralcyonacea,ellisellidae,ellisella,not_given,not_given,not_given,not_given,not_given,not_given,not_given,not_given,not_given,not_given,not_given,not_given,not_given,not_given,not_given,not_given,not_given,not_given,not_given,not_given,not_given,not_given,not_given,not_given,not_given,FALSE,FALSE,FALSE,FALSE,FALSE,FALSE,FALSE,FALSE,FALSE,octocorallia,FALSE,FALSE,FALSE,TRUE
ellisellidae,mermaid,,,animalia,cnidaria,scleralcyonacea,ellisellidae,not_given,not_given,not_given,not_given,not_given,not_given,not_given,not_given,not_given,not_given,not_given,not_given,not_given,not_given,not_given,not_given,not_given,not_given,not_given,not_given,not_given,not_given,not_given,not_given,not_given,not_given,FALSE,FALSE,FALSE,FALSE,FALSE,FALSE,FALSE,FALSE,FALSE,octocorallia,FALSE,FALSE,FALSE,TRUE
enhalus acoroides,mermaid,,,plantae,not_given,alismatales,hydrocharitaceae,enhalus,enhalus_acoroides,FALSE,FALSE,FALSE,FALSE,FALSE,FALSE,FALSE,FALSE,FALSE,FALSE,FALSE,FALSE,FALSE,FALSE,FALSE,FALSE,FALSE,FALSE,FALSE,FALSE,FALSE,FALSE,FALSE,FALSE,FALSE,FALSE,FALSE,FALSE,FALSE,FALSE,FALSE,FALSE,FALSE,not_given,FALSE,FALSE,FALSE,FALSE
epilithic algal matrix,mermaid,,,none,none,none,none,none,none,FALSE,FALSE,FALSE,FALSE,FALSE,FALSE,FALSE,FALSE,FALSE,FALSE,FALSE,FALSE,FALSE,FALSE,FALSE,FALSE,FALSE,FALSE,FALSE,FALSE,FALSE,FALSE,FALSE,FALSE,FALSE,TRUE,FALSE,not_given,FALSE,FALSE,FALSE,not_given,FALSE,none,FALSE,FALSE,FALSE,FALSE
erythrastrea,mermaid,,,animalia,cnidaria,scleractinia,faviidae,erythrastrea,not_given,FALSE,FALSE,TRUE,FALSE,TRUE,not_given,not_given,FALSE,FALSE,not_given,FALSE,FALSE,not_given,FALSE,FALSE,not_given,FALSE,TRUE,TRUE,FALSE,FALSE,not_given,not_given,FALSE,FALSE,FALSE,FALSE,FALSE,FALSE,FALSE,FALSE,FALSE,FALSE,hexacorallia,FALSE,FALSE,FALSE,TRUE
erythropodiidae,mermaid,,,animalia,cnidaria,scleralcyonacea,erythropodiidae,not_given,not_given,not_given,not_given,not_given,not_given,not_given,not_given,not_given,not_given,not_given,not_given,not_given,not_given,not_given,not_given,not_given,not_given,not_given,not_given,not_given,not_given,not_given,not_given,not_given,not_given,FALSE,FALSE,FALSE,FALSE,FALSE,FALSE,FALSE,FALSE,FALSE,octocorallia,FALSE,FALSE,FALSE,TRUE
erythropodium,mermaid,,,animalia,cnidaria,scleralcyonacea,erythropodiidae,erythropodium,not_given,not_given,not_given,not_given,not_given,not_given,not_given,not_given,not_given,not_given,not_given,not_given,not_given,not_given,not_given,not_given,not_given,not_given,not_given,not_given,not_given,not_given,not_given,not_given,not_given,FALSE,FALSE,FALSE,FALSE,FALSE,FALSE,FALSE,FALSE,FALSE,octocorallia,FALSE,FALSE,FALSE,TRUE
erythropodium caribaeorum,mermaid,,,animalia,cnidaria,scleralcyonacea,erythropodiidae,erythropodium,erythropodium_caribaeorum,not_given,not_given,not_given,not_given,not_given,not_given,not_given,not_given,not_given,not_given,not_given,not_given,not_given,not_given,not_given,not_given,not_given,not_given,not_given,not_given,not_given,not_given,not_given,not_given,FALSE,FALSE,FALSE,FALSE,FALSE,FALSE,FALSE,FALSE,FALSE,octocorallia,FALSE,FALSE,FALSE,TRUE
eucheuma,mermaid,,,not_given,rhodophyta,gigartinales,solieriaceae,eucheuma,not_given,FALSE,FALSE,FALSE,FALSE,FALSE,FALSE,FALSE,FALSE,FALSE,FALSE,FALSE,FALSE,FALSE,FALSE,FALSE,FALSE,FALSE,FALSE,FALSE,FALSE,FALSE,FALSE,FALSE,FALSE,FALSE,TRUE,FALSE,not_given,FALSE,FALSE,FALSE,FALSE,FALSE,florideophyceae,FALSE,FALSE,FALSE,FALSE
eunicea,mermaid,,,animalia,cnidaria,malacalcyonacea,plexauridae,eunicea,not_given,not_given,not_given,not_given,not_given,not_given,not_given,not_given,not_given,not_given,not_given,not_given,not_given,not_given,not_given,not_given,not_given,not_given,not_given,not_given,not_given,not_given,not_given,not_given,not_given,FALSE,FALSE,FALSE,FALSE,FALSE,FALSE,FALSE,FALSE,FALSE,octocorallia,FALSE,FALSE,FALSE,TRUE
euphyllia,mermaid,,,animalia,cnidaria,scleractinia,euphylliidae,euphyllia,not_given,FALSE,FALSE,not_given,FALSE,not_given,TRUE,not_given,FALSE,FALSE,not_given,FALSE,FALSE,not_given,TRUE,FALSE,not_given,FALSE,TRUE,not_given,FALSE,FALSE,not_given,TRUE,FALSE,FALSE,FALSE,FALSE,FALSE,FALSE,FALSE,FALSE,FALSE,FALSE,hexacorallia,FALSE,FALSE,FALSE,TRUE
euphylliidae,mermaid,,,animalia,cnidaria,scleractinia,euphylliidae,not_given,not_given,not_given,not_given,not_given,not_given,not_given,not_given,not_given,not_given,not_given,not_given,FALSE,FALSE,not_given,FALSE,not_given,not_given,FALSE,not_given,not_given,not_given,not_given,not_given,FALSE,not_given,FALSE,FALSE,FALSE,FALSE,FALSE,FALSE,FALSE,FALSE,FALSE,hexacorallia,FALSE,FALSE,FALSE,TRUE
euplexaura,mermaid,,,animalia,cnidaria,malacalcyonacea,plexauridae,euplexaura,not_given,not_given,not_given,not_given,not_given,not_given,not_given,not_given,not_given,not_given,not_given,not_given,not_given,not_given,not_given,not_given,not_given,not_given,not_given,not_given,not_given,not_given,not_given,not_given,not_given,FALSE,FALSE,FALSE,FALSE,FALSE,FALSE,FALSE,FALSE,FALSE,octocorallia,FALSE,FALSE,FALSE,TRUE
euryspongia,mermaid,,,animalia,porifera,dictyoceratida,dysideidae,euryspongia,not_given,FALSE,FALSE,FALSE,FALSE,FALSE,FALSE,FALSE,FALSE,FALSE,FALSE,FALSE,FALSE,FALSE,FALSE,FALSE,FALSE,FALSE,FALSE,FALSE,FALSE,FALSE,FALSE,FALSE,FALSE,FALSE,FALSE,FALSE,FALSE,FALSE,FALSE,FALSE,FALSE,FALSE,keratosa,FALSE,FALSE,FALSE,TRUE
eusmilia,mermaid,,,animalia,cnidaria,scleractinia,meandrinidae,eusmilia,not_given,FALSE,FALSE,not_given,FALSE,TRUE,not_given,not_given,FALSE,FALSE,not_given,FALSE,FALSE,not_given,FALSE,FALSE,not_given,FALSE,TRUE,TRUE,FALSE,FALSE,not_given,TRUE,FALSE,TRUE,FALSE,FALSE,FALSE,FALSE,FALSE,FALSE,FALSE,FALSE,hexacorallia,FALSE,FALSE,FALSE,TRUE
eusmilia fastigiata,mermaid,,,animalia,cnidaria,scleractinia,meandrinidae,eusmilia,eusmilia_fastigiata,FALSE,FALSE,not_given,FALSE,TRUE,not_given,not_given,FALSE,FALSE,not_given,FALSE,FALSE,not_given,FALSE,FALSE,not_given,FALSE,TRUE,TRUE,FALSE,FALSE,not_given,TRUE,FALSE,FALSE,FALSE,FALSE,FALSE,FALSE,FALSE,FALSE,FALSE,FALSE,hexacorallia,FALSE,FALSE,FALSE,TRUE
favia,mermaid,,,animalia,cnidaria,scleractinia,faviidae,favia,not_given,not_given,not_given,not_given,not_given,not_given,not_given,not_given,not_given,not_given,not_given,FALSE,FALSE,not_given,FALSE,not_given,not_given,FALSE,not_given,not_given,not_given,not_given,not_given,FALSE,not_given,FALSE,FALSE,FALSE,FALSE,FALSE,FALSE,FALSE,FALSE,FALSE,hexacorallia,FALSE,FALSE,FALSE,TRUE
favia fragum,mermaid,,,animalia,cnidaria,scleractinia,faviidae,favia,favia_fragum,FALSE,FALSE,not_given,FALSE,TRUE,not_given,TRUE,FALSE,FALSE,not_given,FALSE,FALSE,TRUE,FALSE,FALSE,not_given,FALSE,TRUE,not_given,FALSE,FALSE,not_given,not_given,FALSE,FALSE,FALSE,FALSE,FALSE,FALSE,FALSE,FALSE,FALSE,FALSE,hexacorallia,FALSE,FALSE,FALSE,TRUE
faviidae,mermaid,,,animalia,cnidaria,scleractinia,faviidae,not_given,not_given,not_given,not_given,not_given,not_given,not_given,not_given,not_given,not_given,not_given,not_given,FALSE,FALSE,not_given,FALSE,not_given,not_given,FALSE,not_given,not_given,not_given,not_given,not_given,FALSE,not_given,FALSE,FALSE,FALSE,FALSE,FALSE,FALSE,FALSE,FALSE,FALSE,hexacorallia,FALSE,FALSE,FALSE,TRUE
favites,mermaid,,,animalia,cnidaria,scleractinia,merulinidae,favites,not_given,not_given,not_given,not_given,not_given,not_given,not_given,not_given,not_given,not_given,not_given,FALSE,FALSE,not_given,FALSE,not_given,not_given,FALSE,not_given,not_given,not_given,not_given,not_given,FALSE,not_given,FALSE,FALSE,FALSE,FALSE,FALSE,FALSE,FALSE,FALSE,FALSE,hexacorallia,FALSE,FALSE,FALSE,TRUE
favites abdita,mermaid,,,animalia,cnidaria,scleractinia,merulinidae,favites,favites_abdita,not_given,not_given,not_given,not_given,TRUE,not_given,not_given,not_given,not_given,not_given,FALSE,FALSE,not_given,FALSE,not_given,not_given,FALSE,not_given,not_given,not_given,not_given,not_given,FALSE,not_given,FALSE,FALSE,FALSE,FALSE,FALSE,FALSE,FALSE,FALSE,FALSE,hexacorallia,FALSE,FALSE,FALSE,TRUE
favites acuticollis,mermaid,,,animalia,cnidaria,scleractinia,merulinidae,favites,favites_acuticollis,FALSE,FALSE,not_given,FALSE,TRUE,not_given,TRUE,not_given,not_given,not_given,FALSE,FALSE,TRUE,FALSE,FALSE,not_given,FALSE,not_given,not_given,FALSE,FALSE,not_given,FALSE,FALSE,FALSE,FALSE,FALSE,FALSE,FALSE,FALSE,FALSE,FALSE,FALSE,hexacorallia,FALSE,FALSE,FALSE,TRUE
favites chinensis,mermaid,,,animalia,cnidaria,scleractinia,merulinidae,favites,favites_chinensis,not_given,not_given,not_given,not_given,TRUE,not_given,not_given,not_given,not_given,not_given,FALSE,FALSE,not_given,FALSE,not_given,not_given,FALSE,not_given,not_given,not_given,not_given,not_given,FALSE,not_given,FALSE,FALSE,FALSE,FALSE,FALSE,FALSE,FALSE,FALSE,FALSE,hexacorallia,FALSE,FALSE,FALSE,TRUE
favites complanata,mermaid,,,animalia,cnidaria,scleractinia,merulinidae,favites,favites_complanata,not_given,not_given,not_given,not_given,TRUE,not_given,not_given,not_given,not_given,not_given,FALSE,FALSE,not_given,FALSE,not_given,not_given,FALSE,not_given,not_given,not_given,not_given,not_given,FALSE,not_given,FALSE,FALSE,FALSE,FALSE,FALSE,FALSE,FALSE,FALSE,FALSE,hexacorallia,FALSE,FALSE,FALSE,TRUE
favites flexuosa,mermaid,,,animalia,cnidaria,scleractinia,merulinidae,favites,favites_flexuosa,not_given,FALSE,not_given,not_given,TRUE,not_given,not_given,FALSE,not_given,not_given,FALSE,FALSE,TRUE,FALSE,not_given,TRUE,FALSE,not_given,not_given,not_given,not_given,not_given,FALSE,not_given,FALSE,FALSE,FALSE,FALSE,FALSE,FALSE,FALSE,FALSE,FALSE,hexacorallia,FALSE,FALSE,FALSE,TRUE
favites halicora,mermaid,,,animalia,cnidaria,scleractinia,merulinidae,favites,favites_halicora,not_given,not_given,not_given,not_given,TRUE,not_given,not_given,not_given,not_given,not_given,FALSE,FALSE,not_given,FALSE,not_given,not_given,FALSE,not_given,not_given,not_given,not_given,not_given,FALSE,not_given,FALSE,FALSE,FALSE,FALSE,FALSE,FALSE,FALSE,FALSE,FALSE,hexacorallia,FALSE,FALSE,FALSE,TRUE
favites micropentagonus,mermaid,,,animalia,cnidaria,scleractinia,merulinidae,favites,favites_micropentagonus,not_given,not_given,not_given,not_given,not_given,not_given,not_given,not_given,not_given,not_given,FALSE,FALSE,not_given,FALSE,not_given,not_given,FALSE,not_given,not_given,not_given,not_given,not_given,FALSE,not_given,FALSE,FALSE,FALSE,FALSE,FALSE,FALSE,FALSE,FALSE,FALSE,hexacorallia,FALSE,FALSE,FALSE,TRUE
favites pentagona,mermaid,,,animalia,cnidaria,scleractinia,merulinidae,favites,favites_pentagona,FALSE,FALSE,not_given,FALSE,TRUE,not_given,TRUE,not_given,not_given,not_given,FALSE,FALSE,TRUE,FALSE,FALSE,not_given,FALSE,not_given,not_given,FALSE,FALSE,not_given,FALSE,FALSE,FALSE,FALSE,FALSE,FALSE,FALSE,FALSE,FALSE,FALSE,FALSE,hexacorallia,FALSE,FALSE,FALSE,TRUE
favites stylifera,mermaid,,,animalia,cnidaria,scleractinia,merulinidae,favites,favites_stylifera,FALSE,FALSE,not_given,FALSE,TRUE,not_given,TRUE,not_given,not_given,not_given,FALSE,FALSE,TRUE,FALSE,FALSE,not_given,FALSE,not_given,not_given,FALSE,FALSE,not_given,FALSE,FALSE,FALSE,FALSE,FALSE,FALSE,FALSE,FALSE,FALSE,FALSE,FALSE,hexacorallia,FALSE,FALSE,FALSE,TRUE
favites valenciennesii,mermaid,,,animalia,cnidaria,scleractinia,merulinidae,favites,favites_valenciennesii,not_given,not_given,not_given,not_given,not_given,not_given,not_given,not_given,not_given,not_given,FALSE,FALSE,not_given,FALSE,not_given,not_given,FALSE,not_given,not_given,not_given,not_given,not_given,FALSE,not_given,FALSE,FALSE,FALSE,FALSE,FALSE,FALSE,FALSE,FALSE,FALSE,hexacorallia,FALSE,FALSE,FALSE,TRUE
fimbriaphyllia,mermaid,,,animalia,cnidaria,scleractinia,euphylliidae,fimbriaphyllia,not_given,FALSE,FALSE,not_given,FALSE,not_given,TRUE,TRUE,not_given,not_given,not_given,FALSE,FALSE,not_given,TRUE,FALSE,not_given,FALSE,not_given,not_given,FALSE,FALSE,not_given,FALSE,FALSE,FALSE,FALSE,FALSE,FALSE,FALSE,FALSE,FALSE,FALSE,FALSE,hexacorallia,FALSE,FALSE,FALSE,TRUE
fishing net,mermaid,,,none,none,none,none,none,none,FALSE,FALSE,FALSE,FALSE,FALSE,FALSE,FALSE,FALSE,FALSE,FALSE,FALSE,FALSE,FALSE,FALSE,FALSE,FALSE,FALSE,FALSE,FALSE,FALSE,FALSE,FALSE,FALSE,FALSE,FALSE,FALSE,FALSE,TRUE,TRUE,FALSE,FALSE,FALSE,FALSE,none,FALSE,FALSE,FALSE,FALSE
foraminifera,mermaid,,,not_given,retaria,not_given,not_given,not_given,not_given,FALSE,FALSE,FALSE,FALSE,FALSE,FALSE,FALSE,FALSE,FALSE,FALSE,FALSE,FALSE,FALSE,FALSE,FALSE,FALSE,FALSE,FALSE,FALSE,FALSE,FALSE,FALSE,FALSE,FALSE,FALSE,FALSE,FALSE,not_given,FALSE,FALSE,FALSE,FALSE,FALSE,not_given,FALSE,FALSE,FALSE,FALSE
fungia,mermaid,,,animalia,cnidaria,scleractinia,fungiidae,fungia,not_given,TRUE,FALSE,FALSE,TRUE,FALSE,not_given,not_given,not_given,not_given,not_given,TRUE,FALSE,not_given,FALSE,FALSE,not_given,FALSE,FALSE,FALSE,FALSE,FALSE,TRUE,FALSE,FALSE,FALSE,FALSE,FALSE,FALSE,FALSE,FALSE,FALSE,FALSE,FALSE,hexacorallia,FALSE,FALSE,FALSE,TRUE
fungiidae,mermaid,fungiidae alive,coralscapes_v2,animalia,cnidaria,scleractinia,fungiidae,not_given,not_given,FALSE,FALSE,not_given,FALSE,not_given,not_given,not_given,not_given,not_given,not_given,FALSE,FALSE,not_given,FALSE,FALSE,not_given,FALSE,not_given,not_given,FALSE,FALSE,not_given,FALSE,FALSE,FALSE,FALSE,FALSE,FALSE,FALSE,FALSE,FALSE,FALSE,FALSE,hexacorallia,FALSE,FALSE,FALSE,TRUE
galaxaura,mermaid,,,not_given,rhodophyta,nemaliales,galaxauraceae,galaxaura,not_given,FALSE,FALSE,FALSE,FALSE,FALSE,FALSE,FALSE,FALSE,FALSE,FALSE,FALSE,FALSE,FALSE,FALSE,FALSE,FALSE,FALSE,FALSE,FALSE,FALSE,FALSE,FALSE,FALSE,FALSE,FALSE,TRUE,FALSE,not_given,FALSE,FALSE,FALSE,FALSE,FALSE,florideophyceae,FALSE,FALSE,FALSE,FALSE
galaxaura rugosa,mermaid,,,not_given,rhodophyta,nemaliales,galaxauraceae,galaxaura,galaxaura_rugosa,FALSE,FALSE,FALSE,FALSE,FALSE,FALSE,FALSE,FALSE,FALSE,FALSE,FALSE,FALSE,FALSE,FALSE,FALSE,FALSE,FALSE,FALSE,FALSE,FALSE,FALSE,FALSE,FALSE,FALSE,FALSE,TRUE,FALSE,not_given,FALSE,FALSE,FALSE,FALSE,FALSE,florideophyceae,FALSE,FALSE,FALSE,FALSE
galaxauraceae,mermaid,,,not_given,rhodophyta,nemaliales,galaxauraceae,not_given,not_given,FALSE,FALSE,FALSE,FALSE,FALSE,FALSE,FALSE,FALSE,FALSE,FALSE,FALSE,FALSE,FALSE,FALSE,FALSE,FALSE,FALSE,FALSE,FALSE,FALSE,FALSE,FALSE,FALSE,FALSE,FALSE,TRUE,FALSE,not_given,FALSE,FALSE,FALSE,FALSE,FALSE,florideophyceae,FALSE,FALSE,FALSE,FALSE
galaxea,mermaid,galaxea alive,coralscapes_v2,animalia,cnidaria,scleractinia,euphylliidae,galaxea,not_given,FALSE,FALSE,not_given,FALSE,TRUE,not_given,TRUE,not_given,not_given,not_given,FALSE,FALSE,TRUE,FALSE,FALSE,not_given,FALSE,not_given,not_given,FALSE,FALSE,not_given,FALSE,FALSE,FALSE,FALSE,FALSE,FALSE,FALSE,FALSE,FALSE,FALSE,FALSE,hexacorallia,FALSE,FALSE,FALSE,TRUE
galaxea astreata,mermaid,,,animalia,cnidaria,scleractinia,euphylliidae,galaxea,galaxea_astreata,FALSE,FALSE,not_given,FALSE,not_given,not_given,TRUE,not_given,not_given,TRUE,FALSE,FALSE,TRUE,FALSE,FALSE,not_given,FALSE,not_given,not_given,FALSE,FALSE,not_given,FALSE,FALSE,FALSE,FALSE,FALSE,FALSE,FALSE,FALSE,FALSE,FALSE,FALSE,hexacorallia,FALSE,FALSE,FALSE,TRUE
galaxea fascicularis,mermaid,,,animalia,cnidaria,scleractinia,euphylliidae,galaxea,galaxea_fascicularis,not_given,not_given,not_given,not_given,TRUE,not_given,not_given,not_given,not_given,not_given,FALSE,FALSE,TRUE,FALSE,not_given,not_given,FALSE,not_given,not_given,not_given,not_given,not_given,FALSE,not_given,FALSE,FALSE,FALSE,FALSE,FALSE,FALSE,FALSE,FALSE,FALSE,hexacorallia,FALSE,FALSE,FALSE,TRUE
gardineroseris,mermaid,,,animalia,cnidaria,scleractinia,agariciidae,gardineroseris,not_given,FALSE,FALSE,not_given,FALSE,TRUE,not_given,TRUE,not_given,not_given,not_given,FALSE,FALSE,TRUE,FALSE,FALSE,not_given,FALSE,not_given,not_given,FALSE,FALSE,not_given,FALSE,FALSE,FALSE,FALSE,FALSE,FALSE,FALSE,FALSE,FALSE,FALSE,FALSE,hexacorallia,FALSE,FALSE,FALSE,TRUE
gardineroseris planulata,mermaid,,,animalia,cnidaria,scleractinia,agariciidae,gardineroseris,gardineroseris_planulata,FALSE,FALSE,not_given,FALSE,TRUE,not_given,TRUE,not_given,not_given,not_given,FALSE,FALSE,TRUE,FALSE,FALSE,not_given,FALSE,not_given,not_given,FALSE,FALSE,not_given,FALSE,FALSE,FALSE,FALSE,FALSE,FALSE,FALSE,FALSE,FALSE,FALSE,FALSE,hexacorallia,FALSE,FALSE,FALSE,TRUE
gelidiella,mermaid,,,not_given,rhodophyta,gelidiales,gelidiellaceae,gelidiella,not_given,FALSE,FALSE,FALSE,FALSE,FALSE,FALSE,FALSE,FALSE,FALSE,FALSE,FALSE,FALSE,FALSE,FALSE,FALSE,FALSE,FALSE,FALSE,FALSE,FALSE,FALSE,FALSE,FALSE,FALSE,FALSE,TRUE,FALSE,not_given,FALSE,FALSE,FALSE,FALSE,FALSE,florideophyceae,FALSE,FALSE,FALSE,FALSE
gelidiopsis,mermaid,,,plantae,rhodophyta,rhodymeniales,lomentariaceae,gelidiopsis,not_given,FALSE,FALSE,FALSE,FALSE,FALSE,FALSE,FALSE,FALSE,FALSE,FALSE,FALSE,FALSE,FALSE,FALSE,FALSE,FALSE,FALSE,FALSE,FALSE,FALSE,FALSE,FALSE,FALSE,FALSE,FALSE,TRUE,FALSE,FALSE,FALSE,FALSE,FALSE,FALSE,FALSE,florideophyceae,FALSE,FALSE,FALSE,FALSE
gelidium,mermaid,,,not_given,rhodophyta,gelidiales,gelidiaceae,gelidium,not_given,FALSE,FALSE,FALSE,FALSE,FALSE,FALSE,FALSE,FALSE,FALSE,FALSE,FALSE,FALSE,FALSE,FALSE,FALSE,FALSE,FALSE,FALSE,FALSE,FALSE,FALSE,FALSE,FALSE,FALSE,FALSE,TRUE,FALSE,not_given,FALSE,FALSE,FALSE,FALSE,FALSE,florideophyceae,FALSE,FALSE,FALSE,FALSE
goniastrea,mermaid,,,animalia,cnidaria,scleractinia,merulinidae,goniastrea,not_given,not_given,not_given,not_given,not_given,not_given,not_given,not_given,not_given,not_given,not_given,FALSE,FALSE,not_given,FALSE,not_given,FALSE,FALSE,not_given,not_given,not_given,not_given,not_given,FALSE,FALSE,FALSE,FALSE,FALSE,FALSE,FALSE,FALSE,FALSE,FALSE,FALSE,hexacorallia,FALSE,FALSE,FALSE,TRUE
goniastrea retiformis,mermaid,,,animalia,cnidaria,scleractinia,merulinidae,goniastrea,goniastrea_retiformis,not_given,not_given,not_given,not_given,TRUE,not_given,not_given,not_given,not_given,TRUE,FALSE,FALSE,not_given,FALSE,not_given,FALSE,FALSE,not_given,not_given,not_given,not_given,not_given,FALSE,FALSE,FALSE,FALSE,FALSE,FALSE,FALSE,FALSE,FALSE,FALSE,FALSE,hexacorallia,FALSE,FALSE,FALSE,TRUE
goniastrea stelligera,mermaid,,,animalia,cnidaria,scleractinia,merulinidae,goniastrea,goniastrea_stelligera,not_given,not_given,not_given,not_given,not_given,not_given,not_given,not_given,not_given,not_given,FALSE,FALSE,not_given,FALSE,not_given,FALSE,FALSE,not_given,not_given,not_given,not_given,not_given,FALSE,FALSE,FALSE,FALSE,FALSE,FALSE,FALSE,FALSE,FALSE,FALSE,FALSE,hexacorallia,FALSE,FALSE,FALSE,TRUE
goniopora,mermaid,,,animalia,cnidaria,scleractinia,poritidae,goniopora,not_given,FALSE,FALSE,FALSE,FALSE,TRUE,not_given,FALSE,not_given,not_given,not_given,FALSE,FALSE,not_given,TRUE,FALSE,FALSE,FALSE,FALSE,not_given,FALSE,FALSE,not_given,FALSE,not_given,FALSE,FALSE,FALSE,FALSE,FALSE,FALSE,FALSE,FALSE,FALSE,hexacorallia,FALSE,FALSE,FALSE,TRUE
goniopora lobata,mermaid,,,animalia,cnidaria,scleractinia,poritidae,goniopora,goniopora_lobata,FALSE,FALSE,FALSE,FALSE,TRUE,not_given,FALSE,not_given,not_given,TRUE,FALSE,FALSE,not_given,TRUE,FALSE,FALSE,FALSE,FALSE,not_given,FALSE,FALSE,not_given,FALSE,not_given,FALSE,FALSE,FALSE,FALSE,FALSE,FALSE,FALSE,FALSE,FALSE,hexacorallia,FALSE,FALSE,FALSE,TRUE
gorgonia,mermaid,,,animalia,cnidaria,malacalcyonacea,gorgoniidae,gorgonia,not_given,not_given,not_given,not_given,not_given,not_given,not_given,not_given,not_given,not_given,not_given,not_given,not_given,not_given,not_given,not_given,not_given,not_given,not_given,not_given,not_given,not_given,not_given,not_given,not_given,FALSE,FALSE,FALSE,FALSE,FALSE,FALSE,FALSE,FALSE,FALSE,octocorallia,FALSE,FALSE,FALSE,TRUE
gorgonia ventalina,mermaid,,,animalia,cnidaria,malacalcyonacea,gorgoniidae,gorgonia,gorgonia_ventalina,not_given,not_given,not_given,not_given,not_given,not_given,not_given,not_given,not_given,not_given,not_given,not_given,not_given,not_given,not_given,not_given,not_given,not_given,not_given,not_given,not_given,not_given,not_given,not_given,FALSE,FALSE,FALSE,FALSE,FALSE,FALSE,FALSE,FALSE,FALSE,octocorallia,FALSE,FALSE,FALSE,TRUE
gorgonian,mermaid,gorgonia,mermaid,animalia,cnidaria,malacalcyonacea,gorgoniidae,gorgonia,not_given,not_given,not_given,not_given,not_given,not_given,not_given,not_given,not_given,not_given,not_given,not_given,not_given,not_given,not_given,not_given,not_given,not_given,not_given,not_given,not_given,not_given,not_given,not_given,not_given,FALSE,FALSE,FALSE,FALSE,FALSE,FALSE,FALSE,FALSE,FALSE,octocorallia,FALSE,FALSE,FALSE,TRUE
gorgoniidae,mermaid,,,animalia,cnidaria,malacalcyonacea,gorgoniidae,not_given,not_given,not_given,not_given,not_given,not_given,not_given,not_given,not_given,not_given,not_given,not_given,not_given,not_given,not_given,not_given,not_given,not_given,not_given,not_given,not_given,not_given,not_given,not_given,not_given,not_given,FALSE,FALSE,FALSE,FALSE,FALSE,FALSE,FALSE,FALSE,FALSE,octocorallia,FALSE,FALSE,FALSE,TRUE
gracilaria,mermaid,,,not_given,rhodophyta,gracilariales,gracilariaceae,gracilaria,not_given,FALSE,FALSE,FALSE,FALSE,FALSE,FALSE,FALSE,FALSE,FALSE,FALSE,FALSE,FALSE,FALSE,FALSE,FALSE,FALSE,FALSE,FALSE,FALSE,FALSE,FALSE,FALSE,FALSE,FALSE,FALSE,TRUE,FALSE,not_given,FALSE,FALSE,FALSE,FALSE,FALSE,florideophyceae,FALSE,FALSE,FALSE,FALSE
gracilaria salicornia,mermaid,,,plantae,rhodophyta,gracilariales,gracilariaceae,gracilaria,gracilaria_salicornia,FALSE,FALSE,FALSE,FALSE,FALSE,FALSE,FALSE,FALSE,FALSE,FALSE,FALSE,FALSE,FALSE,FALSE,FALSE,FALSE,FALSE,FALSE,FALSE,FALSE,FALSE,FALSE,FALSE,FALSE,FALSE,TRUE,FALSE,FALSE,FALSE,FALSE,FALSE,FALSE,FALSE,florideophyceae,FALSE,FALSE,FALSE,FALSE
green algae,mermaid,,,plantae,not_given,not_given,not_given,not_given,not_given,FALSE,FALSE,FALSE,FALSE,FALSE,FALSE,FALSE,FALSE,FALSE,FALSE,FALSE,FALSE,FALSE,FALSE,FALSE,FALSE,FALSE,FALSE,FALSE,FALSE,FALSE,FALSE,FALSE,FALSE,FALSE,TRUE,FALSE,FALSE,FALSE,FALSE,FALSE,not_given,FALSE,not_given,FALSE,FALSE,FALSE,FALSE
gyrosmilia,mermaid,,,animalia,cnidaria,scleractinia,euphylliidae,gyrosmilia,not_given,FALSE,FALSE,TRUE,FALSE,TRUE,not_given,not_given,FALSE,FALSE,not_given,FALSE,FALSE,TRUE,FALSE,FALSE,TRUE,FALSE,TRUE,not_given,FALSE,FALSE,not_given,not_given,FALSE,FALSE,FALSE,FALSE,FALSE,FALSE,FALSE,FALSE,FALSE,FALSE,hexacorallia,FALSE,FALSE,FALSE,TRUE
halimeda,mermaid,,,plantae,chlorophyta,bryopsidales,halimedaceae,halimeda,not_given,FALSE,FALSE,FALSE,FALSE,FALSE,FALSE,FALSE,FALSE,FALSE,FALSE,FALSE,FALSE,FALSE,FALSE,FALSE,FALSE,FALSE,FALSE,FALSE,FALSE,FALSE,FALSE,FALSE,FALSE,FALSE,TRUE,FALSE,FALSE,FALSE,FALSE,FALSE,TRUE,FALSE,ulvophyceae,FALSE,FALSE,FALSE,FALSE
halimeda copiosa,mermaid,,,plantae,chlorophyta,bryopsidales,halimedaceae,halimeda,halimeda_copiosa,FALSE,FALSE,FALSE,FALSE,FALSE,FALSE,FALSE,FALSE,FALSE,FALSE,FALSE,FALSE,FALSE,FALSE,FALSE,FALSE,FALSE,FALSE,FALSE,FALSE,FALSE,FALSE,FALSE,FALSE,FALSE,TRUE,FALSE,FALSE,FALSE,FALSE,FALSE,TRUE,FALSE,ulvophyceae,FALSE,FALSE,FALSE,FALSE
halimeda discoidea,mermaid,,,plantae,chlorophyta,bryopsidales,halimedaceae,halimeda,halimeda_discoidea,FALSE,FALSE,FALSE,FALSE,FALSE,FALSE,FALSE,FALSE,FALSE,FALSE,FALSE,FALSE,FALSE,FALSE,FALSE,FALSE,FALSE,FALSE,FALSE,FALSE,FALSE,FALSE,FALSE,FALSE,FALSE,TRUE,FALSE,FALSE,FALSE,FALSE,FALSE,TRUE,FALSE,ulvophyceae,FALSE,FALSE,FALSE,FALSE
halimeda opuntia,mermaid,,,plantae,chlorophyta,bryopsidales,halimedaceae,halimeda,halimeda_opuntia,FALSE,FALSE,FALSE,FALSE,FALSE,FALSE,FALSE,FALSE,FALSE,FALSE,FALSE,FALSE,FALSE,FALSE,FALSE,FALSE,FALSE,FALSE,FALSE,FALSE,FALSE,FALSE,FALSE,FALSE,FALSE,TRUE,FALSE,FALSE,FALSE,FALSE,FALSE,TRUE,FALSE,ulvophyceae,FALSE,FALSE,FALSE,FALSE
halimedaceae,mermaid,,,plantae,chlorophyta,bryopsidales,halimedaceae,not_given,not_given,FALSE,FALSE,FALSE,FALSE,FALSE,FALSE,FALSE,FALSE,FALSE,FALSE,FALSE,FALSE,FALSE,FALSE,FALSE,FALSE,FALSE,FALSE,FALSE,FALSE,FALSE,FALSE,FALSE,FALSE,FALSE,TRUE,FALSE,FALSE,FALSE,FALSE,FALSE,TRUE,FALSE,ulvophyceae,FALSE,FALSE,FALSE,FALSE
halodule,mermaid,,,plantae,not_given,alismatales,cymodoceaceae,halodule,not_given,FALSE,FALSE,FALSE,FALSE,FALSE,FALSE,FALSE,FALSE,FALSE,FALSE,FALSE,FALSE,FALSE,FALSE,FALSE,FALSE,FALSE,FALSE,FALSE,FALSE,FALSE,FALSE,FALSE,FALSE,FALSE,FALSE,FALSE,FALSE,FALSE,FALSE,FALSE,FALSE,FALSE,not_given,FALSE,FALSE,FALSE,FALSE
halodule uninervis,mermaid,,,plantae,not_given,alismatales,cymodoceaceae,halodule,halodule_uninervis,FALSE,FALSE,FALSE,FALSE,FALSE,FALSE,FALSE,FALSE,FALSE,FALSE,FALSE,FALSE,FALSE,FALSE,FALSE,FALSE,FALSE,FALSE,FALSE,FALSE,FALSE,FALSE,FALSE,FALSE,FALSE,FALSE,FALSE,FALSE,FALSE,FALSE,FALSE,FALSE,FALSE,not_given,FALSE,FALSE,FALSE,FALSE
halodule wrightii,mermaid,,,plantae,not_given,alismatales,cymodoceaceae,halodule,halodule_wrightii,FALSE,FALSE,FALSE,FALSE,FALSE,FALSE,FALSE,FALSE,FALSE,FALSE,FALSE,FALSE,FALSE,FALSE,FALSE,FALSE,FALSE,FALSE,FALSE,FALSE,FALSE,FALSE,FALSE,FALSE,FALSE,FALSE,FALSE,FALSE,FALSE,FALSE,FALSE,FALSE,FALSE,not_given,FALSE,FALSE,FALSE,FALSE
halomitra,mermaid,,,animalia,cnidaria,scleractinia,fungiidae,halomitra,not_given,TRUE,FALSE,not_given,FALSE,not_given,not_given,not_given,FALSE,not_given,not_given,FALSE,FALSE,not_given,FALSE,FALSE,TRUE,FALSE,not_given,not_given,FALSE,FALSE,TRUE,FALSE,FALSE,FALSE,FALSE,FALSE,FALSE,FALSE,FALSE,FALSE,FALSE,FALSE,hexacorallia,FALSE,FALSE,FALSE,TRUE
halophila,mermaid,,,plantae,not_given,alismatales,hydrocharitaceae,halophila,not_given,FALSE,FALSE,FALSE,FALSE,FALSE,FALSE,FALSE,FALSE,FALSE,FALSE,FALSE,FALSE,FALSE,FALSE,FALSE,FALSE,FALSE,FALSE,FALSE,FALSE,FALSE,FALSE,FALSE,FALSE,FALSE,FALSE,FALSE,FALSE,FALSE,FALSE,FALSE,FALSE,FALSE,not_given,FALSE,FALSE,FALSE,FALSE
halophila decipiens,mermaid,,,plantae,not_given,alismatales,hydrocharitaceae,halophila,halophila_decipiens,FALSE,FALSE,FALSE,FALSE,FALSE,FALSE,FALSE,FALSE,FALSE,FALSE,FALSE,FALSE,FALSE,FALSE,FALSE,FALSE,FALSE,FALSE,FALSE,FALSE,FALSE,FALSE,FALSE,FALSE,FALSE,FALSE,FALSE,FALSE,FALSE,FALSE,FALSE,FALSE,FALSE,not_given,FALSE,FALSE,FALSE,FALSE
halophila hawaiiana,mermaid,,,plantae,not_given,alismatales,hydrocharitaceae,halophila,halophila_hawaiiana,FALSE,FALSE,FALSE,FALSE,FALSE,FALSE,FALSE,FALSE,FALSE,FALSE,FALSE,FALSE,FALSE,FALSE,FALSE,FALSE,FALSE,FALSE,FALSE,FALSE,FALSE,FALSE,FALSE,FALSE,FALSE,FALSE,FALSE,FALSE,FALSE,FALSE,FALSE,FALSE,FALSE,not_given,FALSE,FALSE,FALSE,FALSE
halophila minor,mermaid,,,plantae,not_given,alismatales,hydrocharitaceae,halophila,halophila_minor,FALSE,FALSE,FALSE,FALSE,FALSE,FALSE,FALSE,FALSE,FALSE,FALSE,FALSE,FALSE,FALSE,FALSE,FALSE,FALSE,FALSE,FALSE,FALSE,FALSE,FALSE,FALSE,FALSE,FALSE,FALSE,FALSE,FALSE,FALSE,FALSE,FALSE,FALSE,FALSE,FALSE,not_given,FALSE,FALSE,FALSE,FALSE
halophila ovalis,mermaid,,,plantae,not_given,alismatales,hydrocharitaceae,halophila,halophila_ovalis,FALSE,FALSE,FALSE,FALSE,FALSE,FALSE,FALSE,FALSE,FALSE,FALSE,FALSE,FALSE,FALSE,FALSE,FALSE,FALSE,FALSE,FALSE,FALSE,FALSE,FALSE,FALSE,FALSE,FALSE,FALSE,FALSE,FALSE,FALSE,FALSE,FALSE,FALSE,FALSE,FALSE,not_given,FALSE,FALSE,FALSE,FALSE
halophila stipulacea,mermaid,,,plantae,not_given,alismatales,hydrocharitaceae,halophila,halophila_stipulacea,FALSE,FALSE,FALSE,FALSE,FALSE,FALSE,FALSE,FALSE,FALSE,FALSE,FALSE,FALSE,FALSE,FALSE,FALSE,FALSE,FALSE,FALSE,FALSE,FALSE,FALSE,FALSE,FALSE,FALSE,FALSE,FALSE,FALSE,FALSE,FALSE,FALSE,FALSE,FALSE,FALSE,not_given,FALSE,FALSE,FALSE,FALSE
halymenia,mermaid,,,not_given,rhodophyta,halymeniales,halymeniaceae,halymenia,not_given,FALSE,FALSE,FALSE,FALSE,FALSE,FALSE,FALSE,FALSE,FALSE,FALSE,FALSE,FALSE,FALSE,FALSE,FALSE,FALSE,FALSE,FALSE,FALSE,FALSE,FALSE,FALSE,FALSE,FALSE,FALSE,TRUE,FALSE,not_given,FALSE,FALSE,FALSE,FALSE,FALSE,florideophyceae,FALSE,FALSE,FALSE,FALSE
hard coral,mermaid,hard coral alive,coralscapes_v2,animalia,cnidaria,scleractinia,not_given,not_given,not_given,not_given,not_given,not_given,not_given,not_given,not_given,not_given,not_given,not_given,not_given,FALSE,FALSE,not_given,FALSE,not_given,not_given,FALSE,not_given,not_given,not_given,not_given,not_given,FALSE,not_given,FALSE,FALSE,FALSE,FALSE,FALSE,FALSE,FALSE,FALSE,FALSE,hexacorallia,FALSE,FALSE,FALSE,TRUE
heliofungia,mermaid,,,animalia,cnidaria,scleractinia,fungiidae,heliofungia,not_given,FALSE,FALSE,not_given,FALSE,not_given,TRUE,not_given,not_given,not_given,not_given,TRUE,FALSE,not_given,TRUE,FALSE,not_given,FALSE,not_given,not_given,FALSE,FALSE,TRUE,FALSE,FALSE,FALSE,FALSE,FALSE,FALSE,FALSE,FALSE,FALSE,FALSE,FALSE,hexacorallia,FALSE,FALSE,FALSE,TRUE
heliopora,mermaid,,,animalia,cnidaria,scleralcyonacea,helioporidae,heliopora,not_given,not_given,not_given,not_given,not_given,not_given,not_given,not_given,not_given,not_given,not_given,not_given,not_given,not_given,not_given,not_given,not_given,not_given,not_given,not_given,not_given,not_given,not_given,not_given,not_given,FALSE,FALSE,FALSE,FALSE,FALSE,FALSE,FALSE,FALSE,FALSE,octocorallia,FALSE,FALSE,FALSE,TRUE
heliopora coerulea,mermaid,,,animalia,cnidaria,scleralcyonacea,helioporidae,heliopora,heliopora_coerulea,not_given,not_given,not_given,not_given,not_given,not_given,not_given,not_given,not_given,not_given,not_given,not_given,not_given,not_given,not_given,not_given,not_given,not_given,not_given,not_given,not_given,not_given,not_given,not_given,FALSE,FALSE,FALSE,FALSE,FALSE,FALSE,FALSE,FALSE,FALSE,octocorallia,FALSE,FALSE,FALSE,TRUE
helioporidae,mermaid,,,animalia,cnidaria,scleralcyonacea,helioporidae,not_given,not_given,not_given,not_given,not_given,not_given,not_given,not_given,not_given,not_given,not_given,not_given,not_given,not_given,not_given,not_given,not_given,not_given,not_given,not_given,not_given,not_given,not_given,not_given,not_given,not_given,FALSE,FALSE,FALSE,FALSE,FALSE,FALSE,FALSE,FALSE,FALSE,octocorallia,FALSE,FALSE,FALSE,TRUE
helioseris,mermaid,,,animalia,cnidaria,scleractinia,agariciidae,helioseris,not_given,not_given,not_given,not_given,not_given,not_given,not_given,not_given,not_given,not_given,not_given,FALSE,FALSE,not_given,FALSE,not_given,not_given,FALSE,not_given,not_given,not_given,not_given,not_given,FALSE,not_given,FALSE,FALSE,FALSE,FALSE,FALSE,FALSE,FALSE,FALSE,FALSE,hexacorallia,FALSE,FALSE,FALSE,TRUE
helioseris cucullata,mermaid,,,animalia,cnidaria,scleractinia,agariciidae,helioseris,helioseris_cucullata,not_given,FALSE,not_given,not_given,not_given,not_given,not_given,FALSE,TRUE,not_given,FALSE,FALSE,not_given,FALSE,not_given,TRUE,FALSE,not_given,not_given,not_given,not_given,not_given,FALSE,not_given,FALSE,FALSE,FALSE,FALSE,FALSE,FALSE,FALSE,FALSE,FALSE,hexacorallia,FALSE,FALSE,FALSE,TRUE
herpolitha,mermaid,,,animalia,cnidaria,scleractinia,fungiidae,herpolitha,not_given,FALSE,FALSE,FALSE,TRUE,FALSE,not_given,not_given,not_given,not_given,not_given,FALSE,FALSE,not_given,FALSE,FALSE,not_given,FALSE,FALSE,FALSE,FALSE,FALSE,TRUE,FALSE,FALSE,FALSE,FALSE,FALSE,FALSE,FALSE,FALSE,FALSE,FALSE,FALSE,hexacorallia,FALSE,FALSE,FALSE,TRUE
heteractis,mermaid,,,animalia,cnidaria,actiniaria,heteractidae,heteractis,not_given,not_given,not_given,not_given,not_given,not_given,not_given,not_given,not_given,not_given,not_given,not_given,not_given,not_given,not_given,not_given,not_given,not_given,not_given,not_given,not_given,not_given,not_given,not_given,not_given,FALSE,FALSE,FALSE,FALSE,FALSE,FALSE,FALSE,FALSE,FALSE,hexacorallia,FALSE,FALSE,FALSE,TRUE
heterocyathus,mermaid,,,animalia,cnidaria,scleractinia,caryophylliidae,heterocyathus,not_given,not_given,not_given,not_given,not_given,not_given,not_given,not_given,not_given,not_given,not_given,FALSE,FALSE,not_given,FALSE,not_given,not_given,FALSE,not_given,not_given,not_given,not_given,not_given,FALSE,not_given,FALSE,FALSE,FALSE,FALSE,FALSE,FALSE,FALSE,FALSE,FALSE,hexacorallia,FALSE,FALSE,FALSE,TRUE
heterocyathus aequicostatus,mermaid,,,animalia,cnidaria,scleractinia,caryophylliidae,heterocyathus,heterocyathus_aequicostatus,TRUE,not_given,not_given,not_given,not_given,not_given,not_given,not_given,not_given,not_given,TRUE,FALSE,not_given,FALSE,not_given,not_given,FALSE,not_given,not_given,not_given,not_given,not_given,FALSE,not_given,FALSE,FALSE,FALSE,FALSE,FALSE,FALSE,FALSE,FALSE,FALSE,hexacorallia,FALSE,FALSE,FALSE,TRUE
heteropsammia,mermaid,,,animalia,cnidaria,scleractinia,dendrophylliidae,heteropsammia,not_given,not_given,not_given,not_given,not_given,not_given,not_given,not_given,not_given,not_given,not_given,not_given,FALSE,not_given,FALSE,not_given,not_given,FALSE,not_given,not_given,not_given,not_given,not_given,FALSE,not_given,FALSE,FALSE,FALSE,FALSE,FALSE,FALSE,FALSE,FALSE,FALSE,hexacorallia,FALSE,FALSE,FALSE,TRUE
holothuria,mermaid,,,animalia,echinodermata,holothuriida,holothuriidae,holothuria,not_given,FALSE,FALSE,FALSE,FALSE,FALSE,FALSE,FALSE,FALSE,FALSE,FALSE,FALSE,FALSE,FALSE,FALSE,FALSE,FALSE,FALSE,FALSE,FALSE,FALSE,FALSE,FALSE,FALSE,FALSE,FALSE,FALSE,FALSE,FALSE,FALSE,FALSE,FALSE,FALSE,FALSE,holothuroidea,FALSE,FALSE,FALSE,TRUE
homophyllia,mermaid,,,animalia,cnidaria,scleractinia,lobophylliidae,homophyllia,not_given,not_given,not_given,not_given,not_given,not_given,not_given,not_given,not_given,not_given,not_given,not_given,FALSE,not_given,FALSE,not_given,not_given,FALSE,not_given,not_given,not_given,not_given,not_given,not_given,not_given,FALSE,FALSE,FALSE,FALSE,FALSE,FALSE,FALSE,FALSE,FALSE,hexacorallia,FALSE,FALSE,FALSE,TRUE
horastrea,mermaid,,,animalia,cnidaria,scleractinia,coscinaraeidae,horastrea,not_given,FALSE,FALSE,not_given,FALSE,TRUE,not_given,not_given,FALSE,FALSE,not_given,FALSE,FALSE,not_given,FALSE,FALSE,not_given,FALSE,TRUE,not_given,FALSE,FALSE,not_given,not_given,FALSE,FALSE,FALSE,FALSE,FALSE,FALSE,FALSE,FALSE,FALSE,FALSE,hexacorallia,FALSE,FALSE,FALSE,TRUE
hydnophora,mermaid,,,animalia,cnidaria,scleractinia,merulinidae,hydnophora,not_given,FALSE,not_given,not_given,FALSE,not_given,not_given,not_given,not_given,not_given,not_given,FALSE,FALSE,not_given,FALSE,not_given,not_given,FALSE,not_given,FALSE,not_given,not_given,FALSE,FALSE,not_given,FALSE,FALSE,FALSE,FALSE,FALSE,FALSE,FALSE,FALSE,FALSE,hexacorallia,FALSE,FALSE,FALSE,TRUE
hydnophora pilosa,mermaid,,,animalia,cnidaria,scleractinia,merulinidae,hydnophora,hydnophora_pilosa,FALSE,FALSE,not_given,FALSE,FALSE,not_given,TRUE,not_given,FALSE,TRUE,FALSE,FALSE,TRUE,FALSE,TRUE,not_given,FALSE,FALSE,FALSE,FALSE,FALSE,FALSE,FALSE,FALSE,FALSE,FALSE,FALSE,FALSE,FALSE,FALSE,FALSE,FALSE,FALSE,hexacorallia,FALSE,FALSE,FALSE,TRUE
hydnophora rigida,mermaid,,,animalia,cnidaria,scleractinia,merulinidae,hydnophora,hydnophora_rigida,FALSE,FALSE,not_given,FALSE,FALSE,not_given,TRUE,not_given,FALSE,not_given,FALSE,FALSE,FALSE,FALSE,TRUE,not_given,FALSE,FALSE,FALSE,FALSE,FALSE,FALSE,FALSE,FALSE,FALSE,FALSE,FALSE,FALSE,FALSE,FALSE,FALSE,FALSE,FALSE,hexacorallia,FALSE,FALSE,FALSE,TRUE
hydnophyllia,mermaid,,,animalia,cnidaria,scleractinia,merulinidae,hydnophyllia,not_given,FALSE,FALSE,not_given,FALSE,TRUE,not_given,not_given,FALSE,FALSE,not_given,FALSE,FALSE,not_given,FALSE,FALSE,not_given,FALSE,TRUE,not_given,FALSE,FALSE,not_given,not_given,FALSE,FALSE,FALSE,FALSE,FALSE,FALSE,FALSE,FALSE,FALSE,FALSE,hexacorallia,FALSE,FALSE,FALSE,TRUE
hydrocharitaceae,mermaid,,,plantae,not_given,alismatales,hydrocharitaceae,not_given,not_given,FALSE,FALSE,FALSE,FALSE,FALSE,FALSE,FALSE,FALSE,FALSE,FALSE,FALSE,FALSE,FALSE,FALSE,FALSE,FALSE,FALSE,FALSE,FALSE,FALSE,FALSE,FALSE,FALSE,FALSE,FALSE,FALSE,FALSE,FALSE,FALSE,FALSE,FALSE,FALSE,FALSE,not_given,FALSE,FALSE,FALSE,FALSE
hydroclathrus,mermaid,,,not_given,ochrophyta,ectocarpales,scytosiphonaceae,hydroclathrus,not_given,FALSE,FALSE,FALSE,FALSE,FALSE,FALSE,FALSE,FALSE,FALSE,FALSE,FALSE,FALSE,FALSE,FALSE,FALSE,FALSE,FALSE,FALSE,FALSE,FALSE,FALSE,FALSE,FALSE,FALSE,FALSE,TRUE,FALSE,not_given,FALSE,FALSE,FALSE,not_given,FALSE,phaeophyceae,FALSE,FALSE,FALSE,FALSE
hydrocoral,mermaid,,,animalia,cnidaria,not_given,not_given,not_given,not_given,not_given,not_given,not_given,not_given,not_given,not_given,not_given,not_given,not_given,not_given,not_given,not_given,not_given,not_given,not_given,not_given,not_given,not_given,not_given,not_given,not_given,not_given,not_given,not_given,FALSE,FALSE,FALSE,FALSE,FALSE,FALSE,FALSE,FALSE,FALSE,hydrozoa,FALSE,FALSE,FALSE,TRUE
hydroid,mermaid,,,animalia,cnidaria,not_given,not_given,not_given,not_given,not_given,not_given,not_given,not_given,not_given,not_given,not_given,not_given,not_given,not_given,not_given,not_given,not_given,not_given,not_given,not_given,not_given,not_given,not_given,not_given,not_given,not_given,not_given,not_given,FALSE,FALSE,FALSE,FALSE,FALSE,FALSE,FALSE,FALSE,FALSE,hydrozoa,FALSE,FALSE,FALSE,TRUE
hydrozoa,mermaid,,,animalia,cnidaria,not_given,not_given,not_given,not_given,not_given,not_given,not_given,not_given,not_given,not_given,not_given,not_given,not_given,not_given,not_given,not_given,not_given,not_given,not_given,not_given,not_given,not_given,not_given,not_given,not_given,not_given,not_given,not_given,FALSE,FALSE,FALSE,FALSE,FALSE,FALSE,FALSE,FALSE,FALSE,hydrozoa,FALSE,FALSE,FALSE,TRUE
hypnea,mermaid,,,not_given,rhodophyta,gigartinales,cystocloniaceae,hypnea,not_given,FALSE,FALSE,FALSE,FALSE,FALSE,FALSE,FALSE,FALSE,FALSE,FALSE,FALSE,FALSE,FALSE,FALSE,FALSE,FALSE,FALSE,FALSE,FALSE,FALSE,FALSE,FALSE,FALSE,FALSE,FALSE,TRUE,FALSE,not_given,FALSE,FALSE,FALSE,FALSE,FALSE,florideophyceae,FALSE,FALSE,FALSE,FALSE
hypnea musciformis,mermaid,,,not_given,rhodophyta,gigartinales,cystocloniaceae,hypnea,hypnea_musciformis,FALSE,FALSE,FALSE,FALSE,FALSE,FALSE,FALSE,FALSE,FALSE,FALSE,FALSE,FALSE,FALSE,FALSE,FALSE,FALSE,FALSE,FALSE,FALSE,FALSE,FALSE,FALSE,FALSE,FALSE,FALSE,TRUE,FALSE,not_given,FALSE,FALSE,FALSE,FALSE,FALSE,florideophyceae,FALSE,FALSE,FALSE,FALSE
hypoglossum,mermaid,,,not_given,rhodophyta,ceramiales,delesseriaceae,hypoglossum,not_given,FALSE,FALSE,FALSE,FALSE,FALSE,FALSE,FALSE,FALSE,FALSE,FALSE,FALSE,FALSE,FALSE,FALSE,FALSE,FALSE,FALSE,FALSE,FALSE,FALSE,FALSE,FALSE,FALSE,FALSE,FALSE,TRUE,FALSE,not_given,FALSE,FALSE,FALSE,FALSE,FALSE,florideophyceae,FALSE,FALSE,FALSE,FALSE
indophyllia,mermaid,,,animalia,cnidaria,scleractinia,lobophylliidae,indophyllia,not_given,not_given,not_given,not_given,not_given,not_given,TRUE,not_given,not_given,not_given,not_given,TRUE,FALSE,not_given,FALSE,not_given,not_given,FALSE,not_given,not_given,not_given,not_given,TRUE,not_given,not_given,FALSE,FALSE,FALSE,FALSE,FALSE,FALSE,FALSE,FALSE,FALSE,hexacorallia,FALSE,FALSE,FALSE,TRUE
invertebrate,mermaid,,,animalia,not_given,not_given,not_given,not_given,not_given,FALSE,FALSE,FALSE,FALSE,FALSE,FALSE,FALSE,FALSE,FALSE,FALSE,FALSE,FALSE,FALSE,FALSE,FALSE,FALSE,FALSE,FALSE,FALSE,FALSE,FALSE,FALSE,FALSE,FALSE,FALSE,FALSE,FALSE,FALSE,FALSE,FALSE,FALSE,FALSE,FALSE,not_given,FALSE,FALSE,FALSE,TRUE
iotrochota,mermaid,,,animalia,porifera,poecilosclerida,iotrochotidae,iotrochota,not_given,FALSE,FALSE,FALSE,FALSE,FALSE,FALSE,FALSE,FALSE,FALSE,FALSE,FALSE,FALSE,FALSE,FALSE,FALSE,FALSE,FALSE,FALSE,FALSE,FALSE,FALSE,FALSE,FALSE,FALSE,FALSE,FALSE,FALSE,FALSE,FALSE,FALSE,FALSE,FALSE,FALSE,demospongiae,FALSE,FALSE,FALSE,TRUE
iotrochota birotulata,mermaid,,,animalia,porifera,poecilosclerida,iotrochotidae,iotrochota,iotrochota_birotulata,FALSE,FALSE,FALSE,FALSE,FALSE,FALSE,FALSE,FALSE,FALSE,FALSE,FALSE,FALSE,FALSE,FALSE,FALSE,FALSE,FALSE,FALSE,FALSE,FALSE,FALSE,FALSE,FALSE,FALSE,FALSE,FALSE,FALSE,FALSE,FALSE,FALSE,FALSE,FALSE,FALSE,demospongiae,FALSE,FALSE,FALSE,TRUE
ircinia,mermaid,,,animalia,porifera,dictyoceratida,irciniidae,ircinia,not_given,FALSE,FALSE,FALSE,FALSE,FALSE,FALSE,FALSE,FALSE,FALSE,FALSE,FALSE,FALSE,FALSE,FALSE,FALSE,FALSE,FALSE,FALSE,FALSE,FALSE,FALSE,FALSE,FALSE,FALSE,FALSE,FALSE,FALSE,FALSE,FALSE,FALSE,FALSE,FALSE,FALSE,demospongiae,FALSE,FALSE,FALSE,TRUE
ircinia felix,mermaid,,,animalia,porifera,dictyoceratida,irciniidae,ircinia,ircinia_felix,FALSE,FALSE,FALSE,FALSE,FALSE,FALSE,FALSE,FALSE,FALSE,FALSE,FALSE,FALSE,FALSE,FALSE,FALSE,FALSE,FALSE,FALSE,FALSE,FALSE,FALSE,FALSE,FALSE,FALSE,FALSE,FALSE,FALSE,FALSE,FALSE,FALSE,FALSE,FALSE,FALSE,demospongiae,FALSE,FALSE,FALSE,TRUE
ircinia strobilina,mermaid,,,animalia,porifera,dictyoceratida,irciniidae,ircinia,ircinia_strobilina,FALSE,FALSE,FALSE,FALSE,FALSE,FALSE,FALSE,FALSE,FALSE,FALSE,FALSE,FALSE,FALSE,FALSE,FALSE,FALSE,FALSE,FALSE,FALSE,FALSE,FALSE,FALSE,FALSE,FALSE,FALSE,FALSE,FALSE,FALSE,FALSE,FALSE,FALSE,FALSE,FALSE,demospongiae,FALSE,FALSE,FALSE,TRUE
isididae,mermaid,,,animalia,cnidaria,malacalcyonacea,isididae,not_given,not_given,not_given,not_given,not_given,not_given,not_given,not_given,not_given,not_given,not_given,not_given,not_given,not_given,not_given,not_given,not_given,not_given,not_given,not_given,not_given,not_given,not_given,not_given,not_given,not_given,FALSE,FALSE,FALSE,FALSE,FALSE,FALSE,FALSE,FALSE,FALSE,octocorallia,FALSE,FALSE,FALSE,TRUE
isis,mermaid,,,animalia,cnidaria,malacalcyonacea,isididae,isis,not_given,not_given,not_given,not_given,not_given,not_given,not_given,not_given,not_given,not_given,not_given,not_given,not_given,not_given,not_given,not_given,not_given,not_given,not_given,not_given,not_given,not_given,not_given,not_given,not_given,FALSE,FALSE,FALSE,FALSE,FALSE,FALSE,FALSE,FALSE,FALSE,octocorallia,FALSE,FALSE,FALSE,TRUE
isophyllia,mermaid,,,animalia,cnidaria,scleractinia,mussidae,isophyllia,not_given,not_given,not_given,not_given,not_given,not_given,not_given,not_given,not_given,not_given,not_given,FALSE,FALSE,not_given,FALSE,not_given,not_given,FALSE,not_given,not_given,not_given,not_given,not_given,FALSE,not_given,FALSE,FALSE,FALSE,FALSE,FALSE,FALSE,FALSE,FALSE,FALSE,hexacorallia,FALSE,FALSE,FALSE,TRUE
isophyllia rigida,mermaid,,,animalia,cnidaria,scleractinia,mussidae,isophyllia,isophyllia_rigida,FALSE,FALSE,TRUE,FALSE,TRUE,not_given,not_given,FALSE,FALSE,not_given,FALSE,FALSE,not_given,FALSE,FALSE,not_given,FALSE,not_given,not_given,FALSE,FALSE,not_given,FALSE,FALSE,FALSE,FALSE,FALSE,FALSE,FALSE,FALSE,FALSE,FALSE,FALSE,hexacorallia,FALSE,FALSE,FALSE,TRUE
isophyllia sinuosa,mermaid,,,animalia,cnidaria,scleractinia,mussidae,isophyllia,isophyllia_sinuosa,FALSE,FALSE,TRUE,FALSE,TRUE,not_given,not_given,FALSE,FALSE,not_given,FALSE,FALSE,not_given,FALSE,FALSE,not_given,FALSE,TRUE,TRUE,FALSE,FALSE,not_given,not_given,FALSE,FALSE,FALSE,FALSE,FALSE,FALSE,FALSE,FALSE,FALSE,FALSE,hexacorallia,FALSE,FALSE,FALSE,TRUE
isopora,mermaid,,,animalia,cnidaria,scleractinia,acroporidae,isopora,not_given,not_given,not_given,not_given,not_given,not_given,not_given,not_given,not_given,not_given,not_given,FALSE,FALSE,not_given,FALSE,not_given,not_given,FALSE,not_given,not_given,not_given,not_given,not_given,FALSE,not_given,FALSE,FALSE,FALSE,FALSE,FALSE,FALSE,FALSE,FALSE,FALSE,hexacorallia,FALSE,FALSE,FALSE,TRUE
isopora brueggemanni,mermaid,,,animalia,cnidaria,scleractinia,acroporidae,isopora,isopora_brueggemanni,not_given,not_given,not_given,not_given,FALSE,not_given,FALSE,not_given,FALSE,not_given,FALSE,FALSE,FALSE,FALSE,TRUE,not_given,FALSE,FALSE,not_given,not_given,not_given,not_given,FALSE,not_given,FALSE,FALSE,FALSE,FALSE,FALSE,FALSE,FALSE,FALSE,FALSE,hexacorallia,FALSE,FALSE,FALSE,TRUE
isopora palifera,mermaid,,,animalia,cnidaria,scleractinia,acroporidae,isopora,isopora_palifera,not_given,FALSE,not_given,not_given,FALSE,not_given,TRUE,FALSE,FALSE,TRUE,FALSE,FALSE,FALSE,FALSE,TRUE,TRUE,FALSE,FALSE,not_given,FALSE,FALSE,not_given,FALSE,FALSE,FALSE,FALSE,FALSE,FALSE,FALSE,FALSE,FALSE,FALSE,FALSE,hexacorallia,FALSE,FALSE,FALSE,TRUE
jania,mermaid,,,not_given,rhodophyta,corallinales,corallinaceae,jania,not_given,FALSE,FALSE,FALSE,FALSE,FALSE,FALSE,FALSE,FALSE,FALSE,FALSE,FALSE,FALSE,FALSE,FALSE,FALSE,FALSE,FALSE,FALSE,FALSE,FALSE,FALSE,FALSE,FALSE,FALSE,FALSE,TRUE,FALSE,not_given,FALSE,FALSE,FALSE,FALSE,FALSE,florideophyceae,FALSE,FALSE,FALSE,FALSE
junceella,mermaid,,,animalia,cnidaria,scleralcyonacea,ellisellidae,junceella,not_given,not_given,not_given,not_given,not_given,not_given,not_given,not_given,not_given,not_given,not_given,not_given,not_given,not_given,not_given,not_given,not_given,not_given,not_given,not_given,not_given,not_given,not_given,not_given,not_given,FALSE,FALSE,FALSE,FALSE,FALSE,FALSE,FALSE,FALSE,FALSE,octocorallia,FALSE,FALSE,FALSE,TRUE
laminariaceae,mermaid,,,not_given,ochrophyta,laminariales,laminariaceae,not_given,not_given,FALSE,FALSE,FALSE,FALSE,FALSE,FALSE,FALSE,FALSE,FALSE,FALSE,FALSE,FALSE,FALSE,FALSE,FALSE,FALSE,FALSE,FALSE,FALSE,FALSE,FALSE,FALSE,FALSE,FALSE,FALSE,TRUE,FALSE,not_given,FALSE,FALSE,FALSE,FALSE,FALSE,phaeophyceae,FALSE,FALSE,FALSE,FALSE
laurencia,mermaid,,,not_given,rhodophyta,ceramiales,rhodomelaceae,laurencia,not_given,FALSE,FALSE,FALSE,FALSE,FALSE,FALSE,FALSE,FALSE,FALSE,FALSE,FALSE,FALSE,FALSE,FALSE,FALSE,FALSE,FALSE,FALSE,FALSE,FALSE,FALSE,FALSE,FALSE,FALSE,FALSE,TRUE,FALSE,not_given,FALSE,FALSE,FALSE,FALSE,FALSE,florideophyceae,FALSE,FALSE,FALSE,FALSE
lemnalia,mermaid,,,animalia,cnidaria,malacalcyonacea,lemnaliidae,lemnalia,not_given,not_given,not_given,not_given,not_given,not_given,not_given,not_given,not_given,not_given,not_given,not_given,not_given,not_given,not_given,not_given,not_given,not_given,not_given,not_given,not_given,not_given,not_given,not_given,not_given,FALSE,FALSE,FALSE,FALSE,FALSE,FALSE,FALSE,FALSE,FALSE,octocorallia,FALSE,FALSE,FALSE,TRUE
leptastrea,mermaid,,,animalia,cnidaria,scleractinia,leptastreidae,leptastrea,not_given,not_given,not_given,not_given,not_given,not_given,not_given,not_given,not_given,not_given,not_given,FALSE,FALSE,not_given,FALSE,not_given,not_given,FALSE,not_given,not_given,not_given,not_given,not_given,FALSE,not_given,FALSE,FALSE,FALSE,FALSE,FALSE,FALSE,FALSE,FALSE,FALSE,hexacorallia,FALSE,FALSE,FALSE,TRUE
leptastrea purpurea,mermaid,,,animalia,cnidaria,scleractinia,leptastreidae,leptastrea,leptastrea_purpurea,FALSE,FALSE,not_given,FALSE,TRUE,not_given,TRUE,not_given,not_given,not_given,FALSE,FALSE,not_given,FALSE,FALSE,not_given,FALSE,not_given,not_given,FALSE,FALSE,not_given,FALSE,FALSE,FALSE,FALSE,FALSE,FALSE,FALSE,FALSE,FALSE,FALSE,FALSE,hexacorallia,FALSE,FALSE,FALSE,TRUE
leptastrea transversa,mermaid,,,animalia,cnidaria,scleractinia,leptastreidae,leptastrea,leptastrea_transversa,FALSE,FALSE,not_given,FALSE,TRUE,not_given,TRUE,not_given,not_given,not_given,FALSE,FALSE,not_given,FALSE,FALSE,not_given,FALSE,not_given,not_given,FALSE,FALSE,not_given,FALSE,FALSE,FALSE,FALSE,FALSE,FALSE,FALSE,FALSE,FALSE,FALSE,FALSE,hexacorallia,FALSE,FALSE,FALSE,TRUE
leptoria,mermaid,,,animalia,cnidaria,scleractinia,merulinidae,leptoria,not_given,not_given,not_given,not_given,not_given,not_given,not_given,not_given,not_given,not_given,not_given,FALSE,FALSE,not_given,FALSE,not_given,not_given,FALSE,not_given,not_given,not_given,not_given,not_given,FALSE,not_given,FALSE,FALSE,FALSE,FALSE,FALSE,FALSE,FALSE,FALSE,FALSE,hexacorallia,FALSE,FALSE,FALSE,TRUE
leptoria phrygia,mermaid,,,animalia,cnidaria,scleractinia,merulinidae,leptoria,leptoria_phrygia,FALSE,FALSE,TRUE,FALSE,TRUE,not_given,not_given,FALSE,FALSE,TRUE,FALSE,FALSE,TRUE,FALSE,FALSE,not_given,FALSE,TRUE,not_given,FALSE,FALSE,not_given,not_given,FALSE,FALSE,FALSE,FALSE,FALSE,FALSE,FALSE,FALSE,FALSE,FALSE,hexacorallia,FALSE,FALSE,FALSE,TRUE
leptoseris,mermaid,,,animalia,cnidaria,scleractinia,agariciidae,leptoseris,not_given,not_given,not_given,not_given,not_given,not_given,not_given,not_given,not_given,not_given,not_given,FALSE,FALSE,not_given,FALSE,not_given,not_given,FALSE,not_given,not_given,not_given,not_given,not_given,FALSE,not_given,FALSE,FALSE,FALSE,FALSE,FALSE,FALSE,FALSE,FALSE,FALSE,hexacorallia,FALSE,FALSE,FALSE,TRUE
lessoniaceae,mermaid,,,not_given,ochrophyta,laminariales,lessoniaceae,not_given,not_given,FALSE,FALSE,FALSE,FALSE,FALSE,FALSE,FALSE,FALSE,FALSE,FALSE,FALSE,FALSE,FALSE,FALSE,FALSE,FALSE,FALSE,FALSE,FALSE,FALSE,FALSE,FALSE,FALSE,FALSE,FALSE,TRUE,FALSE,not_given,FALSE,FALSE,FALSE,not_given,FALSE,phaeophyceae,FALSE,FALSE,FALSE,FALSE
liagora,mermaid,,,plantae,rhodophyta,nemaliales,liagoraceae,liagora,not_given,FALSE,FALSE,FALSE,FALSE,FALSE,FALSE,FALSE,FALSE,FALSE,FALSE,FALSE,FALSE,FALSE,FALSE,FALSE,FALSE,FALSE,FALSE,FALSE,FALSE,FALSE,FALSE,FALSE,FALSE,FALSE,TRUE,FALSE,FALSE,FALSE,FALSE,FALSE,FALSE,FALSE,florideophyceae,FALSE,FALSE,FALSE,FALSE
linckia laevigata,mermaid,,,animalia,echinodermata,valvatida,ophidiasteridae,linckia,linckia_laevigata,FALSE,FALSE,FALSE,FALSE,FALSE,FALSE,FALSE,FALSE,FALSE,FALSE,FALSE,FALSE,FALSE,FALSE,FALSE,FALSE,FALSE,FALSE,FALSE,FALSE,FALSE,FALSE,FALSE,FALSE,FALSE,FALSE,FALSE,FALSE,FALSE,FALSE,FALSE,FALSE,FALSE,asteroidea,FALSE,FALSE,FALSE,TRUE
linkia sea star,mermaid,,,animalia,echinodermata,valvatida,ophidiasteridae,linckia,not_given,FALSE,FALSE,FALSE,FALSE,FALSE,FALSE,FALSE,FALSE,FALSE,FALSE,FALSE,FALSE,FALSE,FALSE,FALSE,FALSE,FALSE,FALSE,FALSE,FALSE,FALSE,FALSE,FALSE,FALSE,FALSE,FALSE,FALSE,FALSE,FALSE,FALSE,FALSE,FALSE,FALSE,asteroidea,FALSE,FALSE,FALSE,TRUE
lithophyllon,mermaid,,,animalia,cnidaria,scleractinia,fungiidae,lithophyllon,not_given,FALSE,FALSE,not_given,FALSE,not_given,not_given,not_given,not_given,not_given,not_given,FALSE,FALSE,not_given,FALSE,FALSE,not_given,FALSE,not_given,not_given,FALSE,FALSE,not_given,FALSE,FALSE,FALSE,FALSE,FALSE,FALSE,FALSE,FALSE,FALSE,FALSE,FALSE,hexacorallia,FALSE,FALSE,FALSE,TRUE
lithothamnion,mermaid,,,not_given,rhodophyta,corallinales,hapalidiaceae,lithothamnion,not_given,FALSE,FALSE,FALSE,FALSE,FALSE,FALSE,FALSE,FALSE,FALSE,FALSE,FALSE,FALSE,FALSE,FALSE,FALSE,FALSE,FALSE,FALSE,FALSE,FALSE,FALSE,FALSE,FALSE,FALSE,FALSE,TRUE,FALSE,not_given,FALSE,FALSE,FALSE,FALSE,FALSE,florideophyceae,FALSE,FALSE,FALSE,FALSE
litophyton,mermaid,,,animalia,cnidaria,malacalcyonacea,nephtheidae,litophyton,not_given,not_given,not_given,not_given,not_given,not_given,not_given,not_given,not_given,not_given,not_given,not_given,not_given,not_given,not_given,not_given,not_given,not_given,not_given,not_given,not_given,not_given,not_given,not_given,not_given,FALSE,FALSE,FALSE,FALSE,FALSE,FALSE,FALSE,FALSE,FALSE,octocorallia,FALSE,FALSE,FALSE,TRUE
lobactis,mermaid,,,animalia,cnidaria,scleractinia,fungiidae,lobactis,not_given,FALSE,FALSE,not_given,TRUE,not_given,not_given,not_given,not_given,not_given,not_given,TRUE,FALSE,not_given,FALSE,FALSE,not_given,FALSE,not_given,not_given,FALSE,FALSE,not_given,FALSE,FALSE,FALSE,FALSE,FALSE,FALSE,FALSE,FALSE,FALSE,FALSE,FALSE,hexacorallia,FALSE,FALSE,FALSE,TRUE
lobactis scutaria,mermaid,,,animalia,cnidaria,scleractinia,fungiidae,lobactis,lobactis_scutaria,FALSE,FALSE,not_given,TRUE,not_given,not_given,not_given,not_given,not_given,not_given,TRUE,FALSE,not_given,FALSE,FALSE,not_given,FALSE,not_given,not_given,FALSE,FALSE,not_given,FALSE,FALSE,FALSE,FALSE,FALSE,FALSE,FALSE,FALSE,FALSE,FALSE,FALSE,hexacorallia,FALSE,FALSE,FALSE,TRUE
lobophora,mermaid,,,not_given,ochrophyta,dictyotales,dictyotaceae,lobophora,not_given,FALSE,FALSE,FALSE,FALSE,FALSE,FALSE,FALSE,FALSE,FALSE,FALSE,FALSE,FALSE,FALSE,FALSE,FALSE,FALSE,FALSE,FALSE,FALSE,FALSE,FALSE,FALSE,FALSE,FALSE,FALSE,TRUE,FALSE,not_given,FALSE,FALSE,FALSE,not_given,FALSE,phaeophyceae,FALSE,FALSE,FALSE,FALSE
lobophora variegata,mermaid,,,not_given,ochrophyta,dictyotales,dictyotaceae,lobophora,lobophora_variegata,FALSE,FALSE,FALSE,FALSE,FALSE,FALSE,FALSE,FALSE,FALSE,FALSE,FALSE,FALSE,FALSE,FALSE,FALSE,FALSE,FALSE,FALSE,FALSE,FALSE,FALSE,FALSE,FALSE,FALSE,FALSE,TRUE,FALSE,not_given,FALSE,FALSE,FALSE,FALSE,FALSE,phaeophyceae,FALSE,FALSE,FALSE,FALSE
lobophyllia,mermaid,,,animalia,cnidaria,scleractinia,lobophylliidae,lobophyllia,not_given,FALSE,FALSE,not_given,FALSE,not_given,not_given,not_given,FALSE,FALSE,not_given,FALSE,FALSE,not_given,FALSE,FALSE,FALSE,FALSE,TRUE,TRUE,FALSE,FALSE,FALSE,not_given,FALSE,FALSE,FALSE,FALSE,FALSE,FALSE,FALSE,FALSE,FALSE,FALSE,hexacorallia,FALSE,FALSE,FALSE,TRUE
lobophyllia agaricia,mermaid,,,animalia,cnidaria,scleractinia,lobophylliidae,lobophyllia,lobophyllia_agaricia,FALSE,FALSE,TRUE,FALSE,TRUE,not_given,not_given,FALSE,FALSE,not_given,FALSE,FALSE,not_given,FALSE,FALSE,not_given,FALSE,TRUE,TRUE,FALSE,FALSE,FALSE,not_given,FALSE,FALSE,FALSE,FALSE,FALSE,FALSE,FALSE,FALSE,FALSE,FALSE,hexacorallia,FALSE,FALSE,FALSE,TRUE
lobophyllia flabelliformis,mermaid,,,animalia,cnidaria,scleractinia,lobophylliidae,lobophyllia,lobophyllia_flabelliformis,FALSE,FALSE,TRUE,FALSE,TRUE,not_given,not_given,FALSE,FALSE,not_given,FALSE,FALSE,not_given,FALSE,FALSE,not_given,FALSE,TRUE,TRUE,FALSE,FALSE,FALSE,not_given,FALSE,FALSE,FALSE,FALSE,FALSE,FALSE,FALSE,FALSE,FALSE,FALSE,hexacorallia,FALSE,FALSE,FALSE,TRUE
lobophyllia hemprichii,mermaid,,,animalia,cnidaria,scleractinia,lobophylliidae,lobophyllia,lobophyllia_hemprichii,FALSE,FALSE,TRUE,FALSE,TRUE,not_given,not_given,FALSE,FALSE,not_given,FALSE,FALSE,not_given,FALSE,FALSE,not_given,FALSE,TRUE,TRUE,FALSE,FALSE,FALSE,not_given,FALSE,FALSE,FALSE,FALSE,FALSE,FALSE,FALSE,FALSE,FALSE,FALSE,hexacorallia,FALSE,FALSE,FALSE,TRUE
lobophyllia radians,mermaid,,,animalia,cnidaria,scleractinia,lobophylliidae,lobophyllia,lobophyllia_radians,FALSE,FALSE,TRUE,FALSE,TRUE,not_given,not_given,FALSE,FALSE,not_given,FALSE,FALSE,not_given,FALSE,FALSE,not_given,FALSE,TRUE,not_given,FALSE,FALSE,FALSE,not_given,FALSE,FALSE,FALSE,FALSE,FALSE,FALSE,FALSE,FALSE,FALSE,FALSE,hexacorallia,FALSE,FALSE,FALSE,TRUE
lobophylliidae,mermaid,lobophylliidae alive,coralscapes_v2,animalia,cnidaria,scleractinia,lobophylliidae,not_given,not_given,FALSE,FALSE,not_given,FALSE,TRUE,not_given,not_given,FALSE,FALSE,not_given,FALSE,FALSE,TRUE,FALSE,FALSE,not_given,FALSE,TRUE,TRUE,FALSE,FALSE,not_given,not_given,FALSE,FALSE,FALSE,FALSE,FALSE,FALSE,FALSE,FALSE,FALSE,FALSE,hexacorallia,FALSE,FALSE,FALSE,TRUE
lobophytum,mermaid,,,animalia,cnidaria,malacalcyonacea,alcyoniidae,lobophytum,not_given,not_given,not_given,not_given,not_given,not_given,not_given,not_given,not_given,not_given,not_given,not_given,not_given,not_given,not_given,not_given,not_given,not_given,not_given,not_given,not_given,not_given,not_given,not_given,not_given,FALSE,FALSE,FALSE,FALSE,FALSE,FALSE,FALSE,FALSE,FALSE,octocorallia,FALSE,FALSE,FALSE,TRUE
lomentariaceae,mermaid,,,not_given,rhodophyta,rhodymeniales,lomentariaceae,not_given,not_given,FALSE,FALSE,FALSE,FALSE,FALSE,FALSE,FALSE,FALSE,FALSE,FALSE,FALSE,FALSE,FALSE,FALSE,FALSE,FALSE,FALSE,FALSE,FALSE,FALSE,FALSE,FALSE,FALSE,FALSE,FALSE,TRUE,FALSE,not_given,FALSE,FALSE,FALSE,FALSE,FALSE,florideophyceae,FALSE,FALSE,FALSE,FALSE
lyngbya,mermaid,,,bacillati,cyanobacteriota,oscillatoriales,oscillatoriaceae,lyngbya,not_given,FALSE,FALSE,FALSE,FALSE,FALSE,FALSE,FALSE,FALSE,FALSE,FALSE,FALSE,FALSE,FALSE,FALSE,FALSE,FALSE,FALSE,FALSE,FALSE,FALSE,FALSE,FALSE,FALSE,FALSE,FALSE,FALSE,FALSE,FALSE,FALSE,FALSE,FALSE,FALSE,FALSE,cyanophyceae,FALSE,FALSE,FALSE,FALSE
macroalgae,mermaid,,,none,none,none,none,none,none,FALSE,FALSE,FALSE,FALSE,FALSE,FALSE,FALSE,FALSE,FALSE,FALSE,FALSE,FALSE,FALSE,FALSE,FALSE,FALSE,FALSE,FALSE,FALSE,FALSE,FALSE,FALSE,FALSE,FALSE,FALSE,TRUE,FALSE,not_given,FALSE,FALSE,FALSE,TRUE,FALSE,none,FALSE,FALSE,FALSE,FALSE
macrocystis,mermaid,,,not_given,ochrophyta,laminariales,laminariaceae,macrocystis,not_given,FALSE,FALSE,FALSE,FALSE,FALSE,FALSE,FALSE,FALSE,FALSE,FALSE,FALSE,FALSE,FALSE,FALSE,FALSE,FALSE,FALSE,FALSE,FALSE,FALSE,FALSE,FALSE,FALSE,FALSE,FALSE,TRUE,FALSE,not_given,FALSE,FALSE,FALSE,not_given,FALSE,phaeophyceae,FALSE,FALSE,FALSE,FALSE
macrocystis pyrifera,mermaid,,,not_given,ochrophyta,laminariales,laminariaceae,macrocystis,macrocystis_pyrifera,FALSE,FALSE,FALSE,FALSE,FALSE,FALSE,FALSE,FALSE,FALSE,FALSE,FALSE,FALSE,FALSE,FALSE,FALSE,FALSE,FALSE,FALSE,FALSE,FALSE,FALSE,FALSE,FALSE,FALSE,FALSE,TRUE,FALSE,not_given,FALSE,FALSE,FALSE,FALSE,FALSE,phaeophyceae,FALSE,FALSE,FALSE,FALSE
madracis,mermaid,,,animalia,cnidaria,scleractinia,pocilloporidae,madracis,not_given,not_given,not_given,not_given,not_given,not_given,not_given,not_given,not_given,not_given,not_given,FALSE,FALSE,not_given,FALSE,not_given,not_given,FALSE,not_given,not_given,not_given,not_given,not_given,FALSE,not_given,FALSE,FALSE,FALSE,FALSE,FALSE,FALSE,FALSE,FALSE,FALSE,hexacorallia,FALSE,FALSE,FALSE,TRUE
madracis auretenra,mermaid,,,animalia,cnidaria,scleractinia,pocilloporidae,madracis,madracis_auretenra,not_given,not_given,not_given,not_given,FALSE,not_given,FALSE,TRUE,FALSE,not_given,FALSE,FALSE,FALSE,FALSE,TRUE,not_given,FALSE,FALSE,not_given,not_given,not_given,not_given,FALSE,not_given,FALSE,FALSE,FALSE,FALSE,FALSE,FALSE,FALSE,FALSE,FALSE,hexacorallia,FALSE,FALSE,FALSE,TRUE
madracis carmabi,mermaid,,,animalia,cnidaria,scleractinia,pocilloporidae,madracis,madracis_carmabi,not_given,FALSE,not_given,not_given,FALSE,not_given,TRUE,not_given,FALSE,TRUE,FALSE,FALSE,TRUE,FALSE,TRUE,not_given,FALSE,FALSE,not_given,FALSE,FALSE,not_given,FALSE,FALSE,FALSE,FALSE,FALSE,FALSE,FALSE,FALSE,FALSE,FALSE,FALSE,hexacorallia,FALSE,FALSE,FALSE,TRUE
madracis decactis,mermaid,,,animalia,cnidaria,scleractinia,pocilloporidae,madracis,madracis_decactis,FALSE,FALSE,not_given,FALSE,TRUE,not_given,TRUE,not_given,not_given,TRUE,FALSE,FALSE,TRUE,FALSE,FALSE,not_given,FALSE,not_given,not_given,FALSE,FALSE,not_given,FALSE,FALSE,FALSE,FALSE,FALSE,FALSE,FALSE,FALSE,FALSE,FALSE,FALSE,hexacorallia,FALSE,FALSE,FALSE,TRUE
madracis formosa,mermaid,,,animalia,cnidaria,scleractinia,pocilloporidae,madracis,madracis_formosa,not_given,not_given,not_given,not_given,TRUE,not_given,FALSE,not_given,FALSE,TRUE,FALSE,FALSE,TRUE,FALSE,TRUE,not_given,FALSE,FALSE,not_given,not_given,not_given,not_given,FALSE,not_given,FALSE,FALSE,FALSE,FALSE,FALSE,FALSE,FALSE,FALSE,FALSE,hexacorallia,FALSE,FALSE,FALSE,TRUE
madracis kirbyi,mermaid,,,animalia,cnidaria,scleractinia,pocilloporidae,madracis,madracis_kirbyi,FALSE,FALSE,not_given,FALSE,not_given,not_given,TRUE,not_given,not_given,TRUE,FALSE,FALSE,TRUE,FALSE,FALSE,not_given,FALSE,not_given,not_given,FALSE,FALSE,not_given,FALSE,FALSE,FALSE,FALSE,FALSE,FALSE,FALSE,FALSE,FALSE,FALSE,FALSE,hexacorallia,FALSE,FALSE,FALSE,TRUE
madracis myriaster,mermaid,,,animalia,cnidaria,scleractinia,pocilloporidae,madracis,madracis_myriaster,not_given,not_given,not_given,not_given,FALSE,not_given,FALSE,TRUE,FALSE,not_given,FALSE,FALSE,FALSE,FALSE,TRUE,not_given,FALSE,FALSE,not_given,not_given,not_given,not_given,FALSE,not_given,FALSE,FALSE,FALSE,FALSE,FALSE,FALSE,FALSE,FALSE,FALSE,hexacorallia,FALSE,FALSE,FALSE,TRUE
madracis pharensis,mermaid,,,animalia,cnidaria,scleractinia,pocilloporidae,madracis,madracis_pharensis,FALSE,FALSE,not_given,FALSE,not_given,not_given,TRUE,not_given,not_given,not_given,FALSE,FALSE,TRUE,FALSE,FALSE,not_given,FALSE,not_given,not_given,FALSE,FALSE,not_given,FALSE,FALSE,FALSE,FALSE,FALSE,FALSE,FALSE,FALSE,FALSE,FALSE,FALSE,hexacorallia,FALSE,FALSE,FALSE,TRUE
madracis senaria,mermaid,,,animalia,cnidaria,scleractinia,pocilloporidae,madracis,madracis_senaria,FALSE,FALSE,not_given,FALSE,not_given,not_given,TRUE,not_given,not_given,not_given,FALSE,FALSE,not_given,FALSE,FALSE,not_given,FALSE,not_given,not_given,FALSE,FALSE,not_given,FALSE,FALSE,FALSE,FALSE,FALSE,FALSE,FALSE,FALSE,FALSE,FALSE,FALSE,hexacorallia,FALSE,FALSE,FALSE,TRUE
manicina,mermaid,,,animalia,cnidaria,scleractinia,mussidae,manicina,not_given,not_given,not_given,not_given,not_given,not_given,not_given,not_given,not_given,not_given,not_given,FALSE,FALSE,not_given,FALSE,not_given,not_given,FALSE,not_given,not_given,not_given,not_given,not_given,FALSE,not_given,FALSE,FALSE,FALSE,FALSE,FALSE,FALSE,FALSE,FALSE,FALSE,hexacorallia,FALSE,FALSE,FALSE,TRUE
manicina areolata,mermaid,,,animalia,cnidaria,scleractinia,mussidae,manicina,manicina_areolata,FALSE,FALSE,TRUE,FALSE,not_given,not_given,not_given,FALSE,FALSE,not_given,TRUE,FALSE,not_given,FALSE,FALSE,not_given,FALSE,TRUE,not_given,FALSE,FALSE,not_given,not_given,FALSE,FALSE,FALSE,FALSE,FALSE,FALSE,FALSE,FALSE,FALSE,FALSE,hexacorallia,FALSE,FALSE,FALSE,TRUE
martensia,mermaid,,,not_given,rhodophyta,ceramiales,delesseriaceae,martensia,not_given,FALSE,FALSE,FALSE,FALSE,FALSE,FALSE,FALSE,FALSE,FALSE,FALSE,FALSE,FALSE,FALSE,FALSE,FALSE,FALSE,FALSE,FALSE,FALSE,FALSE,FALSE,FALSE,FALSE,FALSE,FALSE,TRUE,FALSE,not_given,FALSE,FALSE,FALSE,FALSE,FALSE,florideophyceae,FALSE,FALSE,FALSE,FALSE
mastophora,mermaid,,,not_given,rhodophyta,corallinales,corallinaceae,mastophora,not_given,FALSE,FALSE,FALSE,FALSE,FALSE,FALSE,FALSE,FALSE,FALSE,FALSE,FALSE,FALSE,FALSE,FALSE,FALSE,FALSE,FALSE,FALSE,FALSE,FALSE,FALSE,FALSE,FALSE,FALSE,FALSE,TRUE,FALSE,not_given,FALSE,FALSE,FALSE,FALSE,FALSE,florideophyceae,FALSE,FALSE,FALSE,FALSE
meandrina,mermaid,,,animalia,cnidaria,scleractinia,meandrinidae,meandrina,not_given,not_given,not_given,not_given,not_given,not_given,not_given,not_given,not_given,not_given,not_given,FALSE,FALSE,not_given,FALSE,not_given,not_given,FALSE,not_given,not_given,not_given,not_given,not_given,FALSE,not_given,FALSE,FALSE,FALSE,FALSE,FALSE,FALSE,FALSE,FALSE,FALSE,hexacorallia,FALSE,FALSE,FALSE,TRUE
meandrina danai,mermaid,,,animalia,cnidaria,scleractinia,meandrinidae,meandrina,meandrina_danai,not_given,not_given,not_given,not_given,not_given,not_given,not_given,not_given,not_given,not_given,FALSE,FALSE,not_given,FALSE,not_given,not_given,FALSE,not_given,not_given,not_given,not_given,not_given,FALSE,not_given,FALSE,FALSE,FALSE,FALSE,FALSE,FALSE,FALSE,FALSE,FALSE,hexacorallia,FALSE,FALSE,FALSE,TRUE
meandrina jacksoni,mermaid,,,animalia,cnidaria,scleractinia,meandrinidae,meandrina,meandrina_jacksoni,FALSE,FALSE,TRUE,FALSE,TRUE,not_given,TRUE,FALSE,FALSE,not_given,FALSE,FALSE,TRUE,FALSE,FALSE,not_given,FALSE,TRUE,not_given,FALSE,FALSE,not_given,not_given,FALSE,FALSE,FALSE,FALSE,FALSE,FALSE,FALSE,FALSE,FALSE,FALSE,hexacorallia,FALSE,FALSE,FALSE,TRUE
meandrina meandrites,mermaid,,,animalia,cnidaria,scleractinia,meandrinidae,meandrina,meandrina_meandrites,FALSE,FALSE,TRUE,FALSE,TRUE,not_given,not_given,FALSE,FALSE,not_given,FALSE,FALSE,TRUE,FALSE,FALSE,not_given,FALSE,TRUE,not_given,FALSE,FALSE,not_given,not_given,FALSE,FALSE,FALSE,FALSE,FALSE,FALSE,FALSE,FALSE,FALSE,FALSE,hexacorallia,FALSE,FALSE,FALSE,TRUE
meandrinidae,mermaid,,,animalia,cnidaria,scleractinia,meandrinidae,not_given,not_given,not_given,not_given,not_given,not_given,not_given,not_given,not_given,not_given,not_given,not_given,FALSE,FALSE,not_given,FALSE,not_given,not_given,FALSE,not_given,not_given,not_given,not_given,not_given,FALSE,not_given,FALSE,FALSE,FALSE,FALSE,FALSE,FALSE,FALSE,FALSE,FALSE,hexacorallia,FALSE,FALSE,FALSE,TRUE
melithaea,mermaid,,,animalia,cnidaria,malacalcyonacea,melithaeidae,melithaea,not_given,not_given,not_given,not_given,not_given,not_given,not_given,not_given,not_given,not_given,not_given,not_given,not_given,not_given,not_given,not_given,not_given,not_given,not_given,not_given,not_given,not_given,not_given,not_given,not_given,FALSE,FALSE,FALSE,FALSE,FALSE,FALSE,FALSE,FALSE,FALSE,octocorallia,FALSE,FALSE,FALSE,TRUE
merulina,mermaid,,,animalia,cnidaria,scleractinia,merulinidae,merulina,not_given,not_given,not_given,not_given,not_given,not_given,not_given,not_given,not_given,not_given,not_given,FALSE,FALSE,not_given,FALSE,not_given,not_given,FALSE,not_given,not_given,not_given,not_given,not_given,FALSE,not_given,FALSE,FALSE,FALSE,FALSE,FALSE,FALSE,FALSE,FALSE,FALSE,hexacorallia,FALSE,FALSE,FALSE,TRUE
merulina cylindrica,mermaid,,,animalia,cnidaria,scleractinia,merulinidae,merulina,merulina_cylindrica,FALSE,FALSE,not_given,FALSE,not_given,not_given,TRUE,FALSE,FALSE,TRUE,FALSE,FALSE,not_given,FALSE,FALSE,TRUE,FALSE,TRUE,not_given,FALSE,FALSE,not_given,not_given,FALSE,FALSE,FALSE,FALSE,FALSE,FALSE,FALSE,FALSE,FALSE,FALSE,hexacorallia,FALSE,FALSE,FALSE,TRUE
merulina scabricula,mermaid,,,animalia,cnidaria,scleractinia,merulinidae,merulina,merulina_scabricula,not_given,FALSE,not_given,not_given,FALSE,not_given,FALSE,FALSE,FALSE,not_given,FALSE,FALSE,TRUE,FALSE,TRUE,TRUE,FALSE,FALSE,not_given,TRUE,not_given,not_given,FALSE,not_given,FALSE,FALSE,FALSE,FALSE,FALSE,FALSE,FALSE,FALSE,FALSE,hexacorallia,FALSE,FALSE,FALSE,TRUE
merulinidae,mermaid,,,animalia,cnidaria,scleractinia,merulinidae,not_given,not_given,not_given,not_given,not_given,not_given,not_given,not_given,not_given,not_given,not_given,not_given,FALSE,FALSE,not_given,FALSE,not_given,not_given,FALSE,not_given,not_given,not_given,not_given,not_given,FALSE,not_given,FALSE,FALSE,FALSE,FALSE,FALSE,FALSE,FALSE,FALSE,FALSE,hexacorallia,FALSE,FALSE,FALSE,TRUE
mesophyllum,mermaid,,,not_given,rhodophyta,corallinales,hapalidiaceae,mesophyllum,not_given,FALSE,FALSE,FALSE,FALSE,FALSE,FALSE,FALSE,FALSE,FALSE,FALSE,FALSE,FALSE,FALSE,FALSE,FALSE,FALSE,FALSE,FALSE,FALSE,FALSE,FALSE,FALSE,FALSE,FALSE,FALSE,TRUE,FALSE,not_given,FALSE,FALSE,FALSE,FALSE,FALSE,florideophyceae,FALSE,FALSE,FALSE,FALSE
microbial mats,mermaid,,,none,none,none,none,none,none,FALSE,FALSE,FALSE,FALSE,FALSE,FALSE,FALSE,FALSE,FALSE,FALSE,FALSE,FALSE,FALSE,FALSE,FALSE,FALSE,FALSE,FALSE,FALSE,FALSE,FALSE,FALSE,FALSE,FALSE,FALSE,FALSE,FALSE,not_given,FALSE,FALSE,FALSE,FALSE,FALSE,none,FALSE,FALSE,FALSE,FALSE
microdictyon,mermaid,,,plantae,chlorophyta,cladophorales,anadyomenaceae,microdictyon,not_given,FALSE,FALSE,FALSE,FALSE,FALSE,FALSE,FALSE,FALSE,FALSE,FALSE,FALSE,FALSE,FALSE,FALSE,FALSE,FALSE,FALSE,FALSE,FALSE,FALSE,FALSE,FALSE,FALSE,FALSE,FALSE,TRUE,FALSE,FALSE,FALSE,FALSE,FALSE,FALSE,FALSE,ulvophyceae,FALSE,FALSE,FALSE,FALSE
micromussa,mermaid,,,animalia,cnidaria,scleractinia,lobophylliidae,micromussa,not_given,FALSE,FALSE,not_given,FALSE,TRUE,TRUE,TRUE,not_given,not_given,not_given,FALSE,FALSE,TRUE,FALSE,FALSE,not_given,FALSE,not_given,not_given,FALSE,FALSE,not_given,not_given,FALSE,FALSE,FALSE,FALSE,FALSE,FALSE,FALSE,FALSE,FALSE,FALSE,hexacorallia,FALSE,FALSE,FALSE,TRUE
millepora,mermaid,millepora,coralscapes_v2,animalia,cnidaria,anthoathecata,milleporidae,millepora,not_given,not_given,not_given,not_given,not_given,not_given,not_given,not_given,not_given,not_given,not_given,not_given,not_given,not_given,not_given,not_given,not_given,not_given,not_given,not_given,not_given,not_given,not_given,not_given,not_given,FALSE,FALSE,FALSE,FALSE,FALSE,FALSE,FALSE,FALSE,FALSE,hydrozoa,FALSE,FALSE,FALSE,TRUE
millepora alcicornis,mermaid,,,animalia,cnidaria,anthoathecata,milleporidae,millepora,millepora_alcicornis,not_given,not_given,not_given,not_given,not_given,not_given,not_given,not_given,not_given,not_given,not_given,not_given,not_given,not_given,not_given,not_given,not_given,not_given,not_given,not_given,not_given,not_given,not_given,not_given,FALSE,FALSE,FALSE,FALSE,FALSE,FALSE,FALSE,FALSE,FALSE,hydrozoa,FALSE,FALSE,FALSE,TRUE
millepora complanata,mermaid,,,animalia,cnidaria,anthoathecata,milleporidae,millepora,millepora_complanata,not_given,not_given,not_given,not_given,not_given,not_given,not_given,not_given,not_given,not_given,not_given,not_given,not_given,not_given,not_given,not_given,not_given,not_given,not_given,not_given,not_given,not_given,not_given,not_given,FALSE,FALSE,FALSE,FALSE,FALSE,FALSE,FALSE,FALSE,FALSE,hydrozoa,FALSE,FALSE,FALSE,TRUE
millepora squarrosa,mermaid,,,animalia,cnidaria,anthoathecata,milleporidae,millepora,millepora_squarrosa,not_given,not_given,not_given,not_given,not_given,not_given,not_given,not_given,not_given,not_given,not_given,not_given,not_given,not_given,not_given,not_given,not_given,not_given,not_given,not_given,not_given,not_given,not_given,not_given,FALSE,FALSE,FALSE,FALSE,FALSE,FALSE,FALSE,FALSE,FALSE,hydrozoa,FALSE,FALSE,FALSE,TRUE
millepora striata,mermaid,,,animalia,cnidaria,anthoathecata,milleporidae,millepora,millepora_striata,not_given,not_given,not_given,not_given,not_given,not_given,not_given,not_given,not_given,not_given,not_given,not_given,not_given,not_given,not_given,not_given,not_given,not_given,not_given,not_given,not_given,not_given,not_given,not_given,FALSE,FALSE,FALSE,FALSE,FALSE,FALSE,FALSE,FALSE,FALSE,hydrozoa,FALSE,FALSE,FALSE,TRUE
milleporidae,mermaid,,,animalia,cnidaria,anthoathecata,milleporidae,not_given,not_given,not_given,not_given,not_given,not_given,not_given,not_given,not_given,not_given,not_given,not_given,not_given,not_given,not_given,not_given,not_given,not_given,not_given,not_given,not_given,not_given,not_given,not_given,not_given,not_given,FALSE,FALSE,FALSE,FALSE,FALSE,FALSE,FALSE,FALSE,FALSE,hydrozoa,FALSE,FALSE,FALSE,TRUE
montastraea,mermaid,,,animalia,cnidaria,scleractinia,montastraeidae,montastraea,not_given,not_given,FALSE,not_given,not_given,TRUE,not_given,not_given,FALSE,not_given,not_given,FALSE,FALSE,not_given,FALSE,not_given,TRUE,FALSE,not_given,not_given,not_given,not_given,not_given,FALSE,not_given,TRUE,FALSE,FALSE,FALSE,FALSE,FALSE,FALSE,FALSE,FALSE,hexacorallia,FALSE,FALSE,FALSE,TRUE
montastraea cavernosa,mermaid,,,animalia,cnidaria,scleractinia,montastraeidae,montastraea,montastraea_cavernosa,not_given,FALSE,not_given,not_given,TRUE,not_given,not_given,FALSE,not_given,not_given,FALSE,FALSE,not_given,FALSE,not_given,TRUE,FALSE,not_given,not_given,not_given,not_given,not_given,FALSE,not_given,FALSE,FALSE,FALSE,FALSE,FALSE,FALSE,FALSE,FALSE,FALSE,hexacorallia,FALSE,FALSE,FALSE,TRUE
montastraeidae,mermaid,,,animalia,cnidaria,scleractinia,montastraeidae,not_given,not_given,not_given,FALSE,not_given,not_given,TRUE,not_given,not_given,FALSE,not_given,not_given,FALSE,FALSE,not_given,FALSE,not_given,TRUE,FALSE,not_given,not_given,not_given,not_given,not_given,FALSE,not_given,TRUE,FALSE,FALSE,FALSE,FALSE,FALSE,FALSE,FALSE,FALSE,hexacorallia,FALSE,FALSE,FALSE,TRUE
montigyra,mermaid,,,animalia,cnidaria,scleractinia,euphylliidae,montigyra,not_given,not_given,not_given,not_given,not_given,not_given,not_given,not_given,not_given,not_given,not_given,FALSE,FALSE,not_given,FALSE,not_given,not_given,FALSE,not_given,not_given,not_given,not_given,not_given,FALSE,not_given,FALSE,FALSE,FALSE,FALSE,FALSE,FALSE,FALSE,FALSE,FALSE,hexacorallia,FALSE,FALSE,FALSE,TRUE
montipora,mermaid,,,animalia,cnidaria,scleractinia,acroporidae,montipora,not_given,FALSE,not_given,not_given,FALSE,not_given,FALSE,not_given,not_given,not_given,not_given,FALSE,FALSE,not_given,FALSE,not_given,not_given,FALSE,not_given,FALSE,FALSE,not_given,FALSE,FALSE,not_given,FALSE,FALSE,FALSE,FALSE,FALSE,FALSE,FALSE,FALSE,FALSE,hexacorallia,FALSE,FALSE,FALSE,TRUE
montipora aequituberculata,mermaid,,,animalia,cnidaria,scleractinia,acroporidae,montipora,montipora_aequituberculata,FALSE,FALSE,not_given,FALSE,not_given,FALSE,TRUE,FALSE,TRUE,not_given,FALSE,FALSE,not_given,FALSE,FALSE,TRUE,TRUE,not_given,FALSE,FALSE,FALSE,FALSE,FALSE,FALSE,FALSE,FALSE,FALSE,FALSE,FALSE,FALSE,FALSE,FALSE,FALSE,hexacorallia,FALSE,FALSE,FALSE,TRUE
montipora altasepta,mermaid,,,animalia,cnidaria,scleractinia,acroporidae,montipora,montipora_altasepta,FALSE,not_given,not_given,FALSE,FALSE,FALSE,FALSE,not_given,FALSE,not_given,FALSE,FALSE,FALSE,FALSE,TRUE,not_given,FALSE,FALSE,FALSE,FALSE,not_given,FALSE,FALSE,not_given,FALSE,FALSE,FALSE,FALSE,FALSE,FALSE,FALSE,FALSE,FALSE,hexacorallia,FALSE,FALSE,FALSE,TRUE
montipora australiensis,mermaid,,,animalia,cnidaria,scleractinia,acroporidae,montipora,montipora_australiensis,FALSE,FALSE,not_given,FALSE,FALSE,FALSE,FALSE,FALSE,FALSE,TRUE,FALSE,FALSE,TRUE,FALSE,TRUE,TRUE,FALSE,FALSE,FALSE,FALSE,not_given,FALSE,FALSE,not_given,FALSE,FALSE,FALSE,FALSE,FALSE,FALSE,FALSE,FALSE,FALSE,hexacorallia,FALSE,FALSE,FALSE,TRUE
montipora capitata,mermaid,,,animalia,cnidaria,scleractinia,acroporidae,montipora,montipora_capitata,FALSE,FALSE,not_given,FALSE,FALSE,FALSE,TRUE,FALSE,FALSE,not_given,FALSE,FALSE,FALSE,FALSE,TRUE,TRUE,FALSE,FALSE,FALSE,FALSE,FALSE,FALSE,FALSE,FALSE,FALSE,FALSE,FALSE,FALSE,FALSE,FALSE,FALSE,FALSE,FALSE,hexacorallia,FALSE,FALSE,FALSE,TRUE
montipora capricornis,mermaid,,,animalia,cnidaria,scleractinia,acroporidae,montipora,montipora_capricornis,FALSE,FALSE,not_given,FALSE,not_given,FALSE,TRUE,FALSE,TRUE,not_given,FALSE,FALSE,not_given,FALSE,FALSE,TRUE,FALSE,not_given,FALSE,FALSE,FALSE,FALSE,FALSE,FALSE,FALSE,FALSE,FALSE,FALSE,FALSE,FALSE,FALSE,FALSE,FALSE,hexacorallia,FALSE,FALSE,FALSE,TRUE
montipora corbettensis,mermaid,,,animalia,cnidaria,scleractinia,acroporidae,montipora,montipora_corbettensis,FALSE,FALSE,not_given,FALSE,TRUE,FALSE,not_given,FALSE,not_given,not_given,FALSE,FALSE,not_given,FALSE,not_given,TRUE,FALSE,not_given,FALSE,FALSE,not_given,FALSE,FALSE,not_given,FALSE,FALSE,FALSE,FALSE,FALSE,FALSE,FALSE,FALSE,FALSE,hexacorallia,FALSE,FALSE,FALSE,TRUE
montipora danae,mermaid,,,animalia,cnidaria,scleractinia,acroporidae,montipora,montipora_danae,FALSE,FALSE,not_given,FALSE,TRUE,FALSE,not_given,FALSE,not_given,TRUE,FALSE,FALSE,TRUE,FALSE,not_given,TRUE,FALSE,not_given,FALSE,FALSE,not_given,FALSE,FALSE,not_given,FALSE,FALSE,FALSE,FALSE,FALSE,FALSE,FALSE,FALSE,FALSE,hexacorallia,FALSE,FALSE,FALSE,TRUE
montipora digitata,mermaid,,,animalia,cnidaria,scleractinia,acroporidae,montipora,montipora_digitata,FALSE,not_given,not_given,FALSE,FALSE,FALSE,FALSE,not_given,FALSE,not_given,FALSE,FALSE,FALSE,FALSE,TRUE,not_given,FALSE,FALSE,FALSE,FALSE,TRUE,FALSE,FALSE,not_given,FALSE,FALSE,FALSE,FALSE,FALSE,FALSE,FALSE,FALSE,FALSE,hexacorallia,FALSE,FALSE,FALSE,TRUE
montipora flabellata,mermaid,,,animalia,cnidaria,scleractinia,acroporidae,montipora,montipora_flabellata,FALSE,FALSE,not_given,FALSE,not_given,FALSE,TRUE,FALSE,not_given,not_given,FALSE,FALSE,not_given,FALSE,FALSE,TRUE,FALSE,not_given,FALSE,FALSE,FALSE,FALSE,FALSE,FALSE,FALSE,FALSE,FALSE,FALSE,FALSE,FALSE,FALSE,FALSE,FALSE,hexacorallia,FALSE,FALSE,FALSE,TRUE
montipora foliosa,mermaid,,,animalia,cnidaria,scleractinia,acroporidae,montipora,montipora_foliosa,FALSE,FALSE,not_given,FALSE,not_given,FALSE,not_given,FALSE,TRUE,not_given,FALSE,FALSE,not_given,FALSE,not_given,TRUE,FALSE,not_given,FALSE,FALSE,not_given,FALSE,FALSE,not_given,FALSE,FALSE,FALSE,FALSE,FALSE,FALSE,FALSE,FALSE,FALSE,hexacorallia,FALSE,FALSE,FALSE,TRUE
montipora hoffmeisteri,mermaid,,,animalia,cnidaria,scleractinia,acroporidae,montipora,montipora_hoffmeisteri,FALSE,FALSE,not_given,FALSE,TRUE,FALSE,TRUE,FALSE,not_given,not_given,FALSE,FALSE,TRUE,FALSE,FALSE,TRUE,FALSE,not_given,FALSE,FALSE,FALSE,FALSE,FALSE,FALSE,FALSE,FALSE,FALSE,FALSE,FALSE,FALSE,FALSE,FALSE,FALSE,hexacorallia,FALSE,FALSE,FALSE,TRUE
montipora informis,mermaid,,,animalia,cnidaria,scleractinia,acroporidae,montipora,montipora_informis,FALSE,FALSE,not_given,FALSE,TRUE,FALSE,TRUE,FALSE,not_given,not_given,FALSE,FALSE,not_given,FALSE,FALSE,TRUE,FALSE,not_given,FALSE,FALSE,FALSE,FALSE,FALSE,FALSE,FALSE,FALSE,FALSE,FALSE,FALSE,FALSE,FALSE,FALSE,FALSE,hexacorallia,FALSE,FALSE,FALSE,TRUE
montipora patula,mermaid,,,animalia,cnidaria,scleractinia,acroporidae,montipora,montipora_patula,FALSE,FALSE,not_given,FALSE,not_given,FALSE,TRUE,FALSE,not_given,not_given,FALSE,FALSE,not_given,FALSE,FALSE,TRUE,FALSE,not_given,FALSE,FALSE,FALSE,FALSE,FALSE,FALSE,FALSE,FALSE,FALSE,FALSE,FALSE,FALSE,FALSE,FALSE,FALSE,hexacorallia,FALSE,FALSE,FALSE,TRUE
montipora peltiformis,mermaid,,,animalia,cnidaria,scleractinia,acroporidae,montipora,montipora_peltiformis,FALSE,FALSE,not_given,FALSE,not_given,FALSE,TRUE,FALSE,TRUE,not_given,FALSE,FALSE,TRUE,FALSE,FALSE,TRUE,FALSE,not_given,FALSE,FALSE,FALSE,FALSE,FALSE,FALSE,FALSE,FALSE,FALSE,FALSE,FALSE,FALSE,FALSE,FALSE,FALSE,hexacorallia,FALSE,FALSE,FALSE,TRUE
montipora spongiosa,mermaid,,,animalia,cnidaria,scleractinia,acroporidae,montipora,montipora_spongiosa,FALSE,not_given,not_given,FALSE,FALSE,FALSE,FALSE,not_given,FALSE,not_given,FALSE,FALSE,FALSE,FALSE,TRUE,not_given,FALSE,FALSE,FALSE,FALSE,not_given,FALSE,FALSE,not_given,FALSE,FALSE,FALSE,FALSE,FALSE,FALSE,FALSE,FALSE,FALSE,hexacorallia,FALSE,FALSE,FALSE,TRUE
montipora spumosa,mermaid,,,animalia,cnidaria,scleractinia,acroporidae,montipora,montipora_spumosa,FALSE,FALSE,not_given,FALSE,FALSE,FALSE,TRUE,FALSE,FALSE,TRUE,FALSE,FALSE,FALSE,FALSE,TRUE,TRUE,FALSE,FALSE,FALSE,FALSE,FALSE,FALSE,FALSE,FALSE,FALSE,FALSE,FALSE,FALSE,FALSE,FALSE,FALSE,FALSE,FALSE,hexacorallia,FALSE,FALSE,FALSE,TRUE
montipora stellata,mermaid,,,animalia,cnidaria,scleractinia,acroporidae,montipora,montipora_stellata,FALSE,FALSE,not_given,FALSE,FALSE,FALSE,FALSE,FALSE,FALSE,not_given,FALSE,FALSE,FALSE,FALSE,TRUE,TRUE,FALSE,FALSE,FALSE,FALSE,not_given,FALSE,FALSE,not_given,FALSE,FALSE,FALSE,FALSE,FALSE,FALSE,FALSE,FALSE,FALSE,hexacorallia,FALSE,FALSE,FALSE,TRUE
montipora verrucosa,mermaid,,,animalia,cnidaria,scleractinia,acroporidae,montipora,montipora_verrucosa,FALSE,FALSE,not_given,FALSE,not_given,FALSE,TRUE,FALSE,not_given,TRUE,FALSE,FALSE,TRUE,FALSE,FALSE,TRUE,FALSE,not_given,FALSE,FALSE,FALSE,FALSE,FALSE,FALSE,FALSE,FALSE,FALSE,FALSE,FALSE,FALSE,FALSE,FALSE,FALSE,hexacorallia,FALSE,FALSE,FALSE,TRUE
moseleya,mermaid,,,animalia,cnidaria,scleractinia,lobophylliidae,moseleya,not_given,FALSE,FALSE,not_given,FALSE,TRUE,not_given,not_given,FALSE,FALSE,not_given,FALSE,FALSE,TRUE,FALSE,FALSE,not_given,FALSE,TRUE,not_given,FALSE,FALSE,not_given,not_given,FALSE,FALSE,FALSE,FALSE,FALSE,FALSE,FALSE,FALSE,FALSE,FALSE,hexacorallia,FALSE,FALSE,FALSE,TRUE
muricea,mermaid,,,animalia,cnidaria,malacalcyonacea,plexauridae,muricea,not_given,not_given,not_given,not_given,not_given,not_given,not_given,not_given,not_given,not_given,not_given,not_given,not_given,not_given,not_given,not_given,not_given,not_given,not_given,not_given,not_given,not_given,not_given,not_given,not_given,FALSE,FALSE,FALSE,FALSE,FALSE,FALSE,FALSE,FALSE,FALSE,octocorallia,FALSE,FALSE,FALSE,TRUE
mussa,mermaid,,,animalia,cnidaria,scleractinia,mussidae,mussa,not_given,FALSE,FALSE,TRUE,FALSE,TRUE,not_given,not_given,FALSE,FALSE,not_given,FALSE,FALSE,not_given,FALSE,FALSE,not_given,FALSE,TRUE,TRUE,FALSE,FALSE,not_given,TRUE,FALSE,FALSE,FALSE,FALSE,FALSE,FALSE,FALSE,FALSE,FALSE,FALSE,hexacorallia,FALSE,FALSE,FALSE,TRUE
mussa angulosa,mermaid,,,animalia,cnidaria,scleractinia,mussidae,mussa,mussa_angulosa,FALSE,FALSE,TRUE,FALSE,TRUE,not_given,not_given,FALSE,FALSE,not_given,FALSE,FALSE,not_given,FALSE,FALSE,not_given,FALSE,TRUE,TRUE,FALSE,FALSE,not_given,TRUE,FALSE,FALSE,FALSE,FALSE,FALSE,FALSE,FALSE,FALSE,FALSE,FALSE,hexacorallia,FALSE,FALSE,FALSE,TRUE
mussidae,mermaid,,,animalia,cnidaria,scleractinia,mussidae,not_given,not_given,not_given,not_given,not_given,not_given,not_given,not_given,not_given,not_given,not_given,not_given,FALSE,FALSE,not_given,FALSE,not_given,not_given,FALSE,not_given,not_given,not_given,not_given,not_given,FALSE,not_given,FALSE,FALSE,FALSE,FALSE,FALSE,FALSE,FALSE,FALSE,FALSE,hexacorallia,FALSE,FALSE,FALSE,TRUE
mycale,mermaid,,,animalia,porifera,poecilosclerida,mycalidae,mycale,not_given,FALSE,FALSE,FALSE,FALSE,FALSE,FALSE,FALSE,FALSE,FALSE,FALSE,FALSE,FALSE,FALSE,FALSE,FALSE,FALSE,FALSE,FALSE,FALSE,FALSE,FALSE,FALSE,FALSE,FALSE,FALSE,FALSE,FALSE,FALSE,FALSE,FALSE,FALSE,FALSE,FALSE,demospongiae,FALSE,FALSE,FALSE,TRUE
mycale laevis,mermaid,,,animalia,porifera,poecilosclerida,mycalidae,mycale,mycale_laevis,FALSE,FALSE,FALSE,FALSE,FALSE,FALSE,FALSE,FALSE,FALSE,FALSE,FALSE,FALSE,FALSE,FALSE,FALSE,FALSE,FALSE,FALSE,FALSE,FALSE,FALSE,FALSE,FALSE,FALSE,FALSE,FALSE,FALSE,FALSE,FALSE,FALSE,FALSE,FALSE,FALSE,demospongiae,FALSE,FALSE,FALSE,TRUE
mycalidae,mermaid,,,animalia,porifera,poecilosclerida,mycalidae,not_given,not_given,FALSE,FALSE,FALSE,FALSE,FALSE,FALSE,FALSE,FALSE,FALSE,FALSE,FALSE,FALSE,FALSE,FALSE,FALSE,FALSE,FALSE,FALSE,FALSE,FALSE,FALSE,FALSE,FALSE,FALSE,FALSE,FALSE,FALSE,FALSE,FALSE,FALSE,FALSE,FALSE,FALSE,demospongiae,FALSE,FALSE,FALSE,TRUE
mycedium,mermaid,,,animalia,cnidaria,scleractinia,merulinidae,mycedium,not_given,not_given,not_given,not_given,not_given,not_given,not_given,not_given,not_given,not_given,not_given,FALSE,FALSE,not_given,FALSE,not_given,not_given,FALSE,not_given,not_given,not_given,not_given,not_given,FALSE,not_given,FALSE,FALSE,FALSE,FALSE,FALSE,FALSE,FALSE,FALSE,FALSE,hexacorallia,FALSE,FALSE,FALSE,TRUE
mycedium robokaki,mermaid,,,animalia,cnidaria,scleractinia,merulinidae,mycedium,mycedium_robokaki,not_given,FALSE,not_given,not_given,not_given,not_given,not_given,FALSE,TRUE,not_given,FALSE,FALSE,not_given,FALSE,not_given,TRUE,FALSE,not_given,not_given,not_given,not_given,not_given,FALSE,not_given,FALSE,FALSE,FALSE,FALSE,FALSE,FALSE,FALSE,FALSE,FALSE,hexacorallia,FALSE,FALSE,FALSE,TRUE
mycetophyllia,mermaid,,,animalia,cnidaria,scleractinia,mussidae,mycetophyllia,not_given,not_given,not_given,not_given,not_given,not_given,not_given,not_given,not_given,not_given,not_given,FALSE,FALSE,not_given,FALSE,not_given,not_given,FALSE,not_given,not_given,not_given,not_given,not_given,FALSE,not_given,FALSE,FALSE,FALSE,FALSE,FALSE,FALSE,FALSE,FALSE,FALSE,hexacorallia,FALSE,FALSE,FALSE,TRUE
mycetophyllia aliciae,mermaid,,,animalia,cnidaria,scleractinia,mussidae,mycetophyllia,mycetophyllia_aliciae,FALSE,FALSE,TRUE,FALSE,not_given,not_given,TRUE,FALSE,FALSE,not_given,FALSE,FALSE,not_given,FALSE,FALSE,TRUE,FALSE,TRUE,not_given,FALSE,FALSE,not_given,not_given,FALSE,FALSE,FALSE,FALSE,FALSE,FALSE,FALSE,FALSE,FALSE,FALSE,hexacorallia,FALSE,FALSE,FALSE,TRUE
mycetophyllia danaana,mermaid,,,animalia,cnidaria,scleractinia,mussidae,mycetophyllia,mycetophyllia_danaana,FALSE,FALSE,TRUE,FALSE,not_given,not_given,not_given,FALSE,FALSE,not_given,FALSE,FALSE,not_given,FALSE,FALSE,TRUE,FALSE,TRUE,not_given,FALSE,FALSE,not_given,not_given,FALSE,FALSE,FALSE,FALSE,FALSE,FALSE,FALSE,FALSE,FALSE,FALSE,hexacorallia,FALSE,FALSE,FALSE,TRUE
mycetophyllia ferox,mermaid,,,animalia,cnidaria,scleractinia,mussidae,mycetophyllia,mycetophyllia_ferox,FALSE,FALSE,TRUE,FALSE,not_given,not_given,not_given,FALSE,FALSE,not_given,FALSE,FALSE,not_given,FALSE,FALSE,TRUE,FALSE,TRUE,not_given,FALSE,FALSE,not_given,not_given,FALSE,FALSE,FALSE,FALSE,FALSE,FALSE,FALSE,FALSE,FALSE,FALSE,hexacorallia,FALSE,FALSE,FALSE,TRUE
mycetophyllia lamarckiana,mermaid,,,animalia,cnidaria,scleractinia,mussidae,mycetophyllia,mycetophyllia_lamarckiana,FALSE,FALSE,TRUE,FALSE,not_given,not_given,not_given,FALSE,FALSE,not_given,FALSE,FALSE,not_given,FALSE,FALSE,TRUE,FALSE,TRUE,not_given,FALSE,FALSE,not_given,not_given,FALSE,FALSE,FALSE,FALSE,FALSE,FALSE,FALSE,FALSE,FALSE,FALSE,hexacorallia,FALSE,FALSE,FALSE,TRUE
nemenzophyllia,mermaid,,,animalia,cnidaria,scleractinia,plerogyridae,nemenzophyllia,not_given,FALSE,FALSE,TRUE,FALSE,TRUE,TRUE,not_given,FALSE,FALSE,not_given,FALSE,FALSE,not_given,FALSE,FALSE,not_given,FALSE,TRUE,TRUE,FALSE,FALSE,not_given,not_given,FALSE,FALSE,FALSE,FALSE,FALSE,FALSE,FALSE,FALSE,FALSE,FALSE,hexacorallia,FALSE,FALSE,FALSE,TRUE
neogoniolithon,mermaid,,,plantae,rhodophyta,corallinales,spongitidaceae,neogoniolithon,not_given,FALSE,FALSE,FALSE,FALSE,FALSE,FALSE,FALSE,FALSE,FALSE,FALSE,FALSE,FALSE,FALSE,FALSE,FALSE,FALSE,FALSE,FALSE,FALSE,FALSE,FALSE,FALSE,FALSE,FALSE,FALSE,TRUE,FALSE,FALSE,FALSE,FALSE,FALSE,FALSE,FALSE,florideophyceae,FALSE,FALSE,FALSE,FALSE
neomeris,mermaid,,,plantae,chlorophyta,dasycladales,dasycladaceae,neomeris,not_given,FALSE,FALSE,FALSE,FALSE,FALSE,FALSE,FALSE,FALSE,FALSE,FALSE,FALSE,FALSE,FALSE,FALSE,FALSE,FALSE,FALSE,FALSE,FALSE,FALSE,FALSE,FALSE,FALSE,FALSE,FALSE,TRUE,FALSE,FALSE,FALSE,FALSE,FALSE,FALSE,FALSE,ulvophyceae,FALSE,FALSE,FALSE,FALSE
neopetrosia,mermaid,,,animalia,porifera,haplosclerida,petrosiidae,neopetrosia,not_given,FALSE,FALSE,FALSE,FALSE,FALSE,FALSE,FALSE,FALSE,FALSE,FALSE,FALSE,FALSE,FALSE,FALSE,FALSE,FALSE,FALSE,FALSE,FALSE,FALSE,FALSE,FALSE,FALSE,FALSE,FALSE,FALSE,FALSE,FALSE,FALSE,FALSE,FALSE,FALSE,FALSE,demospongiae,FALSE,FALSE,FALSE,TRUE
neopetrosia carbonaria,mermaid,,,animalia,porifera,haplosclerida,petrosiidae,neopetrosia,neopetrosia_carbonaria,FALSE,FALSE,FALSE,FALSE,FALSE,FALSE,FALSE,FALSE,FALSE,FALSE,FALSE,FALSE,FALSE,FALSE,FALSE,FALSE,FALSE,FALSE,FALSE,FALSE,FALSE,FALSE,FALSE,FALSE,FALSE,FALSE,FALSE,FALSE,FALSE,FALSE,FALSE,FALSE,FALSE,demospongiae,FALSE,FALSE,FALSE,TRUE
neopetrosia chaliniformis,mermaid,,,animalia,porifera,haplosclerida,petrosiidae,neopetrosia,neopetrosia_chaliniformis,FALSE,FALSE,FALSE,FALSE,FALSE,FALSE,FALSE,FALSE,FALSE,FALSE,FALSE,FALSE,FALSE,FALSE,FALSE,FALSE,FALSE,FALSE,FALSE,FALSE,FALSE,FALSE,FALSE,FALSE,FALSE,FALSE,FALSE,FALSE,FALSE,FALSE,FALSE,FALSE,FALSE,demospongiae,FALSE,FALSE,FALSE,TRUE
nephtheidae,mermaid,,,animalia,cnidaria,malacalcyonacea,nephtheidae,not_given,not_given,not_given,not_given,not_given,not_given,not_given,not_given,not_given,not_given,not_given,not_given,not_given,not_given,not_given,not_given,not_given,not_given,not_given,not_given,not_given,not_given,not_given,not_given,not_given,not_given,FALSE,FALSE,FALSE,FALSE,FALSE,FALSE,FALSE,FALSE,FALSE,octocorallia,FALSE,FALSE,FALSE,TRUE
nepthea,mermaid,litophyton,mermaid,animalia,cnidaria,malacalcyonacea,nephtheidae,litophyton,not_given,not_given,not_given,not_given,not_given,not_given,not_given,not_given,not_given,not_given,not_given,not_given,not_given,not_given,not_given,not_given,not_given,not_given,not_given,not_given,not_given,not_given,not_given,not_given,not_given,FALSE,FALSE,FALSE,FALSE,FALSE,FALSE,FALSE,FALSE,FALSE,octocorallia,FALSE,FALSE,FALSE,TRUE
niphates,mermaid,,,animalia,porifera,haplosclerida,niphatidae,niphates,not_given,FALSE,FALSE,FALSE,FALSE,FALSE,FALSE,FALSE,FALSE,FALSE,FALSE,FALSE,FALSE,FALSE,FALSE,FALSE,FALSE,FALSE,FALSE,FALSE,FALSE,FALSE,FALSE,FALSE,FALSE,FALSE,FALSE,FALSE,FALSE,FALSE,FALSE,FALSE,FALSE,FALSE,demospongiae,FALSE,FALSE,FALSE,TRUE
niphates digitalis,mermaid,,,animalia,porifera,haplosclerida,niphatidae,niphates,niphates_digitalis,FALSE,FALSE,FALSE,FALSE,FALSE,FALSE,FALSE,FALSE,FALSE,FALSE,FALSE,FALSE,FALSE,FALSE,FALSE,FALSE,FALSE,FALSE,FALSE,FALSE,FALSE,FALSE,FALSE,FALSE,FALSE,FALSE,FALSE,FALSE,FALSE,FALSE,FALSE,FALSE,FALSE,demospongiae,FALSE,FALSE,FALSE,TRUE
niphates erecta,mermaid,,,animalia,porifera,haplosclerida,niphatidae,niphates,niphates_erecta,FALSE,FALSE,FALSE,FALSE,FALSE,FALSE,FALSE,FALSE,FALSE,FALSE,FALSE,FALSE,FALSE,FALSE,FALSE,FALSE,FALSE,FALSE,FALSE,FALSE,FALSE,FALSE,FALSE,FALSE,FALSE,FALSE,FALSE,FALSE,FALSE,FALSE,FALSE,FALSE,FALSE,demospongiae,FALSE,FALSE,FALSE,TRUE
non-scleractinian,mermaid,,,animalia,cnidaria,not_given,not_given,not_given,not_given,not_given,not_given,not_given,not_given,not_given,not_given,not_given,not_given,not_given,not_given,not_given,not_given,not_given,not_given,not_given,not_given,not_given,not_given,not_given,not_given,not_given,not_given,not_given,not_given,FALSE,FALSE,FALSE,FALSE,FALSE,FALSE,FALSE,FALSE,FALSE,not_given,FALSE,FALSE,FALSE,TRUE
nudibranch,mermaid,,,animalia,mollusca,nudibranchia,not_given,not_given,not_given,FALSE,FALSE,FALSE,FALSE,FALSE,FALSE,FALSE,FALSE,FALSE,FALSE,FALSE,FALSE,FALSE,FALSE,FALSE,FALSE,FALSE,FALSE,FALSE,FALSE,FALSE,FALSE,FALSE,FALSE,FALSE,FALSE,FALSE,FALSE,FALSE,FALSE,FALSE,FALSE,FALSE,gastropoda,FALSE,FALSE,FALSE,TRUE
nutrient indicator algae,mermaid,,,none,none,none,none,none,none,FALSE,FALSE,FALSE,FALSE,FALSE,FALSE,FALSE,FALSE,FALSE,FALSE,FALSE,FALSE,FALSE,FALSE,FALSE,FALSE,FALSE,FALSE,FALSE,FALSE,FALSE,FALSE,FALSE,FALSE,FALSE,TRUE,FALSE,not_given,FALSE,FALSE,FALSE,FALSE,FALSE,none,FALSE,FALSE,FALSE,FALSE
obscured,mermaid,background,coralscapes_v2,none,none,none,none,none,none,FALSE,FALSE,FALSE,FALSE,FALSE,FALSE,FALSE,FALSE,FALSE,FALSE,FALSE,FALSE,FALSE,FALSE,FALSE,FALSE,FALSE,FALSE,FALSE,FALSE,FALSE,FALSE,FALSE,FALSE,FALSE,FALSE,TRUE,FALSE,FALSE,FALSE,FALSE,FALSE,FALSE,none,FALSE,FALSE,FALSE,FALSE
oceana,mermaid,,,plantae,not_given,alismatales,cymodoceaceae,oceana,not_given,FALSE,FALSE,FALSE,FALSE,FALSE,FALSE,FALSE,FALSE,FALSE,FALSE,FALSE,FALSE,FALSE,FALSE,FALSE,FALSE,FALSE,FALSE,FALSE,FALSE,FALSE,FALSE,FALSE,FALSE,FALSE,FALSE,FALSE,FALSE,FALSE,FALSE,FALSE,FALSE,FALSE,not_given,FALSE,FALSE,FALSE,FALSE
oceana serrulata,mermaid,,,plantae,not_given,alismatales,cymodoceaceae,oceana,oceana_serrulata,FALSE,FALSE,FALSE,FALSE,FALSE,FALSE,FALSE,FALSE,FALSE,FALSE,FALSE,FALSE,FALSE,FALSE,FALSE,FALSE,FALSE,FALSE,FALSE,FALSE,FALSE,FALSE,FALSE,FALSE,FALSE,FALSE,FALSE,FALSE,FALSE,FALSE,FALSE,FALSE,FALSE,not_given,FALSE,FALSE,FALSE,FALSE
octocorallia,mermaid,,,animalia,cnidaria,not_given,not_given,not_given,not_given,not_given,not_given,not_given,not_given,not_given,not_given,not_given,not_given,not_given,not_given,not_given,not_given,not_given,not_given,not_given,not_given,not_given,not_given,not_given,not_given,not_given,not_given,not_given,not_given,FALSE,FALSE,FALSE,FALSE,FALSE,FALSE,FALSE,FALSE,FALSE,octocorallia,FALSE,FALSE,FALSE,TRUE
oculina,mermaid,,,animalia,cnidaria,scleractinia,oculinidae,oculina,not_given,not_given,not_given,not_given,not_given,not_given,not_given,not_given,not_given,not_given,not_given,FALSE,FALSE,not_given,FALSE,not_given,not_given,FALSE,not_given,not_given,not_given,not_given,not_given,FALSE,not_given,FALSE,FALSE,FALSE,FALSE,FALSE,FALSE,FALSE,FALSE,FALSE,hexacorallia,FALSE,FALSE,FALSE,TRUE
oculina arbuscula,mermaid,,,animalia,cnidaria,scleractinia,oculinidae,oculina,oculina_arbuscula,not_given,not_given,not_given,not_given,FALSE,not_given,FALSE,not_given,FALSE,not_given,FALSE,FALSE,FALSE,FALSE,TRUE,not_given,FALSE,FALSE,not_given,not_given,not_given,not_given,FALSE,not_given,FALSE,FALSE,FALSE,FALSE,FALSE,FALSE,FALSE,FALSE,FALSE,hexacorallia,FALSE,FALSE,FALSE,TRUE
oculina diffusa,mermaid,,,animalia,cnidaria,scleractinia,oculinidae,oculina,oculina_diffusa,not_given,not_given,not_given,not_given,FALSE,not_given,FALSE,not_given,FALSE,not_given,FALSE,FALSE,FALSE,FALSE,TRUE,not_given,FALSE,FALSE,not_given,not_given,not_given,not_given,FALSE,not_given,FALSE,FALSE,FALSE,FALSE,FALSE,FALSE,FALSE,FALSE,FALSE,hexacorallia,FALSE,FALSE,FALSE,TRUE
oculina patagonica,mermaid,,,animalia,cnidaria,scleractinia,oculinidae,oculina,oculina_patagonica,not_given,FALSE,not_given,not_given,FALSE,not_given,TRUE,not_given,FALSE,not_given,FALSE,FALSE,FALSE,FALSE,TRUE,not_given,FALSE,FALSE,not_given,FALSE,FALSE,not_given,FALSE,FALSE,FALSE,FALSE,FALSE,FALSE,FALSE,FALSE,FALSE,FALSE,FALSE,hexacorallia,FALSE,FALSE,FALSE,TRUE
oculina varicosa,mermaid,,,animalia,cnidaria,scleractinia,oculinidae,oculina,oculina_varicosa,not_given,not_given,not_given,not_given,FALSE,not_given,FALSE,not_given,FALSE,not_given,FALSE,FALSE,FALSE,FALSE,TRUE,not_given,FALSE,FALSE,not_given,not_given,not_given,not_given,FALSE,not_given,FALSE,FALSE,FALSE,FALSE,FALSE,FALSE,FALSE,FALSE,FALSE,hexacorallia,FALSE,FALSE,FALSE,TRUE
oculinidae,mermaid,,,animalia,cnidaria,scleractinia,oculinidae,not_given,not_given,not_given,not_given,not_given,not_given,not_given,not_given,not_given,not_given,not_given,not_given,FALSE,FALSE,not_given,FALSE,not_given,not_given,FALSE,not_given,not_given,not_given,not_given,not_given,FALSE,not_given,FALSE,FALSE,FALSE,FALSE,FALSE,FALSE,FALSE,FALSE,FALSE,hexacorallia,FALSE,FALSE,FALSE,TRUE
orbicella,mermaid,,,animalia,cnidaria,scleractinia,merulinidae,orbicella,not_given,not_given,not_given,not_given,not_given,TRUE,not_given,not_given,not_given,not_given,not_given,FALSE,FALSE,not_given,FALSE,not_given,not_given,FALSE,not_given,not_given,not_given,not_given,not_given,FALSE,not_given,FALSE,FALSE,FALSE,FALSE,FALSE,FALSE,FALSE,FALSE,FALSE,hexacorallia,FALSE,FALSE,FALSE,TRUE
orbicella annularis,mermaid,,,animalia,cnidaria,scleractinia,merulinidae,orbicella,orbicella_annularis,not_given,not_given,not_given,not_given,TRUE,not_given,not_given,not_given,not_given,TRUE,FALSE,FALSE,not_given,FALSE,not_given,not_given,FALSE,not_given,not_given,not_given,not_given,not_given,FALSE,not_given,FALSE,FALSE,FALSE,FALSE,FALSE,FALSE,FALSE,FALSE,FALSE,hexacorallia,FALSE,FALSE,FALSE,TRUE
orbicella faveolata,mermaid,,,animalia,cnidaria,scleractinia,merulinidae,orbicella,orbicella_faveolata,not_given,FALSE,not_given,not_given,TRUE,not_given,not_given,FALSE,not_given,TRUE,FALSE,FALSE,not_given,FALSE,not_given,TRUE,FALSE,not_given,not_given,not_given,not_given,not_given,FALSE,not_given,FALSE,FALSE,FALSE,FALSE,FALSE,FALSE,FALSE,FALSE,FALSE,hexacorallia,FALSE,FALSE,FALSE,TRUE
orbicella franksi,mermaid,,,animalia,cnidaria,scleractinia,merulinidae,orbicella,orbicella_franksi,FALSE,FALSE,not_given,FALSE,TRUE,not_given,TRUE,FALSE,not_given,not_given,FALSE,FALSE,not_given,FALSE,FALSE,TRUE,FALSE,not_given,not_given,FALSE,FALSE,not_given,FALSE,FALSE,FALSE,FALSE,FALSE,FALSE,FALSE,FALSE,FALSE,FALSE,FALSE,hexacorallia,FALSE,FALSE,FALSE,TRUE
other,mermaid,,,not_given,not_given,not_given,not_given,not_given,not_given,not_given,not_given,not_given,not_given,not_given,not_given,not_given,not_given,not_given,not_given,not_given,not_given,not_given,not_given,not_given,not_given,not_given,not_given,not_given,not_given,not_given,not_given,not_given,not_given,not_given,not_given,not_given,not_given,not_given,not_given,FALSE,not_given,not_given,not_given,not_given,not_given,not_given,FALSE
other invertebrates,mermaid,invertebrate,mermaid,animalia,not_given,not_given,not_given,not_given,not_given,FALSE,FALSE,FALSE,FALSE,FALSE,FALSE,FALSE,FALSE,FALSE,FALSE,FALSE,FALSE,FALSE,FALSE,FALSE,FALSE,FALSE,FALSE,FALSE,FALSE,FALSE,FALSE,FALSE,FALSE,FALSE,FALSE,FALSE,FALSE,FALSE,FALSE,FALSE,FALSE,FALSE,not_given,FALSE,FALSE,FALSE,TRUE
oulastrea,mermaid,,,animalia,cnidaria,scleractinia,oulastreidae,oulastrea,not_given,FALSE,FALSE,not_given,FALSE,not_given,not_given,TRUE,not_given,not_given,not_given,FALSE,FALSE,not_given,FALSE,FALSE,not_given,FALSE,not_given,not_given,FALSE,FALSE,not_given,FALSE,FALSE,FALSE,FALSE,FALSE,FALSE,FALSE,FALSE,FALSE,FALSE,FALSE,hexacorallia,FALSE,FALSE,FALSE,TRUE
oulophyllia,mermaid,,,animalia,cnidaria,scleractinia,merulinidae,oulophyllia,not_given,FALSE,FALSE,TRUE,FALSE,TRUE,not_given,not_given,FALSE,FALSE,not_given,FALSE,FALSE,TRUE,FALSE,FALSE,not_given,FALSE,TRUE,not_given,FALSE,FALSE,not_given,not_given,FALSE,FALSE,FALSE,FALSE,FALSE,FALSE,FALSE,FALSE,FALSE,FALSE,hexacorallia,FALSE,FALSE,FALSE,TRUE
oxypora,mermaid,,,animalia,cnidaria,scleractinia,lobophylliidae,oxypora,not_given,not_given,not_given,not_given,not_given,not_given,not_given,not_given,not_given,not_given,not_given,FALSE,FALSE,not_given,FALSE,not_given,not_given,FALSE,not_given,not_given,not_given,not_given,not_given,not_given,not_given,FALSE,FALSE,FALSE,FALSE,FALSE,FALSE,FALSE,FALSE,FALSE,hexacorallia,FALSE,FALSE,FALSE,TRUE
oxypora echinata,mermaid,,,animalia,cnidaria,scleractinia,lobophylliidae,oxypora,oxypora_echinata,not_given,not_given,not_given,not_given,not_given,not_given,not_given,not_given,not_given,not_given,FALSE,FALSE,not_given,FALSE,not_given,not_given,FALSE,not_given,not_given,not_given,not_given,not_given,not_given,not_given,FALSE,FALSE,FALSE,FALSE,FALSE,FALSE,FALSE,FALSE,FALSE,hexacorallia,FALSE,FALSE,FALSE,TRUE
pachyrhynchia,mermaid,,,animalia,cnidaria,leptothecata,aglaopheniidae,pachyrhynchia,pachyrhynchia_cupressina,not_given,not_given,not_given,not_given,not_given,not_given,not_given,not_given,not_given,not_given,not_given,not_given,not_given,not_given,not_given,not_given,not_given,not_given,not_given,not_given,not_given,not_given,not_given,not_given,FALSE,FALSE,FALSE,FALSE,FALSE,FALSE,FALSE,FALSE,FALSE,hydrozoa,FALSE,FALSE,FALSE,TRUE
pachyrhynchia cuppressina,mermaid,,,animalia,cnidaria,leptothecata,aglaopheniidae,pachyrhynchia,pachyrhynchia_cupressina,not_given,not_given,not_given,not_given,not_given,not_given,not_given,not_given,not_given,not_given,not_given,not_given,not_given,not_given,not_given,not_given,not_given,not_given,not_given,not_given,not_given,not_given,not_given,not_given,FALSE,FALSE,FALSE,FALSE,FALSE,FALSE,FALSE,FALSE,FALSE,hydrozoa,FALSE,FALSE,FALSE,TRUE
pachyseris,mermaid,,,animalia,cnidaria,scleractinia,agariciidae,pachyseris,not_given,not_given,FALSE,not_given,not_given,not_given,not_given,not_given,FALSE,TRUE,not_given,FALSE,FALSE,not_given,FALSE,not_given,TRUE,FALSE,not_given,not_given,not_given,not_given,not_given,FALSE,not_given,FALSE,FALSE,FALSE,FALSE,FALSE,FALSE,FALSE,FALSE,FALSE,hexacorallia,FALSE,FALSE,FALSE,TRUE
padina,mermaid,,,not_given,ochrophyta,dictyotales,dictyotaceae,padina,not_given,FALSE,FALSE,FALSE,FALSE,FALSE,FALSE,FALSE,FALSE,FALSE,FALSE,FALSE,FALSE,FALSE,FALSE,FALSE,FALSE,FALSE,FALSE,FALSE,FALSE,FALSE,FALSE,FALSE,FALSE,FALSE,TRUE,FALSE,not_given,FALSE,FALSE,FALSE,TRUE,FALSE,phaeophyceae,FALSE,FALSE,FALSE,FALSE
padina antillarum,mermaid,,,not_given,ochrophyta,dictyotales,dictyotaceae,padina,padina_antillarum,FALSE,FALSE,FALSE,FALSE,FALSE,FALSE,FALSE,FALSE,FALSE,FALSE,FALSE,FALSE,FALSE,FALSE,FALSE,FALSE,FALSE,FALSE,FALSE,FALSE,FALSE,FALSE,FALSE,FALSE,FALSE,TRUE,FALSE,not_given,FALSE,FALSE,FALSE,TRUE,FALSE,phaeophyceae,FALSE,FALSE,FALSE,FALSE
padina boergesenii,mermaid,,,not_given,ochrophyta,dictyotales,dictyotaceae,padina,padina_boergesenii,FALSE,FALSE,FALSE,FALSE,FALSE,FALSE,FALSE,FALSE,FALSE,FALSE,FALSE,FALSE,FALSE,FALSE,FALSE,FALSE,FALSE,FALSE,FALSE,FALSE,FALSE,FALSE,FALSE,FALSE,FALSE,TRUE,FALSE,not_given,FALSE,FALSE,FALSE,TRUE,FALSE,phaeophyceae,FALSE,FALSE,FALSE,FALSE
palauastrea,mermaid,,,animalia,cnidaria,scleractinia,astrocoeniidae,palauastrea,not_given,not_given,not_given,not_given,not_given,FALSE,not_given,FALSE,not_given,FALSE,not_given,FALSE,FALSE,FALSE,FALSE,TRUE,not_given,FALSE,FALSE,not_given,not_given,not_given,not_given,FALSE,not_given,FALSE,FALSE,FALSE,FALSE,FALSE,FALSE,FALSE,FALSE,FALSE,hexacorallia,FALSE,FALSE,FALSE,TRUE
palisada,mermaid,,,plantae,rhodophyta,ceramiales,rhodomelaceae,palisada,not_given,FALSE,FALSE,FALSE,FALSE,FALSE,FALSE,FALSE,FALSE,FALSE,FALSE,FALSE,FALSE,FALSE,FALSE,FALSE,FALSE,FALSE,FALSE,FALSE,FALSE,FALSE,FALSE,FALSE,FALSE,FALSE,TRUE,FALSE,FALSE,FALSE,FALSE,FALSE,FALSE,FALSE,florideophyceae,FALSE,FALSE,FALSE,FALSE
palythoa,mermaid,,,animalia,cnidaria,zoantharia,sphenopidae,palythoa,not_given,not_given,not_given,not_given,not_given,not_given,not_given,not_given,not_given,not_given,not_given,not_given,not_given,not_given,not_given,not_given,not_given,not_given,not_given,not_given,not_given,not_given,not_given,not_given,not_given,FALSE,FALSE,FALSE,FALSE,FALSE,FALSE,FALSE,FALSE,FALSE,hexacorallia,FALSE,FALSE,FALSE,TRUE
palythoa caesia,mermaid,,,animalia,cnidaria,zoantharia,sphenopidae,palythoa,palythoa_caesia,not_given,not_given,not_given,not_given,not_given,not_given,not_given,not_given,not_given,not_given,not_given,not_given,not_given,not_given,not_given,not_given,not_given,not_given,not_given,not_given,not_given,not_given,not_given,not_given,FALSE,FALSE,FALSE,FALSE,FALSE,FALSE,FALSE,FALSE,FALSE,hexacorallia,FALSE,FALSE,FALSE,TRUE
palythoa caribaeorum,mermaid,,,animalia,cnidaria,zoantharia,sphenopidae,palythoa,palythoa_caribaeorum,not_given,not_given,not_given,not_given,not_given,not_given,not_given,not_given,not_given,not_given,not_given,not_given,not_given,not_given,not_given,not_given,not_given,not_given,not_given,not_given,not_given,not_given,not_given,not_given,FALSE,FALSE,FALSE,FALSE,FALSE,FALSE,FALSE,FALSE,FALSE,hexacorallia,FALSE,FALSE,FALSE,TRUE
palythoa heliodiscus,mermaid,,,animalia,cnidaria,zoantharia,sphenopidae,palythoa,palythoa_heliodiscus,not_given,not_given,not_given,not_given,not_given,not_given,not_given,not_given,not_given,not_given,not_given,not_given,not_given,not_given,not_given,not_given,not_given,not_given,not_given,not_given,not_given,not_given,not_given,not_given,FALSE,FALSE,FALSE,FALSE,FALSE,FALSE,FALSE,FALSE,FALSE,hexacorallia,FALSE,FALSE,FALSE,TRUE
palythoa tuberculosa,mermaid,,,animalia,cnidaria,zoantharia,sphenopidae,palythoa,palythoa_tuberculosa,not_given,not_given,not_given,not_given,not_given,not_given,not_given,not_given,not_given,not_given,not_given,not_given,not_given,not_given,not_given,not_given,not_given,not_given,not_given,not_given,not_given,not_given,not_given,not_given,FALSE,FALSE,FALSE,FALSE,FALSE,FALSE,FALSE,FALSE,FALSE,hexacorallia,FALSE,FALSE,FALSE,TRUE
paraclavarina,mermaid,,,animalia,cnidaria,scleractinia,merulinidae,paraclavarina,not_given,not_given,not_given,not_given,not_given,FALSE,not_given,FALSE,not_given,FALSE,not_given,FALSE,FALSE,FALSE,FALSE,TRUE,not_given,FALSE,FALSE,not_given,not_given,not_given,not_given,FALSE,not_given,FALSE,FALSE,FALSE,FALSE,FALSE,FALSE,FALSE,FALSE,FALSE,hexacorallia,FALSE,FALSE,FALSE,TRUE
paracyathus,mermaid,,,animalia,cnidaria,scleractinia,caryophylliidae,paracyathus,not_given,not_given,not_given,not_given,not_given,not_given,not_given,not_given,not_given,not_given,not_given,TRUE,TRUE,not_given,FALSE,not_given,not_given,FALSE,not_given,not_given,not_given,not_given,not_given,FALSE,not_given,FALSE,FALSE,FALSE,FALSE,FALSE,FALSE,FALSE,FALSE,FALSE,hexacorallia,FALSE,FALSE,FALSE,TRUE
paragoniastrea,mermaid,,,animalia,cnidaria,scleractinia,merulinidae,paragoniastrea,not_given,not_given,not_given,not_given,not_given,not_given,not_given,not_given,not_given,not_given,not_given,FALSE,FALSE,not_given,FALSE,not_given,not_given,FALSE,not_given,not_given,not_given,not_given,not_given,FALSE,not_given,FALSE,FALSE,FALSE,FALSE,FALSE,FALSE,FALSE,FALSE,FALSE,hexacorallia,FALSE,FALSE,FALSE,TRUE
paragoniastrea russelli,mermaid,,,animalia,cnidaria,scleractinia,merulinidae,paragoniastrea,paragoniastrea_russelli,not_given,not_given,not_given,not_given,not_given,not_given,not_given,not_given,not_given,not_given,FALSE,FALSE,not_given,FALSE,not_given,not_given,FALSE,not_given,not_given,not_given,not_given,not_given,FALSE,not_given,FALSE,FALSE,FALSE,FALSE,FALSE,FALSE,FALSE,FALSE,FALSE,hexacorallia,FALSE,FALSE,FALSE,TRUE
paramontastraea,mermaid,,,animalia,cnidaria,scleractinia,merulinidae,paramontastraea,not_given,not_given,not_given,not_given,not_given,not_given,not_given,not_given,not_given,not_given,not_given,FALSE,FALSE,not_given,FALSE,not_given,not_given,FALSE,not_given,not_given,not_given,not_given,not_given,FALSE,not_given,FALSE,FALSE,FALSE,FALSE,FALSE,FALSE,FALSE,FALSE,FALSE,hexacorallia,FALSE,FALSE,FALSE,TRUE
paramontastraea peresi,mermaid,,,animalia,cnidaria,scleractinia,merulinidae,paramontastraea,paramontastraea_peresi,not_given,not_given,not_given,not_given,not_given,not_given,not_given,not_given,not_given,not_given,FALSE,FALSE,not_given,FALSE,not_given,not_given,FALSE,not_given,not_given,not_given,not_given,not_given,FALSE,not_given,FALSE,FALSE,FALSE,FALSE,FALSE,FALSE,FALSE,FALSE,FALSE,hexacorallia,FALSE,FALSE,FALSE,TRUE
parascolymia,mermaid,,,animalia,cnidaria,scleractinia,lobophylliidae,parascolymia,not_given,not_given,not_given,not_given,not_given,not_given,not_given,not_given,not_given,not_given,not_given,FALSE,FALSE,not_given,FALSE,not_given,not_given,FALSE,not_given,not_given,not_given,not_given,not_given,not_given,not_given,FALSE,FALSE,FALSE,FALSE,FALSE,FALSE,FALSE,FALSE,FALSE,hexacorallia,FALSE,FALSE,FALSE,TRUE
pavona,mermaid,pavona alive,coralscapes_v2,animalia,cnidaria,scleractinia,agariciidae,pavona,not_given,FALSE,FALSE,not_given,FALSE,not_given,FALSE,not_given,FALSE,not_given,not_given,FALSE,FALSE,not_given,FALSE,not_given,TRUE,FALSE,not_given,FALSE,FALSE,not_given,FALSE,FALSE,not_given,FALSE,FALSE,FALSE,FALSE,FALSE,FALSE,FALSE,FALSE,FALSE,hexacorallia,FALSE,FALSE,FALSE,TRUE
pavona bipartita,mermaid,,,animalia,cnidaria,scleractinia,agariciidae,pavona,pavona_bipartita,FALSE,FALSE,not_given,FALSE,TRUE,FALSE,TRUE,FALSE,not_given,not_given,FALSE,FALSE,TRUE,FALSE,FALSE,TRUE,FALSE,not_given,FALSE,FALSE,FALSE,FALSE,FALSE,FALSE,FALSE,FALSE,FALSE,FALSE,FALSE,FALSE,FALSE,FALSE,FALSE,hexacorallia,FALSE,FALSE,FALSE,TRUE
pavona cactus,mermaid,,,animalia,cnidaria,scleractinia,agariciidae,pavona,pavona_cactus,FALSE,FALSE,not_given,FALSE,not_given,FALSE,not_given,FALSE,not_given,not_given,FALSE,FALSE,not_given,FALSE,not_given,TRUE,FALSE,not_given,FALSE,FALSE,not_given,FALSE,FALSE,not_given,FALSE,FALSE,FALSE,FALSE,FALSE,FALSE,FALSE,FALSE,FALSE,hexacorallia,FALSE,FALSE,FALSE,TRUE
pavona clavus,mermaid,,,animalia,cnidaria,scleractinia,agariciidae,pavona,pavona_clavus,FALSE,not_given,not_given,FALSE,TRUE,FALSE,not_given,not_given,not_given,TRUE,FALSE,FALSE,not_given,FALSE,not_given,not_given,FALSE,not_given,FALSE,FALSE,not_given,FALSE,FALSE,not_given,FALSE,FALSE,FALSE,FALSE,FALSE,FALSE,FALSE,FALSE,FALSE,hexacorallia,FALSE,FALSE,FALSE,TRUE
pavona decussata,mermaid,,,animalia,cnidaria,scleractinia,agariciidae,pavona,pavona_decussata,FALSE,FALSE,not_given,FALSE,not_given,FALSE,not_given,FALSE,not_given,not_given,FALSE,FALSE,TRUE,FALSE,not_given,TRUE,FALSE,not_given,FALSE,FALSE,not_given,FALSE,FALSE,not_given,FALSE,FALSE,FALSE,FALSE,FALSE,FALSE,FALSE,FALSE,FALSE,hexacorallia,FALSE,FALSE,FALSE,TRUE
pavona duerdeni,mermaid,,,animalia,cnidaria,scleractinia,agariciidae,pavona,pavona_duerdeni,FALSE,not_given,not_given,FALSE,TRUE,FALSE,not_given,not_given,not_given,not_given,FALSE,FALSE,not_given,FALSE,not_given,not_given,FALSE,not_given,FALSE,FALSE,not_given,FALSE,FALSE,not_given,FALSE,FALSE,FALSE,FALSE,FALSE,FALSE,FALSE,FALSE,FALSE,hexacorallia,FALSE,FALSE,FALSE,TRUE
pavona explanulata,mermaid,,,animalia,cnidaria,scleractinia,agariciidae,pavona,pavona_explanulata,FALSE,FALSE,not_given,FALSE,TRUE,FALSE,TRUE,FALSE,not_given,not_given,FALSE,FALSE,not_given,FALSE,FALSE,TRUE,FALSE,not_given,FALSE,FALSE,FALSE,FALSE,FALSE,FALSE,FALSE,FALSE,FALSE,FALSE,FALSE,FALSE,FALSE,FALSE,FALSE,hexacorallia,FALSE,FALSE,FALSE,TRUE
pavona maldivensis,mermaid,,,animalia,cnidaria,scleractinia,agariciidae,pavona,pavona_maldivensis,FALSE,FALSE,not_given,FALSE,not_given,FALSE,not_given,FALSE,not_given,TRUE,FALSE,FALSE,not_given,FALSE,not_given,TRUE,FALSE,not_given,FALSE,FALSE,not_given,FALSE,FALSE,not_given,FALSE,FALSE,FALSE,FALSE,FALSE,FALSE,FALSE,FALSE,FALSE,hexacorallia,FALSE,FALSE,FALSE,TRUE
pavona varians,mermaid,,,animalia,cnidaria,scleractinia,agariciidae,pavona,pavona_varians,FALSE,FALSE,not_given,FALSE,not_given,FALSE,TRUE,FALSE,not_given,not_given,FALSE,FALSE,TRUE,FALSE,FALSE,TRUE,FALSE,not_given,FALSE,FALSE,FALSE,FALSE,FALSE,FALSE,FALSE,FALSE,FALSE,FALSE,FALSE,FALSE,FALSE,FALSE,FALSE,hexacorallia,FALSE,FALSE,FALSE,TRUE
pavona venosa,mermaid,,,animalia,cnidaria,scleractinia,agariciidae,pavona,pavona_venosa,FALSE,FALSE,not_given,FALSE,TRUE,FALSE,TRUE,not_given,not_given,not_given,FALSE,FALSE,TRUE,FALSE,FALSE,not_given,FALSE,not_given,FALSE,FALSE,FALSE,FALSE,FALSE,FALSE,FALSE,FALSE,FALSE,FALSE,FALSE,FALSE,FALSE,FALSE,FALSE,hexacorallia,FALSE,FALSE,FALSE,TRUE
pectinia,mermaid,,,animalia,cnidaria,scleractinia,merulinidae,pectinia,not_given,FALSE,FALSE,not_given,FALSE,not_given,not_given,TRUE,FALSE,not_given,not_given,FALSE,FALSE,not_given,FALSE,FALSE,TRUE,FALSE,not_given,not_given,FALSE,FALSE,not_given,FALSE,FALSE,FALSE,FALSE,FALSE,FALSE,FALSE,FALSE,FALSE,FALSE,FALSE,hexacorallia,FALSE,FALSE,FALSE,TRUE
pectiniidae,mermaid,,,animalia,cnidaria,scleractinia,pectiniidae,not_given,not_given,not_given,not_given,not_given,not_given,not_given,not_given,not_given,not_given,not_given,not_given,FALSE,FALSE,not_given,FALSE,not_given,not_given,FALSE,not_given,not_given,not_given,not_given,not_given,FALSE,not_given,FALSE,FALSE,FALSE,FALSE,FALSE,FALSE,FALSE,FALSE,FALSE,hexacorallia,FALSE,FALSE,FALSE,TRUE
penicillus,mermaid,,,plantae,chlorophyta,bryopsidales,udoteaceae,penicillus,not_given,FALSE,FALSE,FALSE,FALSE,FALSE,FALSE,FALSE,FALSE,FALSE,FALSE,FALSE,FALSE,FALSE,FALSE,FALSE,FALSE,FALSE,FALSE,FALSE,FALSE,FALSE,FALSE,FALSE,FALSE,FALSE,TRUE,FALSE,FALSE,FALSE,FALSE,FALSE,FALSE,FALSE,ulvophyceae,FALSE,FALSE,FALSE,FALSE
penicilus,mermaid,penicillus,mermaid,plantae,chlorophyta,bryopsidales,udoteaceae,penicillus,not_given,FALSE,FALSE,FALSE,FALSE,FALSE,FALSE,FALSE,FALSE,FALSE,FALSE,FALSE,FALSE,FALSE,FALSE,FALSE,FALSE,FALSE,FALSE,FALSE,FALSE,FALSE,FALSE,FALSE,FALSE,FALSE,TRUE,FALSE,FALSE,FALSE,FALSE,FALSE,FALSE,FALSE,ulvophyceae,FALSE,FALSE,FALSE,FALSE
petrosiidae,mermaid,,,animalia,porifera,haplosclerida,petrosiidae,not_given,not_given,FALSE,FALSE,FALSE,FALSE,FALSE,FALSE,FALSE,FALSE,FALSE,FALSE,FALSE,FALSE,FALSE,FALSE,FALSE,FALSE,FALSE,FALSE,FALSE,FALSE,FALSE,FALSE,FALSE,FALSE,FALSE,FALSE,FALSE,FALSE,FALSE,FALSE,FALSE,FALSE,FALSE,demospongiae,FALSE,FALSE,FALSE,TRUE
petrosia,mermaid,,,animalia,porifera,haplosclerida,petrosiidae,petrosia,not_given,FALSE,FALSE,FALSE,FALSE,FALSE,FALSE,FALSE,FALSE,FALSE,FALSE,FALSE,FALSE,FALSE,FALSE,FALSE,FALSE,FALSE,FALSE,FALSE,FALSE,FALSE,FALSE,FALSE,FALSE,FALSE,FALSE,FALSE,FALSE,FALSE,FALSE,FALSE,FALSE,FALSE,demospongiae,FALSE,FALSE,FALSE,TRUE
peyssonnelia,mermaid,,,not_given,rhodophyta,peyssonneliales,peyssonneliaceae,peyssonnelia,not_given,FALSE,FALSE,FALSE,FALSE,FALSE,FALSE,FALSE,FALSE,FALSE,FALSE,FALSE,FALSE,FALSE,FALSE,FALSE,FALSE,FALSE,FALSE,FALSE,FALSE,FALSE,FALSE,FALSE,FALSE,FALSE,TRUE,FALSE,not_given,FALSE,FALSE,FALSE,FALSE,FALSE,florideophyceae,FALSE,FALSE,FALSE,FALSE
peyssonneliaceae,mermaid,,,not_given,rhodophyta,peyssonneliales,peyssonneliaceae,not_given,not_given,FALSE,FALSE,FALSE,FALSE,FALSE,FALSE,FALSE,FALSE,FALSE,FALSE,FALSE,FALSE,FALSE,FALSE,FALSE,FALSE,FALSE,FALSE,FALSE,FALSE,FALSE,FALSE,FALSE,FALSE,FALSE,TRUE,FALSE,not_given,FALSE,FALSE,FALSE,FALSE,FALSE,florideophyceae,FALSE,FALSE,FALSE,FALSE
peyssonnelid algae,mermaid,peyssonnelia,mermaid,not_given,rhodophyta,peyssonneliales,peyssonneliaceae,peyssonnelia,not_given,FALSE,FALSE,FALSE,FALSE,FALSE,FALSE,FALSE,FALSE,FALSE,FALSE,FALSE,FALSE,FALSE,FALSE,FALSE,FALSE,FALSE,FALSE,FALSE,FALSE,FALSE,FALSE,FALSE,FALSE,FALSE,TRUE,FALSE,not_given,FALSE,FALSE,FALSE,FALSE,FALSE,florideophyceae,FALSE,FALSE,FALSE,FALSE
phaeophyceae,mermaid,,,not_given,ochrophyta,not_given,not_given,not_given,not_given,FALSE,FALSE,FALSE,FALSE,FALSE,FALSE,FALSE,FALSE,FALSE,FALSE,FALSE,FALSE,FALSE,FALSE,FALSE,FALSE,FALSE,FALSE,FALSE,FALSE,FALSE,FALSE,FALSE,FALSE,FALSE,TRUE,FALSE,not_given,FALSE,FALSE,FALSE,not_given,FALSE,phaeophyceae,FALSE,FALSE,FALSE,FALSE
phyllospongia,mermaid,,,animalia,porifera,dictyoceratida,thorectidae,phyllospongia,not_given,FALSE,FALSE,FALSE,FALSE,FALSE,FALSE,FALSE,FALSE,FALSE,FALSE,FALSE,FALSE,FALSE,FALSE,FALSE,FALSE,FALSE,FALSE,FALSE,FALSE,FALSE,FALSE,FALSE,FALSE,FALSE,FALSE,FALSE,FALSE,FALSE,FALSE,FALSE,FALSE,FALSE,demospongiae,FALSE,FALSE,FALSE,TRUE
physogyra,mermaid,,,animalia,cnidaria,scleractinia,plerogyridae,physogyra,not_given,FALSE,FALSE,TRUE,FALSE,TRUE,not_given,not_given,FALSE,FALSE,not_given,FALSE,FALSE,not_given,FALSE,FALSE,not_given,FALSE,TRUE,not_given,FALSE,FALSE,not_given,not_given,FALSE,FALSE,FALSE,FALSE,FALSE,FALSE,FALSE,FALSE,FALSE,FALSE,hexacorallia,FALSE,FALSE,FALSE,TRUE
physophyllia,mermaid,,,animalia,cnidaria,scleractinia,merulinidae,physophyllia,not_given,not_given,not_given,not_given,not_given,not_given,not_given,not_given,not_given,not_given,not_given,FALSE,FALSE,not_given,FALSE,not_given,not_given,FALSE,not_given,not_given,not_given,not_given,not_given,FALSE,not_given,FALSE,FALSE,FALSE,FALSE,FALSE,FALSE,FALSE,FALSE,FALSE,hexacorallia,FALSE,FALSE,FALSE,TRUE
pinctada margaritifera,mermaid,,,animalia,mollusca,pteriida,pteriidae,pinctada,pinctada_margaritifera,FALSE,FALSE,FALSE,FALSE,FALSE,FALSE,FALSE,FALSE,FALSE,FALSE,FALSE,FALSE,FALSE,FALSE,FALSE,FALSE,FALSE,FALSE,FALSE,FALSE,FALSE,FALSE,FALSE,FALSE,FALSE,FALSE,FALSE,FALSE,FALSE,FALSE,FALSE,FALSE,FALSE,bivalvia,FALSE,FALSE,FALSE,TRUE
pinctada maxima,mermaid,,,animalia,mollusca,pteriida,pteriidae,pinctada,pinctada_maxima,FALSE,FALSE,FALSE,FALSE,FALSE,FALSE,FALSE,FALSE,FALSE,FALSE,FALSE,FALSE,FALSE,FALSE,FALSE,FALSE,FALSE,FALSE,FALSE,FALSE,FALSE,FALSE,FALSE,FALSE,FALSE,FALSE,FALSE,FALSE,FALSE,FALSE,FALSE,FALSE,FALSE,bivalvia,FALSE,FALSE,FALSE,TRUE
pinna,mermaid,,,animalia,mollusca,pteriida,pinnidae,pinna,not_given,FALSE,FALSE,FALSE,FALSE,FALSE,FALSE,FALSE,FALSE,FALSE,FALSE,FALSE,FALSE,FALSE,FALSE,FALSE,FALSE,FALSE,FALSE,FALSE,FALSE,FALSE,FALSE,FALSE,FALSE,FALSE,FALSE,FALSE,FALSE,FALSE,FALSE,FALSE,FALSE,FALSE,bivalvia,FALSE,FALSE,FALSE,TRUE
plastic,mermaid,,,none,none,none,none,none,none,FALSE,FALSE,FALSE,FALSE,FALSE,FALSE,FALSE,FALSE,FALSE,FALSE,FALSE,FALSE,FALSE,FALSE,FALSE,FALSE,FALSE,FALSE,FALSE,FALSE,FALSE,FALSE,FALSE,FALSE,FALSE,FALSE,FALSE,TRUE,TRUE,FALSE,FALSE,FALSE,FALSE,none,FALSE,FALSE,FALSE,FALSE
platygyra,mermaid,,,animalia,cnidaria,scleractinia,merulinidae,platygyra,not_given,FALSE,not_given,not_given,FALSE,not_given,not_given,not_given,not_given,not_given,not_given,FALSE,FALSE,not_given,FALSE,not_given,not_given,FALSE,not_given,FALSE,not_given,not_given,FALSE,FALSE,not_given,FALSE,FALSE,FALSE,FALSE,FALSE,FALSE,FALSE,FALSE,FALSE,hexacorallia,FALSE,FALSE,FALSE,TRUE
platygyra crosslandi,mermaid,,,animalia,cnidaria,scleractinia,merulinidae,platygyra,platygyra_crosslandi,FALSE,FALSE,TRUE,FALSE,TRUE,not_given,not_given,FALSE,FALSE,not_given,FALSE,FALSE,TRUE,FALSE,FALSE,TRUE,FALSE,TRUE,FALSE,FALSE,FALSE,FALSE,not_given,FALSE,FALSE,FALSE,FALSE,FALSE,FALSE,FALSE,FALSE,FALSE,FALSE,hexacorallia,FALSE,FALSE,FALSE,TRUE
platygyra daedalea,mermaid,,,animalia,cnidaria,scleractinia,merulinidae,platygyra,platygyra_daedalea,FALSE,FALSE,TRUE,FALSE,TRUE,not_given,not_given,FALSE,FALSE,not_given,FALSE,FALSE,not_given,FALSE,FALSE,not_given,FALSE,TRUE,FALSE,FALSE,FALSE,FALSE,not_given,FALSE,FALSE,FALSE,FALSE,FALSE,FALSE,FALSE,FALSE,FALSE,FALSE,hexacorallia,FALSE,FALSE,FALSE,TRUE
platygyra lamellina,mermaid,,,animalia,cnidaria,scleractinia,merulinidae,platygyra,platygyra_lamellina,FALSE,FALSE,TRUE,FALSE,TRUE,not_given,not_given,FALSE,FALSE,not_given,FALSE,FALSE,not_given,FALSE,FALSE,not_given,FALSE,TRUE,FALSE,FALSE,FALSE,FALSE,not_given,FALSE,FALSE,FALSE,FALSE,FALSE,FALSE,FALSE,FALSE,FALSE,FALSE,hexacorallia,FALSE,FALSE,FALSE,TRUE
platygyra pini,mermaid,,,animalia,cnidaria,scleractinia,merulinidae,platygyra,platygyra_pini,FALSE,not_given,not_given,FALSE,TRUE,not_given,not_given,not_given,not_given,not_given,FALSE,FALSE,not_given,FALSE,not_given,not_given,FALSE,not_given,FALSE,not_given,not_given,FALSE,FALSE,not_given,FALSE,FALSE,FALSE,FALSE,FALSE,FALSE,FALSE,FALSE,FALSE,hexacorallia,FALSE,FALSE,FALSE,TRUE
platygyra sinensis,mermaid,,,animalia,cnidaria,scleractinia,merulinidae,platygyra,platygyra_sinensis,FALSE,FALSE,TRUE,FALSE,TRUE,not_given,not_given,FALSE,FALSE,not_given,FALSE,FALSE,not_given,FALSE,FALSE,not_given,FALSE,TRUE,FALSE,FALSE,FALSE,FALSE,not_given,FALSE,FALSE,FALSE,FALSE,FALSE,FALSE,FALSE,FALSE,FALSE,FALSE,hexacorallia,FALSE,FALSE,FALSE,TRUE
plerogyra,mermaid,,,animalia,cnidaria,scleractinia,plerogyridae,plerogyra,not_given,FALSE,FALSE,not_given,FALSE,TRUE,not_given,not_given,FALSE,FALSE,not_given,FALSE,FALSE,not_given,FALSE,FALSE,not_given,FALSE,TRUE,not_given,FALSE,FALSE,not_given,not_given,FALSE,FALSE,FALSE,FALSE,FALSE,FALSE,FALSE,FALSE,FALSE,FALSE,hexacorallia,FALSE,FALSE,FALSE,TRUE
plesiastrea,mermaid,,,animalia,cnidaria,scleractinia,plesiastreidae,plesiastrea,not_given,not_given,not_given,not_given,not_given,not_given,not_given,not_given,not_given,not_given,not_given,FALSE,FALSE,not_given,FALSE,not_given,not_given,FALSE,not_given,not_given,not_given,not_given,not_given,FALSE,not_given,FALSE,FALSE,FALSE,FALSE,FALSE,FALSE,FALSE,FALSE,FALSE,hexacorallia,FALSE,FALSE,FALSE,TRUE
plesiastrea versipora,mermaid,,,animalia,cnidaria,scleractinia,plesiastreidae,plesiastrea,plesiastrea_versipora,not_given,not_given,not_given,not_given,TRUE,not_given,not_given,not_given,not_given,not_given,FALSE,FALSE,TRUE,FALSE,not_given,not_given,FALSE,not_given,not_given,not_given,not_given,not_given,FALSE,not_given,FALSE,FALSE,FALSE,FALSE,FALSE,FALSE,FALSE,FALSE,FALSE,hexacorallia,FALSE,FALSE,FALSE,TRUE
plesiastreidae,mermaid,,,animalia,cnidaria,scleractinia,plesiastreidae,not_given,not_given,not_given,not_given,not_given,not_given,not_given,not_given,not_given,not_given,not_given,not_given,FALSE,FALSE,not_given,FALSE,not_given,not_given,FALSE,not_given,not_given,not_given,not_given,not_given,FALSE,not_given,FALSE,FALSE,FALSE,FALSE,FALSE,FALSE,FALSE,FALSE,FALSE,hexacorallia,FALSE,FALSE,FALSE,TRUE
pleuractis,mermaid,,,animalia,cnidaria,scleractinia,fungiidae,pleuractis,not_given,FALSE,FALSE,not_given,TRUE,not_given,not_given,not_given,not_given,not_given,not_given,TRUE,FALSE,not_given,FALSE,FALSE,not_given,FALSE,not_given,not_given,FALSE,FALSE,TRUE,FALSE,FALSE,FALSE,FALSE,FALSE,FALSE,FALSE,FALSE,FALSE,FALSE,FALSE,hexacorallia,FALSE,FALSE,FALSE,TRUE
plexaura,mermaid,,,animalia,cnidaria,malacalcyonacea,plexauridae,plexaura,not_given,not_given,not_given,not_given,not_given,not_given,not_given,not_given,not_given,not_given,not_given,not_given,not_given,not_given,not_given,not_given,not_given,not_given,not_given,not_given,not_given,not_given,not_given,not_given,not_given,FALSE,FALSE,FALSE,FALSE,FALSE,FALSE,FALSE,FALSE,FALSE,octocorallia,FALSE,FALSE,FALSE,TRUE
plexauridae,mermaid,,,animalia,cnidaria,malacalcyonacea,plexauridae,not_given,not_given,not_given,not_given,not_given,not_given,not_given,not_given,not_given,not_given,not_given,not_given,not_given,not_given,not_given,not_given,not_given,not_given,not_given,not_given,not_given,not_given,not_given,not_given,not_given,not_given,FALSE,FALSE,FALSE,FALSE,FALSE,FALSE,FALSE,FALSE,FALSE,octocorallia,FALSE,FALSE,FALSE,TRUE
pocillopora,mermaid,pocillopora alive,coralscapes_v2,animalia,cnidaria,scleractinia,pocilloporidae,pocillopora,not_given,FALSE,not_given,FALSE,FALSE,FALSE,FALSE,FALSE,not_given,FALSE,FALSE,FALSE,FALSE,FALSE,FALSE,TRUE,FALSE,FALSE,FALSE,FALSE,not_given,FALSE,FALSE,FALSE,FALSE,FALSE,FALSE,FALSE,FALSE,FALSE,FALSE,FALSE,FALSE,FALSE,hexacorallia,FALSE,FALSE,FALSE,TRUE
pocillopora aliciae,mermaid,,,animalia,cnidaria,scleractinia,pocilloporidae,pocillopora,pocillopora_aliciae,FALSE,not_given,FALSE,FALSE,FALSE,FALSE,FALSE,not_given,FALSE,FALSE,FALSE,FALSE,FALSE,FALSE,TRUE,FALSE,FALSE,FALSE,FALSE,not_given,not_given,FALSE,FALSE,FALSE,FALSE,FALSE,FALSE,FALSE,FALSE,FALSE,FALSE,FALSE,FALSE,hexacorallia,FALSE,FALSE,FALSE,TRUE
pocillopora damicornis,mermaid,,,animalia,cnidaria,scleractinia,pocilloporidae,pocillopora,pocillopora_damicornis,FALSE,not_given,FALSE,FALSE,FALSE,FALSE,FALSE,not_given,FALSE,FALSE,FALSE,FALSE,FALSE,FALSE,TRUE,FALSE,FALSE,FALSE,FALSE,not_given,not_given,FALSE,FALSE,FALSE,FALSE,FALSE,FALSE,FALSE,FALSE,FALSE,FALSE,FALSE,FALSE,hexacorallia,FALSE,FALSE,FALSE,TRUE
pocillopora grandis,mermaid,,,animalia,cnidaria,scleractinia,pocilloporidae,pocillopora,pocillopora_grandis,FALSE,not_given,FALSE,FALSE,FALSE,FALSE,FALSE,not_given,FALSE,TRUE,FALSE,FALSE,FALSE,FALSE,TRUE,FALSE,FALSE,FALSE,FALSE,not_given,not_given,FALSE,FALSE,FALSE,FALSE,FALSE,FALSE,FALSE,FALSE,FALSE,FALSE,FALSE,FALSE,hexacorallia,FALSE,FALSE,FALSE,TRUE
pocillopora ligulata,mermaid,,,animalia,cnidaria,scleractinia,pocilloporidae,pocillopora,pocillopora_ligulata,FALSE,not_given,FALSE,FALSE,FALSE,FALSE,FALSE,not_given,FALSE,FALSE,FALSE,FALSE,FALSE,FALSE,TRUE,FALSE,FALSE,FALSE,FALSE,not_given,not_given,FALSE,FALSE,FALSE,FALSE,FALSE,FALSE,FALSE,FALSE,FALSE,FALSE,FALSE,FALSE,hexacorallia,FALSE,FALSE,FALSE,TRUE
pocillopora meandrina,mermaid,,,animalia,cnidaria,scleractinia,pocilloporidae,pocillopora,pocillopora_meandrina,FALSE,not_given,FALSE,FALSE,FALSE,FALSE,FALSE,TRUE,FALSE,FALSE,FALSE,FALSE,FALSE,FALSE,TRUE,FALSE,FALSE,FALSE,FALSE,not_given,not_given,FALSE,FALSE,FALSE,FALSE,FALSE,FALSE,FALSE,FALSE,FALSE,FALSE,FALSE,FALSE,hexacorallia,FALSE,FALSE,FALSE,TRUE
pocillopora verrucosa,mermaid,,,animalia,cnidaria,scleractinia,pocilloporidae,pocillopora,pocillopora_verrucosa,FALSE,not_given,FALSE,FALSE,FALSE,FALSE,FALSE,not_given,FALSE,FALSE,FALSE,FALSE,FALSE,FALSE,TRUE,FALSE,FALSE,FALSE,FALSE,not_given,not_given,FALSE,FALSE,FALSE,FALSE,FALSE,FALSE,FALSE,FALSE,FALSE,FALSE,FALSE,FALSE,hexacorallia,FALSE,FALSE,FALSE,TRUE
pocilloporidae,mermaid,,,animalia,cnidaria,scleractinia,pocilloporidae,not_given,not_given,not_given,not_given,not_given,not_given,not_given,not_given,not_given,not_given,not_given,not_given,FALSE,FALSE,not_given,FALSE,not_given,not_given,FALSE,not_given,not_given,not_given,not_given,not_given,FALSE,not_given,FALSE,FALSE,FALSE,FALSE,FALSE,FALSE,FALSE,FALSE,FALSE,hexacorallia,FALSE,FALSE,FALSE,TRUE
podabacia,mermaid,,,animalia,cnidaria,scleractinia,fungiidae,podabacia,not_given,FALSE,FALSE,not_given,FALSE,not_given,not_given,TRUE,FALSE,TRUE,not_given,FALSE,FALSE,not_given,FALSE,FALSE,TRUE,FALSE,not_given,not_given,FALSE,FALSE,not_given,FALSE,FALSE,FALSE,FALSE,FALSE,FALSE,FALSE,FALSE,FALSE,FALSE,FALSE,hexacorallia,FALSE,FALSE,FALSE,TRUE
polyphyllia,mermaid,,,animalia,cnidaria,scleractinia,fungiidae,polyphyllia,not_given,FALSE,FALSE,not_given,TRUE,not_given,not_given,not_given,not_given,not_given,not_given,FALSE,FALSE,not_given,FALSE,FALSE,not_given,FALSE,not_given,not_given,FALSE,FALSE,TRUE,FALSE,FALSE,FALSE,FALSE,FALSE,FALSE,FALSE,FALSE,FALSE,FALSE,FALSE,hexacorallia,FALSE,FALSE,FALSE,TRUE
porifera,mermaid,sponge,coralscapes_v2,animalia,porifera,not_given,not_given,not_given,not_given,FALSE,FALSE,FALSE,FALSE,FALSE,FALSE,FALSE,FALSE,FALSE,FALSE,FALSE,FALSE,FALSE,FALSE,FALSE,FALSE,FALSE,FALSE,FALSE,FALSE,FALSE,FALSE,FALSE,FALSE,FALSE,FALSE,FALSE,FALSE,FALSE,FALSE,FALSE,FALSE,FALSE,not_given,FALSE,FALSE,FALSE,TRUE
porites,mermaid,,,animalia,cnidaria,scleractinia,poritidae,porites,not_given,FALSE,not_given,not_given,FALSE,not_given,FALSE,not_given,not_given,not_given,not_given,FALSE,FALSE,not_given,FALSE,not_given,not_given,FALSE,not_given,FALSE,FALSE,not_given,FALSE,FALSE,not_given,FALSE,FALSE,FALSE,FALSE,FALSE,FALSE,FALSE,FALSE,FALSE,hexacorallia,FALSE,FALSE,FALSE,TRUE
porites annae,mermaid,,,animalia,cnidaria,scleractinia,poritidae,porites,porites_annae,FALSE,FALSE,not_given,FALSE,FALSE,FALSE,FALSE,FALSE,FALSE,TRUE,FALSE,FALSE,TRUE,FALSE,TRUE,TRUE,FALSE,FALSE,FALSE,FALSE,not_given,FALSE,FALSE,not_given,FALSE,FALSE,FALSE,FALSE,FALSE,FALSE,FALSE,FALSE,FALSE,hexacorallia,FALSE,FALSE,FALSE,TRUE
porites astreoides,mermaid,,,animalia,cnidaria,scleractinia,poritidae,porites,porites_astreoides,FALSE,FALSE,not_given,FALSE,TRUE,FALSE,TRUE,FALSE,not_given,not_given,FALSE,FALSE,not_given,FALSE,FALSE,TRUE,FALSE,not_given,FALSE,FALSE,FALSE,FALSE,FALSE,FALSE,FALSE,FALSE,FALSE,FALSE,FALSE,FALSE,FALSE,FALSE,FALSE,hexacorallia,FALSE,FALSE,FALSE,TRUE
porites branneri,mermaid,,,animalia,cnidaria,scleractinia,poritidae,porites,porites_branneri,FALSE,FALSE,not_given,FALSE,not_given,FALSE,TRUE,FALSE,not_given,not_given,FALSE,FALSE,TRUE,FALSE,FALSE,TRUE,FALSE,not_given,FALSE,FALSE,FALSE,FALSE,FALSE,FALSE,FALSE,FALSE,FALSE,FALSE,FALSE,FALSE,FALSE,FALSE,FALSE,hexacorallia,FALSE,FALSE,FALSE,TRUE
porites brighami,mermaid,,,animalia,cnidaria,scleractinia,poritidae,porites,porites_brighami,FALSE,not_given,not_given,FALSE,TRUE,FALSE,not_given,not_given,not_given,not_given,FALSE,FALSE,TRUE,FALSE,not_given,not_given,FALSE,not_given,FALSE,FALSE,not_given,FALSE,FALSE,not_given,FALSE,FALSE,FALSE,FALSE,FALSE,FALSE,FALSE,FALSE,FALSE,hexacorallia,FALSE,FALSE,FALSE,TRUE
porites colonensis,mermaid,,,animalia,cnidaria,scleractinia,poritidae,porites,porites_colonensis,FALSE,FALSE,not_given,FALSE,not_given,FALSE,not_given,FALSE,not_given,not_given,FALSE,FALSE,not_given,FALSE,not_given,TRUE,FALSE,not_given,FALSE,FALSE,not_given,FALSE,FALSE,not_given,FALSE,FALSE,FALSE,FALSE,FALSE,FALSE,FALSE,FALSE,FALSE,hexacorallia,FALSE,FALSE,FALSE,TRUE
porites compressa,mermaid,,,animalia,cnidaria,scleractinia,poritidae,porites,porites_compressa,FALSE,not_given,not_given,FALSE,FALSE,FALSE,FALSE,not_given,FALSE,TRUE,FALSE,FALSE,TRUE,FALSE,TRUE,not_given,FALSE,FALSE,FALSE,FALSE,not_given,FALSE,FALSE,not_given,FALSE,FALSE,FALSE,FALSE,FALSE,FALSE,FALSE,FALSE,FALSE,hexacorallia,FALSE,FALSE,FALSE,TRUE
porites cylindrica,mermaid,,,animalia,cnidaria,scleractinia,poritidae,porites,porites_cylindrica,FALSE,FALSE,not_given,FALSE,FALSE,FALSE,TRUE,not_given,FALSE,not_given,FALSE,FALSE,FALSE,FALSE,TRUE,not_given,FALSE,FALSE,FALSE,FALSE,FALSE,FALSE,FALSE,FALSE,FALSE,FALSE,FALSE,FALSE,FALSE,FALSE,FALSE,FALSE,FALSE,hexacorallia,FALSE,FALSE,FALSE,TRUE
porites densa,mermaid,,,animalia,cnidaria,scleractinia,poritidae,porites,porites_densa,FALSE,FALSE,not_given,FALSE,TRUE,FALSE,TRUE,not_given,not_given,not_given,FALSE,FALSE,TRUE,FALSE,FALSE,not_given,FALSE,not_given,FALSE,FALSE,FALSE,FALSE,FALSE,FALSE,FALSE,FALSE,FALSE,FALSE,FALSE,FALSE,FALSE,FALSE,FALSE,hexacorallia,FALSE,FALSE,FALSE,TRUE
porites divaricata,mermaid,,,animalia,cnidaria,scleractinia,poritidae,porites,porites_divaricata,FALSE,not_given,not_given,FALSE,FALSE,FALSE,FALSE,not_given,FALSE,TRUE,FALSE,FALSE,TRUE,FALSE,TRUE,not_given,FALSE,FALSE,FALSE,FALSE,not_given,FALSE,FALSE,not_given,FALSE,FALSE,FALSE,FALSE,FALSE,FALSE,FALSE,FALSE,FALSE,hexacorallia,FALSE,FALSE,FALSE,TRUE
porites evermanni,mermaid,,,animalia,cnidaria,scleractinia,poritidae,porites,porites_evermanni,FALSE,not_given,not_given,FALSE,TRUE,FALSE,not_given,not_given,not_given,TRUE,FALSE,FALSE,not_given,FALSE,not_given,not_given,FALSE,not_given,FALSE,FALSE,not_given,FALSE,FALSE,not_given,FALSE,FALSE,FALSE,FALSE,FALSE,FALSE,FALSE,FALSE,FALSE,hexacorallia,FALSE,FALSE,FALSE,TRUE
porites furcata,mermaid,,,animalia,cnidaria,scleractinia,poritidae,porites,porites_furcata,FALSE,not_given,not_given,FALSE,FALSE,FALSE,FALSE,not_given,FALSE,TRUE,FALSE,FALSE,TRUE,FALSE,TRUE,not_given,FALSE,FALSE,FALSE,FALSE,not_given,FALSE,FALSE,not_given,FALSE,FALSE,FALSE,FALSE,FALSE,FALSE,FALSE,FALSE,FALSE,hexacorallia,FALSE,FALSE,FALSE,TRUE
porites harrisoni,mermaid,,,animalia,cnidaria,scleractinia,poritidae,porites,porites_harrisoni,FALSE,FALSE,not_given,FALSE,TRUE,FALSE,TRUE,not_given,FALSE,TRUE,FALSE,FALSE,TRUE,FALSE,TRUE,not_given,FALSE,FALSE,FALSE,FALSE,FALSE,FALSE,FALSE,FALSE,FALSE,FALSE,FALSE,FALSE,FALSE,FALSE,FALSE,FALSE,FALSE,hexacorallia,FALSE,FALSE,FALSE,TRUE
porites horizontalata,mermaid,,,animalia,cnidaria,scleractinia,poritidae,porites,porites_horizontalata,FALSE,FALSE,not_given,FALSE,FALSE,FALSE,TRUE,FALSE,FALSE,TRUE,FALSE,FALSE,FALSE,FALSE,TRUE,TRUE,FALSE,FALSE,FALSE,FALSE,FALSE,FALSE,FALSE,FALSE,FALSE,FALSE,FALSE,FALSE,FALSE,FALSE,FALSE,FALSE,FALSE,hexacorallia,FALSE,FALSE,FALSE,TRUE
porites lichen,mermaid,,,animalia,cnidaria,scleractinia,poritidae,porites,porites_lichen,FALSE,FALSE,not_given,FALSE,not_given,FALSE,not_given,FALSE,not_given,TRUE,FALSE,FALSE,not_given,FALSE,not_given,TRUE,FALSE,not_given,FALSE,FALSE,not_given,FALSE,FALSE,not_given,FALSE,FALSE,FALSE,FALSE,FALSE,FALSE,FALSE,FALSE,FALSE,hexacorallia,FALSE,FALSE,FALSE,TRUE
porites lobata,mermaid,,,animalia,cnidaria,scleractinia,poritidae,porites,porites_lobata,FALSE,FALSE,not_given,FALSE,TRUE,FALSE,not_given,not_given,not_given,not_given,FALSE,FALSE,not_given,FALSE,FALSE,not_given,FALSE,not_given,FALSE,FALSE,FALSE,FALSE,FALSE,not_given,FALSE,FALSE,FALSE,FALSE,FALSE,FALSE,FALSE,FALSE,FALSE,hexacorallia,FALSE,FALSE,FALSE,TRUE
porites lutea,mermaid,,,animalia,cnidaria,scleractinia,poritidae,porites,porites_lutea,FALSE,not_given,not_given,FALSE,TRUE,FALSE,not_given,not_given,not_given,not_given,FALSE,FALSE,not_given,FALSE,not_given,not_given,FALSE,not_given,FALSE,FALSE,not_given,FALSE,FALSE,not_given,FALSE,FALSE,FALSE,FALSE,FALSE,FALSE,FALSE,FALSE,FALSE,hexacorallia,FALSE,FALSE,FALSE,TRUE
porites monticulosa,mermaid,,,animalia,cnidaria,scleractinia,poritidae,porites,porites_monticulosa,FALSE,FALSE,not_given,FALSE,TRUE,FALSE,TRUE,FALSE,FALSE,TRUE,FALSE,FALSE,FALSE,FALSE,TRUE,TRUE,FALSE,FALSE,FALSE,FALSE,FALSE,FALSE,FALSE,FALSE,FALSE,FALSE,FALSE,FALSE,FALSE,FALSE,FALSE,FALSE,FALSE,hexacorallia,FALSE,FALSE,FALSE,TRUE
porites nodifera,mermaid,,,animalia,cnidaria,scleractinia,poritidae,porites,porites_nodifera,FALSE,not_given,not_given,FALSE,TRUE,FALSE,not_given,not_given,not_given,TRUE,FALSE,FALSE,not_given,FALSE,not_given,not_given,FALSE,not_given,FALSE,FALSE,not_given,FALSE,FALSE,not_given,FALSE,FALSE,FALSE,FALSE,FALSE,FALSE,FALSE,FALSE,FALSE,hexacorallia,FALSE,FALSE,FALSE,TRUE
porites porites,mermaid,,,animalia,cnidaria,scleractinia,poritidae,porites,porites_porites,FALSE,FALSE,not_given,FALSE,TRUE,FALSE,TRUE,FALSE,FALSE,TRUE,FALSE,FALSE,TRUE,FALSE,TRUE,TRUE,FALSE,FALSE,FALSE,FALSE,FALSE,FALSE,FALSE,FALSE,FALSE,FALSE,FALSE,FALSE,FALSE,FALSE,FALSE,FALSE,FALSE,hexacorallia,FALSE,FALSE,FALSE,TRUE
porites rus,mermaid,,,animalia,cnidaria,scleractinia,poritidae,porites,porites_rus,FALSE,FALSE,not_given,FALSE,FALSE,FALSE,TRUE,FALSE,FALSE,not_given,FALSE,FALSE,TRUE,FALSE,TRUE,TRUE,FALSE,FALSE,FALSE,FALSE,FALSE,FALSE,FALSE,FALSE,FALSE,FALSE,FALSE,FALSE,FALSE,FALSE,FALSE,FALSE,FALSE,hexacorallia,FALSE,FALSE,FALSE,TRUE
porites superfusa,mermaid,,,animalia,cnidaria,scleractinia,poritidae,porites,porites_superfusa,FALSE,not_given,not_given,FALSE,TRUE,FALSE,not_given,not_given,not_given,TRUE,FALSE,FALSE,not_given,FALSE,not_given,not_given,FALSE,not_given,FALSE,FALSE,not_given,FALSE,FALSE,not_given,FALSE,FALSE,FALSE,FALSE,FALSE,FALSE,FALSE,FALSE,FALSE,hexacorallia,FALSE,FALSE,FALSE,TRUE
poritidae,mermaid,,,animalia,cnidaria,scleractinia,poritidae,not_given,not_given,not_given,not_given,not_given,not_given,not_given,not_given,not_given,not_given,not_given,not_given,FALSE,FALSE,not_given,FALSE,not_given,not_given,FALSE,not_given,not_given,not_given,not_given,not_given,FALSE,not_given,FALSE,FALSE,FALSE,FALSE,FALSE,FALSE,FALSE,FALSE,FALSE,hexacorallia,FALSE,FALSE,FALSE,TRUE
porolithon,mermaid,,,not_given,rhodophyta,corallinales,porolithaceae,porolithon,not_given,FALSE,FALSE,FALSE,FALSE,FALSE,FALSE,FALSE,FALSE,FALSE,FALSE,FALSE,FALSE,FALSE,FALSE,FALSE,FALSE,FALSE,FALSE,FALSE,FALSE,FALSE,FALSE,FALSE,FALSE,FALSE,TRUE,FALSE,not_given,FALSE,FALSE,FALSE,FALSE,FALSE,florideophyceae,FALSE,FALSE,FALSE,FALSE
porolithon antillarum,mermaid,,,not_given,rhodophyta,corallinales,porolithaceae,porolithon,porolithon_antillarum,FALSE,FALSE,FALSE,FALSE,FALSE,FALSE,FALSE,FALSE,FALSE,FALSE,FALSE,FALSE,FALSE,FALSE,FALSE,FALSE,FALSE,FALSE,FALSE,FALSE,FALSE,FALSE,FALSE,FALSE,FALSE,TRUE,FALSE,not_given,FALSE,FALSE,FALSE,FALSE,FALSE,florideophyceae,FALSE,FALSE,FALSE,FALSE
posidonia,mermaid,,,plantae,not_given,alismatales,posidoniaceae,posidonia,not_given,FALSE,FALSE,FALSE,FALSE,FALSE,FALSE,FALSE,FALSE,FALSE,FALSE,FALSE,FALSE,FALSE,FALSE,FALSE,FALSE,FALSE,FALSE,FALSE,FALSE,FALSE,FALSE,FALSE,FALSE,FALSE,FALSE,FALSE,FALSE,FALSE,FALSE,FALSE,FALSE,FALSE,not_given,FALSE,FALSE,FALSE,FALSE
posidoniaceae,mermaid,,,plantae,not_given,alismatales,posidoniaceae,not_given,not_given,FALSE,FALSE,FALSE,FALSE,FALSE,FALSE,FALSE,FALSE,FALSE,FALSE,FALSE,FALSE,FALSE,FALSE,FALSE,FALSE,FALSE,FALSE,FALSE,FALSE,FALSE,FALSE,FALSE,FALSE,FALSE,FALSE,FALSE,FALSE,FALSE,FALSE,FALSE,FALSE,FALSE,not_given,FALSE,FALSE,FALSE,FALSE
psammocora,mermaid,,,animalia,cnidaria,scleractinia,psammocoridae,psammocora,not_given,not_given,not_given,not_given,not_given,not_given,not_given,not_given,not_given,not_given,not_given,FALSE,FALSE,not_given,FALSE,not_given,not_given,FALSE,not_given,not_given,not_given,not_given,not_given,FALSE,not_given,FALSE,FALSE,FALSE,FALSE,FALSE,FALSE,FALSE,FALSE,FALSE,hexacorallia,FALSE,FALSE,FALSE,TRUE
psammocora albopicta,mermaid,,,animalia,cnidaria,scleractinia,psammocoridae,psammocora,psammocora_albopicta,FALSE,FALSE,not_given,FALSE,not_given,not_given,TRUE,not_given,not_given,not_given,FALSE,FALSE,TRUE,FALSE,FALSE,not_given,FALSE,not_given,not_given,FALSE,FALSE,not_given,FALSE,FALSE,FALSE,FALSE,FALSE,FALSE,FALSE,FALSE,FALSE,FALSE,FALSE,hexacorallia,FALSE,FALSE,FALSE,TRUE
psammocora columna,mermaid,,,animalia,cnidaria,scleractinia,psammocoridae,psammocora,psammocora_columna,not_given,FALSE,not_given,not_given,TRUE,not_given,TRUE,FALSE,FALSE,TRUE,FALSE,FALSE,FALSE,FALSE,TRUE,TRUE,FALSE,FALSE,not_given,FALSE,FALSE,not_given,FALSE,FALSE,FALSE,FALSE,FALSE,FALSE,FALSE,FALSE,FALSE,FALSE,FALSE,hexacorallia,FALSE,FALSE,FALSE,TRUE
psammocora contigua,mermaid,,,animalia,cnidaria,scleractinia,psammocoridae,psammocora,psammocora_contigua,not_given,not_given,not_given,not_given,FALSE,not_given,FALSE,not_given,FALSE,TRUE,FALSE,FALSE,FALSE,FALSE,TRUE,not_given,FALSE,FALSE,not_given,not_given,not_given,not_given,FALSE,not_given,FALSE,FALSE,FALSE,FALSE,FALSE,FALSE,FALSE,FALSE,FALSE,hexacorallia,FALSE,FALSE,FALSE,TRUE
psammocora digitata,mermaid,,,animalia,cnidaria,scleractinia,psammocoridae,psammocora,psammocora_digitata,not_given,FALSE,not_given,not_given,not_given,not_given,not_given,FALSE,not_given,TRUE,FALSE,FALSE,TRUE,FALSE,not_given,TRUE,FALSE,not_given,not_given,not_given,not_given,not_given,FALSE,not_given,FALSE,FALSE,FALSE,FALSE,FALSE,FALSE,FALSE,FALSE,FALSE,hexacorallia,FALSE,FALSE,FALSE,TRUE
psammocora nierstraszi,mermaid,,,animalia,cnidaria,scleractinia,psammocoridae,psammocora,psammocora_nierstraszi,FALSE,FALSE,not_given,FALSE,TRUE,not_given,TRUE,not_given,not_given,not_given,FALSE,FALSE,not_given,FALSE,FALSE,not_given,FALSE,not_given,not_given,FALSE,FALSE,not_given,FALSE,FALSE,FALSE,FALSE,FALSE,FALSE,FALSE,FALSE,FALSE,FALSE,FALSE,hexacorallia,FALSE,FALSE,FALSE,TRUE
psammocora profundacella,mermaid,,,animalia,cnidaria,scleractinia,psammocoridae,psammocora,psammocora_profundacella,FALSE,FALSE,not_given,FALSE,TRUE,not_given,TRUE,not_given,not_given,not_given,FALSE,FALSE,TRUE,FALSE,FALSE,not_given,FALSE,not_given,not_given,FALSE,FALSE,not_given,FALSE,FALSE,FALSE,FALSE,FALSE,FALSE,FALSE,FALSE,FALSE,FALSE,FALSE,hexacorallia,FALSE,FALSE,FALSE,TRUE
psammocora stellata,mermaid,,,animalia,cnidaria,scleractinia,psammocoridae,psammocora,psammocora_stellata,not_given,FALSE,not_given,not_given,FALSE,not_given,TRUE,not_given,FALSE,not_given,FALSE,FALSE,TRUE,FALSE,TRUE,not_given,FALSE,FALSE,not_given,FALSE,FALSE,not_given,FALSE,FALSE,FALSE,FALSE,FALSE,FALSE,FALSE,FALSE,FALSE,FALSE,FALSE,hexacorallia,FALSE,FALSE,FALSE,TRUE
psammocoridae,mermaid,,,animalia,cnidaria,scleractinia,psammocoridae,not_given,not_given,not_given,not_given,not_given,not_given,not_given,not_given,not_given,not_given,not_given,not_given,FALSE,FALSE,not_given,FALSE,not_given,not_given,FALSE,not_given,not_given,not_given,not_given,not_given,FALSE,not_given,FALSE,FALSE,FALSE,FALSE,FALSE,FALSE,FALSE,FALSE,FALSE,hexacorallia,FALSE,FALSE,FALSE,TRUE
pseudodiploria,mermaid,,,animalia,cnidaria,scleractinia,mussidae,pseudodiploria,not_given,FALSE,FALSE,TRUE,FALSE,TRUE,not_given,not_given,FALSE,FALSE,not_given,FALSE,FALSE,not_given,FALSE,FALSE,not_given,FALSE,TRUE,not_given,FALSE,FALSE,not_given,not_given,FALSE,FALSE,FALSE,FALSE,FALSE,FALSE,FALSE,FALSE,FALSE,FALSE,hexacorallia,FALSE,FALSE,FALSE,TRUE
pseudodiploria clivosa,mermaid,,,animalia,cnidaria,scleractinia,mussidae,pseudodiploria,pseudodiploria_clivosa,FALSE,FALSE,TRUE,FALSE,TRUE,not_given,not_given,FALSE,FALSE,not_given,FALSE,FALSE,not_given,FALSE,FALSE,not_given,FALSE,TRUE,not_given,FALSE,FALSE,not_given,not_given,FALSE,FALSE,FALSE,FALSE,FALSE,FALSE,FALSE,FALSE,FALSE,FALSE,hexacorallia,FALSE,FALSE,FALSE,TRUE
pseudodiploria strigosa,mermaid,,,animalia,cnidaria,scleractinia,mussidae,pseudodiploria,pseudodiploria_strigosa,FALSE,FALSE,TRUE,FALSE,not_given,not_given,not_given,FALSE,FALSE,not_given,FALSE,FALSE,not_given,FALSE,FALSE,not_given,FALSE,TRUE,not_given,FALSE,FALSE,not_given,not_given,FALSE,FALSE,FALSE,FALSE,FALSE,FALSE,FALSE,FALSE,FALSE,FALSE,hexacorallia,FALSE,FALSE,FALSE,TRUE
pseudoplexaura,mermaid,,,animalia,cnidaria,malacalcyonacea,plexauridae,pseudoplexaura,not_given,not_given,not_given,not_given,not_given,not_given,not_given,not_given,not_given,not_given,not_given,not_given,not_given,not_given,not_given,not_given,not_given,not_given,not_given,not_given,not_given,not_given,not_given,not_given,not_given,FALSE,FALSE,FALSE,FALSE,FALSE,FALSE,FALSE,FALSE,FALSE,octocorallia,FALSE,FALSE,FALSE,TRUE
pseudopterogorgia,mermaid,,,animalia,cnidaria,malacalcyonacea,gorgoniidae,pseudopterogorgia,not_given,not_given,not_given,not_given,not_given,not_given,not_given,not_given,not_given,not_given,not_given,not_given,not_given,not_given,not_given,not_given,not_given,not_given,not_given,not_given,not_given,not_given,not_given,not_given,not_given,FALSE,FALSE,FALSE,FALSE,FALSE,FALSE,FALSE,FALSE,FALSE,octocorallia,FALSE,FALSE,FALSE,TRUE
pseudosiderastrea,mermaid,,,animalia,cnidaria,scleractinia,siderastreidae,pseudosiderastrea,not_given,FALSE,FALSE,not_given,FALSE,TRUE,not_given,TRUE,not_given,not_given,not_given,FALSE,FALSE,TRUE,FALSE,FALSE,not_given,FALSE,not_given,not_given,FALSE,FALSE,not_given,FALSE,FALSE,FALSE,FALSE,FALSE,FALSE,FALSE,FALSE,FALSE,FALSE,FALSE,hexacorallia,FALSE,FALSE,FALSE,TRUE
pterogorgia,mermaid,,,animalia,cnidaria,malacalcyonacea,pterogorgiidae,pterogorgia,not_given,not_given,not_given,not_given,not_given,not_given,not_given,not_given,not_given,not_given,not_given,not_given,not_given,not_given,not_given,not_given,not_given,not_given,not_given,not_given,not_given,not_given,not_given,not_given,not_given,FALSE,FALSE,FALSE,FALSE,FALSE,FALSE,FALSE,FALSE,FALSE,octocorallia,FALSE,FALSE,FALSE,TRUE
pterogorgiidae,mermaid,,,animalia,cnidaria,malacalcyonacea,pterogorgiidae,not_given,not_given,not_given,not_given,not_given,not_given,not_given,not_given,not_given,not_given,not_given,not_given,not_given,not_given,not_given,not_given,not_given,not_given,not_given,not_given,not_given,not_given,not_given,not_given,not_given,not_given,FALSE,FALSE,FALSE,FALSE,FALSE,FALSE,FALSE,FALSE,FALSE,octocorallia,FALSE,FALSE,FALSE,TRUE
radianthus magnifica,mermaid,,,animalia,cnidaria,stichodactylidae,radianthus,magnifica,not_given,not_given,not_given,not_given,not_given,not_given,not_given,not_given,not_given,not_given,not_given,not_given,not_given,not_given,not_given,not_given,not_given,not_given,not_given,not_given,not_given,not_given,not_given,not_given,not_given,FALSE,FALSE,FALSE,FALSE,FALSE,FALSE,FALSE,FALSE,FALSE,anthozoa,FALSE,FALSE,FALSE,TRUE
radianthus malu,mermaid,,,animalia,cnidaria,stichodactylidae,radianthus,malu,not_given,not_given,not_given,not_given,not_given,not_given,not_given,not_given,not_given,not_given,not_given,not_given,not_given,not_given,not_given,not_given,not_given,not_given,not_given,not_given,not_given,not_given,not_given,not_given,not_given,FALSE,FALSE,FALSE,FALSE,FALSE,FALSE,FALSE,FALSE,FALSE,anthozoa,FALSE,FALSE,FALSE,TRUE
ramicrusta,mermaid,,,plantae,rhodophyta,peyssonneliales,peyssonneliaceae,ramicrusta,not_given,FALSE,FALSE,FALSE,FALSE,FALSE,FALSE,FALSE,FALSE,FALSE,FALSE,FALSE,FALSE,FALSE,FALSE,FALSE,FALSE,FALSE,FALSE,FALSE,FALSE,FALSE,FALSE,FALSE,FALSE,FALSE,TRUE,FALSE,FALSE,FALSE,FALSE,FALSE,FALSE,FALSE,florideophyceae,FALSE,FALSE,FALSE,FALSE
raspailiidae,mermaid,,,animalia,porifera,axinellida,raspailiidae,not_given,not_given,FALSE,FALSE,FALSE,FALSE,FALSE,FALSE,FALSE,FALSE,FALSE,FALSE,FALSE,FALSE,FALSE,FALSE,FALSE,FALSE,FALSE,FALSE,FALSE,FALSE,FALSE,FALSE,FALSE,FALSE,FALSE,FALSE,FALSE,FALSE,FALSE,FALSE,FALSE,FALSE,FALSE,demospongiae,FALSE,FALSE,FALSE,TRUE
recently killed coral,mermaid,dead coral,mermaid,animalia,cnidaria,not_given,not_given,not_given,not_given,not_given,not_given,not_given,not_given,not_given,not_given,not_given,not_given,not_given,not_given,FALSE,FALSE,not_given,FALSE,not_given,not_given,FALSE,not_given,not_given,not_given,not_given,not_given,FALSE,not_given,FALSE,FALSE,FALSE,FALSE,FALSE,FALSE,FALSE,FALSE,FALSE,hexacorallia,FALSE,FALSE,not_given,FALSE
reef matrix,mermaid,hard substrate,coralscapes_v2,none,none,none,none,none,none,FALSE,FALSE,FALSE,FALSE,FALSE,FALSE,FALSE,FALSE,FALSE,FALSE,FALSE,FALSE,FALSE,FALSE,FALSE,FALSE,FALSE,FALSE,FALSE,FALSE,FALSE,FALSE,FALSE,FALSE,FALSE,FALSE,FALSE,FALSE,FALSE,FALSE,FALSE,FALSE,FALSE,none,FALSE,FALSE,TRUE,FALSE
rhipilia,mermaid,,,plantae,chlorophyta,bryopsidales,rhipiliaceae,rhipilia,not_given,FALSE,FALSE,FALSE,FALSE,FALSE,FALSE,FALSE,FALSE,FALSE,FALSE,FALSE,FALSE,FALSE,FALSE,FALSE,FALSE,FALSE,FALSE,FALSE,FALSE,FALSE,FALSE,FALSE,FALSE,FALSE,TRUE,FALSE,FALSE,FALSE,FALSE,FALSE,FALSE,FALSE,ulvophyceae,FALSE,FALSE,FALSE,FALSE
rhipocephalus,mermaid,,,plantae,chlorophyta,bryopsidales,udoteaceae,rhipocephalus,not_given,FALSE,FALSE,FALSE,FALSE,FALSE,FALSE,FALSE,FALSE,FALSE,FALSE,FALSE,FALSE,FALSE,FALSE,FALSE,FALSE,FALSE,FALSE,FALSE,FALSE,FALSE,FALSE,FALSE,FALSE,FALSE,TRUE,FALSE,FALSE,FALSE,FALSE,FALSE,FALSE,FALSE,ulvophyceae,FALSE,FALSE,FALSE,FALSE
rhizangiidae,mermaid,,,animalia,cnidaria,scleractinia,rhizangiidae,not_given,not_given,not_given,not_given,not_given,not_given,not_given,not_given,not_given,not_given,not_given,not_given,FALSE,FALSE,not_given,FALSE,not_given,not_given,FALSE,not_given,not_given,not_given,not_given,not_given,FALSE,not_given,FALSE,FALSE,FALSE,FALSE,FALSE,FALSE,FALSE,FALSE,FALSE,hexacorallia,FALSE,FALSE,FALSE,TRUE
rhizopsammia,mermaid,,,animalia,cnidaria,scleractinia,dendrophylliidae,rhizopsammia,not_given,not_given,not_given,not_given,not_given,not_given,not_given,not_given,not_given,not_given,not_given,FALSE,FALSE,not_given,FALSE,not_given,not_given,FALSE,not_given,not_given,not_given,not_given,not_given,FALSE,not_given,FALSE,FALSE,FALSE,FALSE,FALSE,FALSE,FALSE,FALSE,FALSE,hexacorallia,FALSE,FALSE,FALSE,TRUE
rhodactis,mermaid,,,animalia,cnidaria,corallimorpharia,discosomidae,rhodactis,not_given,not_given,not_given,not_given,not_given,not_given,not_given,not_given,not_given,not_given,not_given,not_given,not_given,not_given,not_given,not_given,not_given,not_given,not_given,not_given,not_given,not_given,not_given,not_given,not_given,FALSE,FALSE,FALSE,FALSE,FALSE,FALSE,FALSE,FALSE,FALSE,hexacorallia,FALSE,FALSE,FALSE,TRUE
rhodophyta,mermaid,,,not_given,rhodophyta,not_given,not_given,not_given,not_given,FALSE,FALSE,FALSE,FALSE,FALSE,FALSE,FALSE,FALSE,FALSE,FALSE,FALSE,FALSE,FALSE,FALSE,FALSE,FALSE,FALSE,FALSE,FALSE,FALSE,FALSE,FALSE,FALSE,FALSE,FALSE,TRUE,FALSE,not_given,FALSE,FALSE,FALSE,FALSE,FALSE,not_given,FALSE,FALSE,FALSE,FALSE
rhopalaea,mermaid,,,animalia,chordata,aplousobranchia,diazonidae,rhopalaea,not_given,FALSE,FALSE,FALSE,FALSE,FALSE,FALSE,FALSE,FALSE,FALSE,FALSE,FALSE,FALSE,FALSE,FALSE,FALSE,FALSE,FALSE,FALSE,FALSE,FALSE,FALSE,FALSE,FALSE,FALSE,FALSE,FALSE,FALSE,FALSE,FALSE,FALSE,FALSE,FALSE,FALSE,ascidiacea,FALSE,FALSE,FALSE,TRUE
rhytisma,mermaid,,,animalia,cnidaria,malacalcyonacea,alcyoniidae,rhytisma,not_given,not_given,not_given,not_given,not_given,not_given,not_given,not_given,not_given,not_given,not_given,not_given,not_given,not_given,not_given,not_given,not_given,not_given,not_given,not_given,not_given,not_given,not_given,not_given,not_given,FALSE,FALSE,FALSE,FALSE,FALSE,FALSE,FALSE,FALSE,FALSE,octocorallia,FALSE,FALSE,FALSE,TRUE
ricordea,mermaid,,,animalia,cnidaria,corallimorpharia,ricordeidae,ricordea,not_given,not_given,not_given,not_given,not_given,not_given,not_given,not_given,not_given,not_given,not_given,not_given,not_given,not_given,not_given,not_given,not_given,not_given,not_given,not_given,not_given,not_given,not_given,not_given,not_given,FALSE,FALSE,FALSE,FALSE,FALSE,FALSE,FALSE,FALSE,FALSE,hexacorallia,FALSE,FALSE,FALSE,TRUE
ricordea florida,mermaid,,,animalia,cnidaria,corallimorpharia,ricordeidae,ricordea,ricordea_florida,not_given,not_given,not_given,not_given,not_given,not_given,not_given,not_given,not_given,not_given,not_given,not_given,not_given,not_given,not_given,not_given,not_given,not_given,not_given,not_given,not_given,not_given,not_given,not_given,FALSE,FALSE,FALSE,FALSE,FALSE,FALSE,FALSE,FALSE,FALSE,hexacorallia,FALSE,FALSE,FALSE,TRUE
ricordeidae,mermaid,,,animalia,cnidaria,corallimorpharia,ricordeidae,not_given,not_given,not_given,not_given,not_given,not_given,not_given,not_given,not_given,not_given,not_given,not_given,not_given,not_given,not_given,not_given,not_given,not_given,not_given,not_given,not_given,not_given,not_given,not_given,not_given,not_given,FALSE,FALSE,FALSE,FALSE,FALSE,FALSE,FALSE,FALSE,FALSE,hexacorallia,FALSE,FALSE,FALSE,TRUE
rock,mermaid,hard substrate,coralscapes_v2,none,none,none,none,none,none,FALSE,FALSE,FALSE,FALSE,FALSE,FALSE,FALSE,FALSE,FALSE,FALSE,FALSE,FALSE,FALSE,FALSE,FALSE,FALSE,FALSE,FALSE,FALSE,FALSE,FALSE,FALSE,FALSE,FALSE,FALSE,FALSE,FALSE,FALSE,FALSE,FALSE,FALSE,FALSE,FALSE,none,FALSE,FALSE,TRUE,FALSE
rubble,mermaid,rubble,coralscapes_v2,none,none,none,none,none,none,FALSE,FALSE,FALSE,FALSE,FALSE,FALSE,FALSE,FALSE,FALSE,FALSE,FALSE,FALSE,FALSE,FALSE,FALSE,FALSE,FALSE,FALSE,FALSE,FALSE,FALSE,FALSE,FALSE,FALSE,FALSE,FALSE,FALSE,FALSE,FALSE,FALSE,FALSE,FALSE,FALSE,none,FALSE,not_given,not_given,FALSE
rumphella,mermaid,,,animalia,cnidaria,malacalcyonacea,isididae,rumphella,not_given,not_given,not_given,not_given,not_given,not_given,not_given,not_given,not_given,not_given,not_given,not_given,not_given,not_given,not_given,not_given,not_given,not_given,not_given,not_given,not_given,not_given,not_given,not_given,not_given,FALSE,FALSE,FALSE,FALSE,FALSE,FALSE,FALSE,FALSE,FALSE,octocorallia,FALSE,FALSE,FALSE,TRUE
ruppia,mermaid,,,plantae,not_given,alismatales,ruppiaceae,ruppia,not_given,FALSE,FALSE,FALSE,FALSE,FALSE,FALSE,FALSE,FALSE,FALSE,FALSE,FALSE,FALSE,FALSE,FALSE,FALSE,FALSE,FALSE,FALSE,FALSE,FALSE,FALSE,FALSE,FALSE,FALSE,FALSE,FALSE,FALSE,FALSE,FALSE,FALSE,FALSE,FALSE,FALSE,not_given,FALSE,FALSE,FALSE,FALSE
ruppia maritima,mermaid,,,plantae,not_given,alismatales,ruppiaceae,ruppia,ruppia_maritima,FALSE,FALSE,FALSE,FALSE,FALSE,FALSE,FALSE,FALSE,FALSE,FALSE,FALSE,FALSE,FALSE,FALSE,FALSE,FALSE,FALSE,FALSE,FALSE,FALSE,FALSE,FALSE,FALSE,FALSE,FALSE,FALSE,FALSE,FALSE,FALSE,FALSE,FALSE,FALSE,FALSE,not_given,FALSE,FALSE,FALSE,FALSE
ruppiaceae,mermaid,,,plantae,not_given,alismatales,ruppiaceae,not_given,not_given,FALSE,FALSE,FALSE,FALSE,FALSE,FALSE,FALSE,FALSE,FALSE,FALSE,FALSE,FALSE,FALSE,FALSE,FALSE,FALSE,FALSE,FALSE,FALSE,FALSE,FALSE,FALSE,FALSE,FALSE,FALSE,FALSE,FALSE,FALSE,FALSE,FALSE,FALSE,FALSE,FALSE,not_given,FALSE,FALSE,FALSE,FALSE
sabellidae,mermaid,,,animalia,annelida,sabellida,sabellidae,not_given,not_given,FALSE,FALSE,FALSE,FALSE,FALSE,FALSE,FALSE,FALSE,FALSE,FALSE,FALSE,FALSE,FALSE,FALSE,FALSE,FALSE,FALSE,FALSE,FALSE,FALSE,FALSE,FALSE,FALSE,FALSE,FALSE,FALSE,FALSE,FALSE,FALSE,FALSE,FALSE,FALSE,FALSE,polychaeta,FALSE,FALSE,FALSE,TRUE
sand,mermaid,sand,coralscapes_v2,none,none,none,none,none,none,FALSE,FALSE,FALSE,FALSE,FALSE,FALSE,FALSE,FALSE,FALSE,FALSE,FALSE,FALSE,FALSE,FALSE,FALSE,FALSE,FALSE,FALSE,FALSE,FALSE,FALSE,FALSE,FALSE,FALSE,FALSE,FALSE,FALSE,FALSE,FALSE,FALSE,FALSE,FALSE,FALSE,none,FALSE,TRUE,FALSE,FALSE
sandalolitha,mermaid,,,animalia,cnidaria,scleractinia,fungiidae,sandalolitha,not_given,FALSE,FALSE,not_given,FALSE,not_given,not_given,not_given,not_given,not_given,not_given,FALSE,FALSE,not_given,FALSE,FALSE,not_given,FALSE,not_given,not_given,FALSE,FALSE,not_given,FALSE,FALSE,FALSE,FALSE,FALSE,FALSE,FALSE,FALSE,FALSE,FALSE,FALSE,hexacorallia,FALSE,FALSE,FALSE,TRUE
sandalolitha robusta,mermaid,,,animalia,cnidaria,scleractinia,fungiidae,sandalolitha,sandalolitha_robusta,TRUE,FALSE,not_given,TRUE,not_given,not_given,not_given,not_given,not_given,not_given,FALSE,FALSE,not_given,FALSE,FALSE,not_given,FALSE,not_given,not_given,FALSE,FALSE,not_given,FALSE,FALSE,FALSE,FALSE,FALSE,FALSE,FALSE,FALSE,FALSE,FALSE,FALSE,hexacorallia,FALSE,FALSE,FALSE,TRUE
sarcophytidae,mermaid,,,animalia,cnidaria,malacalcyonacea,sarcophytidae,not_given,not_given,not_given,not_given,not_given,not_given,not_given,not_given,not_given,not_given,not_given,not_given,not_given,not_given,not_given,not_given,not_given,not_given,not_given,not_given,not_given,not_given,not_given,not_given,not_given,not_given,FALSE,FALSE,FALSE,FALSE,FALSE,FALSE,FALSE,FALSE,FALSE,octocorallia,FALSE,FALSE,FALSE,TRUE
sarcophyton,mermaid,leather coral alive,coralscapes_v2,animalia,cnidaria,malacalcyonacea,sarcophytidae,sarcophyton,not_given,not_given,not_given,not_given,not_given,not_given,not_given,not_given,not_given,not_given,not_given,not_given,not_given,not_given,not_given,not_given,not_given,not_given,not_given,not_given,not_given,not_given,not_given,not_given,not_given,FALSE,FALSE,FALSE,FALSE,FALSE,FALSE,FALSE,FALSE,FALSE,octocorallia,FALSE,FALSE,FALSE,TRUE
sargassum,mermaid,,,not_given,ochrophyta,fucales,sargassaceae,sargassum,not_given,FALSE,FALSE,FALSE,FALSE,FALSE,FALSE,FALSE,FALSE,FALSE,FALSE,FALSE,FALSE,FALSE,FALSE,FALSE,FALSE,FALSE,FALSE,FALSE,FALSE,FALSE,FALSE,FALSE,FALSE,FALSE,TRUE,FALSE,not_given,FALSE,FALSE,FALSE,not_given,FALSE,phaeophyceae,FALSE,FALSE,FALSE,FALSE
sargassum fluitans,mermaid,,,not_given,ochrophyta,fucales,sargassaceae,sargassum,sargassum_fluitans,FALSE,FALSE,FALSE,FALSE,FALSE,FALSE,FALSE,FALSE,FALSE,FALSE,FALSE,FALSE,FALSE,FALSE,FALSE,FALSE,FALSE,FALSE,FALSE,FALSE,FALSE,FALSE,FALSE,FALSE,FALSE,TRUE,FALSE,not_given,FALSE,FALSE,FALSE,not_given,FALSE,phaeophyceae,FALSE,FALSE,FALSE,FALSE
sargassum hystrix,mermaid,,,not_given,ochrophyta,fucales,sargassaceae,sargassum,sargassum_hystrix,FALSE,FALSE,FALSE,FALSE,FALSE,FALSE,FALSE,FALSE,FALSE,FALSE,FALSE,FALSE,FALSE,FALSE,FALSE,FALSE,FALSE,FALSE,FALSE,FALSE,FALSE,FALSE,FALSE,FALSE,FALSE,TRUE,FALSE,not_given,FALSE,FALSE,FALSE,not_given,FALSE,phaeophyceae,FALSE,FALSE,FALSE,FALSE
schizothrix,mermaid,,,bacillati,cyanobacteriota,leptolyngbyales,schizotrichaceae,schizothrix,not_given,FALSE,FALSE,FALSE,FALSE,FALSE,FALSE,FALSE,FALSE,FALSE,FALSE,FALSE,FALSE,FALSE,FALSE,FALSE,FALSE,FALSE,FALSE,FALSE,FALSE,FALSE,FALSE,FALSE,FALSE,FALSE,FALSE,FALSE,FALSE,FALSE,FALSE,FALSE,FALSE,FALSE,cyanophyceae,FALSE,FALSE,FALSE,FALSE
scleractinia,mermaid,hard coral alive,coralscapes_v2,animalia,cnidaria,scleractinia,not_given,not_given,not_given,not_given,not_given,not_given,not_given,not_given,not_given,not_given,not_given,not_given,not_given,FALSE,FALSE,not_given,FALSE,not_given,not_given,FALSE,not_given,not_given,not_given,not_given,not_given,FALSE,not_given,FALSE,FALSE,FALSE,FALSE,FALSE,FALSE,FALSE,FALSE,FALSE,hexacorallia,FALSE,FALSE,FALSE,TRUE
scleronephthya,mermaid,,,animalia,cnidaria,malacalcyonacea,nephtheidae,scleronephthya,not_given,not_given,not_given,not_given,not_given,not_given,not_given,not_given,not_given,not_given,not_given,not_given,not_given,not_given,not_given,not_given,not_given,not_given,not_given,not_given,not_given,not_given,not_given,not_given,not_given,FALSE,FALSE,FALSE,FALSE,FALSE,FALSE,FALSE,FALSE,FALSE,octocorallia,FALSE,FALSE,FALSE,TRUE
sclerophyllia,mermaid,,,animalia,cnidaria,scleractinia,lobophylliidae,sclerophyllia,not_given,not_given,not_given,not_given,not_given,not_given,not_given,not_given,not_given,not_given,not_given,FALSE,FALSE,not_given,FALSE,not_given,not_given,FALSE,not_given,not_given,not_given,not_given,not_given,not_given,not_given,FALSE,FALSE,FALSE,FALSE,FALSE,FALSE,FALSE,FALSE,FALSE,hexacorallia,FALSE,FALSE,FALSE,TRUE
sclerophyllia maxima,mermaid,,,animalia,cnidaria,scleractinia,lobophylliidae,sclerophyllia,sclerophyllia_maxima,FALSE,FALSE,not_given,FALSE,TRUE,not_given,not_given,FALSE,FALSE,not_given,FALSE,FALSE,not_given,FALSE,FALSE,not_given,FALSE,TRUE,TRUE,FALSE,FALSE,not_given,not_given,FALSE,FALSE,FALSE,FALSE,FALSE,FALSE,FALSE,FALSE,FALSE,FALSE,hexacorallia,FALSE,FALSE,FALSE,TRUE
sclerophytum,mermaid,,,animalia,cnidaria,malacalcyonacea,sarcophytidae,sclerophytum,not_given,not_given,not_given,not_given,not_given,not_given,not_given,not_given,not_given,not_given,not_given,not_given,not_given,not_given,not_given,not_given,not_given,not_given,not_given,not_given,not_given,not_given,not_given,not_given,not_given,FALSE,FALSE,FALSE,FALSE,FALSE,FALSE,FALSE,FALSE,FALSE,octocorallia,FALSE,FALSE,FALSE,TRUE
scolymia,mermaid,,,animalia,cnidaria,scleractinia,mussidae,scolymia,not_given,not_given,not_given,not_given,not_given,not_given,not_given,not_given,not_given,not_given,not_given,FALSE,FALSE,not_given,FALSE,not_given,not_given,FALSE,not_given,not_given,not_given,not_given,not_given,FALSE,not_given,FALSE,FALSE,FALSE,FALSE,FALSE,FALSE,FALSE,FALSE,FALSE,hexacorallia,FALSE,FALSE,FALSE,TRUE
scolymia cubensis,mermaid,,,animalia,cnidaria,scleractinia,mussidae,scolymia,scolymia_cubensis,FALSE,FALSE,not_given,FALSE,not_given,not_given,not_given,FALSE,FALSE,not_given,TRUE,FALSE,not_given,FALSE,FALSE,not_given,FALSE,TRUE,not_given,FALSE,FALSE,not_given,not_given,FALSE,FALSE,FALSE,FALSE,FALSE,FALSE,FALSE,FALSE,FALSE,FALSE,hexacorallia,FALSE,FALSE,FALSE,TRUE
scolymia lacera,mermaid,,,animalia,cnidaria,scleractinia,mussidae,scolymia,scolymia_lacera,FALSE,FALSE,not_given,FALSE,not_given,not_given,not_given,FALSE,FALSE,not_given,TRUE,FALSE,not_given,FALSE,FALSE,not_given,FALSE,TRUE,not_given,FALSE,FALSE,not_given,not_given,FALSE,FALSE,FALSE,FALSE,FALSE,FALSE,FALSE,FALSE,FALSE,FALSE,hexacorallia,FALSE,FALSE,FALSE,TRUE
scolymia wellsii,mermaid,,,animalia,cnidaria,scleractinia,mussidae,scolymia,scolymia_wellsii,FALSE,FALSE,not_given,FALSE,not_given,not_given,not_given,FALSE,FALSE,not_given,TRUE,FALSE,not_given,FALSE,FALSE,not_given,FALSE,TRUE,not_given,FALSE,FALSE,not_given,not_given,FALSE,FALSE,FALSE,FALSE,FALSE,FALSE,FALSE,FALSE,FALSE,FALSE,hexacorallia,FALSE,FALSE,FALSE,TRUE
sea cucumber,mermaid,sea cucumber,coralscapes_v2,animalia,echinodermata,not_given,not_given,not_given,not_given,FALSE,FALSE,FALSE,FALSE,FALSE,FALSE,FALSE,FALSE,FALSE,FALSE,FALSE,FALSE,FALSE,FALSE,FALSE,FALSE,FALSE,FALSE,FALSE,FALSE,FALSE,FALSE,FALSE,FALSE,FALSE,FALSE,FALSE,FALSE,FALSE,FALSE,FALSE,FALSE,FALSE,holothuroidea,FALSE,FALSE,FALSE,TRUE
sea urchin,mermaid,sea urchin,coralscapes_v2,animalia,echinodermata,not_given,not_given,not_given,not_given,FALSE,FALSE,FALSE,FALSE,FALSE,FALSE,FALSE,FALSE,FALSE,FALSE,FALSE,FALSE,FALSE,FALSE,FALSE,FALSE,FALSE,FALSE,FALSE,FALSE,FALSE,FALSE,FALSE,FALSE,FALSE,FALSE,FALSE,FALSE,FALSE,FALSE,FALSE,FALSE,FALSE,echinoidea,FALSE,FALSE,FALSE,TRUE
seagrass,mermaid,seagrass,coralscapes_v2,plantae,not_given,alismatales,not_given,not_given,not_given,FALSE,FALSE,FALSE,FALSE,FALSE,FALSE,FALSE,FALSE,FALSE,FALSE,FALSE,FALSE,FALSE,FALSE,FALSE,FALSE,FALSE,FALSE,FALSE,FALSE,FALSE,FALSE,FALSE,FALSE,FALSE,FALSE,FALSE,FALSE,FALSE,FALSE,FALSE,FALSE,FALSE,not_given,FALSE,FALSE,FALSE,FALSE
seriatopora,mermaid,seriatopora alive,coralscapes_v2,animalia,cnidaria,scleractinia,pocilloporidae,seriatopora,not_given,FALSE,FALSE,FALSE,FALSE,FALSE,FALSE,FALSE,not_given,FALSE,FALSE,FALSE,FALSE,FALSE,FALSE,TRUE,FALSE,FALSE,FALSE,FALSE,not_given,not_given,FALSE,FALSE,FALSE,FALSE,FALSE,FALSE,FALSE,FALSE,FALSE,FALSE,FALSE,FALSE,hexacorallia,FALSE,FALSE,FALSE,TRUE
seriatopora hystrix,mermaid,,,animalia,cnidaria,scleractinia,pocilloporidae,seriatopora,seriatopora_hystrix,FALSE,FALSE,FALSE,FALSE,FALSE,FALSE,FALSE,not_given,FALSE,FALSE,FALSE,FALSE,FALSE,FALSE,TRUE,FALSE,FALSE,FALSE,FALSE,not_given,not_given,FALSE,FALSE,FALSE,FALSE,FALSE,FALSE,FALSE,FALSE,FALSE,FALSE,FALSE,FALSE,hexacorallia,FALSE,FALSE,FALSE,TRUE
serpulidae,mermaid,,,animalia,annelida,sabellida,serpulidae,not_given,not_given,FALSE,FALSE,FALSE,FALSE,FALSE,FALSE,FALSE,FALSE,FALSE,FALSE,FALSE,FALSE,FALSE,FALSE,FALSE,FALSE,FALSE,FALSE,FALSE,FALSE,FALSE,FALSE,FALSE,FALSE,FALSE,FALSE,FALSE,FALSE,FALSE,FALSE,FALSE,FALSE,FALSE,polychaeta,FALSE,FALSE,FALSE,TRUE
siderastrea,mermaid,,,animalia,cnidaria,scleractinia,siderastreidae,siderastrea,not_given,not_given,not_given,not_given,not_given,not_given,not_given,not_given,not_given,not_given,not_given,FALSE,FALSE,not_given,FALSE,not_given,not_given,FALSE,not_given,not_given,not_given,not_given,not_given,FALSE,not_given,FALSE,FALSE,FALSE,FALSE,FALSE,FALSE,FALSE,FALSE,FALSE,hexacorallia,FALSE,FALSE,FALSE,TRUE
siderastrea radians,mermaid,,,animalia,cnidaria,scleractinia,siderastreidae,siderastrea,siderastrea_radians,not_given,not_given,not_given,not_given,TRUE,not_given,not_given,not_given,not_given,not_given,FALSE,FALSE,TRUE,FALSE,not_given,not_given,FALSE,not_given,not_given,not_given,not_given,not_given,FALSE,not_given,FALSE,FALSE,FALSE,FALSE,FALSE,FALSE,FALSE,FALSE,FALSE,hexacorallia,FALSE,FALSE,FALSE,TRUE
siderastrea savignyana,mermaid,,,animalia,cnidaria,scleractinia,siderastreidae,siderastrea,siderastrea_savignyana,FALSE,FALSE,not_given,FALSE,TRUE,not_given,TRUE,not_given,not_given,not_given,FALSE,FALSE,TRUE,FALSE,FALSE,not_given,FALSE,not_given,not_given,FALSE,FALSE,not_given,FALSE,FALSE,FALSE,FALSE,FALSE,FALSE,FALSE,FALSE,FALSE,FALSE,FALSE,hexacorallia,FALSE,FALSE,FALSE,TRUE
siderastrea siderea,mermaid,,,animalia,cnidaria,scleractinia,siderastreidae,siderastrea,siderastrea_siderea,FALSE,FALSE,not_given,FALSE,TRUE,not_given,TRUE,not_given,not_given,not_given,FALSE,FALSE,TRUE,FALSE,FALSE,not_given,FALSE,not_given,not_given,FALSE,FALSE,not_given,FALSE,FALSE,FALSE,FALSE,FALSE,FALSE,FALSE,FALSE,FALSE,FALSE,FALSE,hexacorallia,FALSE,FALSE,FALSE,TRUE
siderastrea stellata,mermaid,,,animalia,cnidaria,scleractinia,siderastreidae,siderastrea,siderastrea_stellata,not_given,not_given,not_given,not_given,TRUE,not_given,not_given,not_given,not_given,not_given,FALSE,FALSE,TRUE,FALSE,not_given,not_given,FALSE,not_given,not_given,not_given,not_given,not_given,FALSE,not_given,FALSE,FALSE,FALSE,FALSE,FALSE,FALSE,FALSE,FALSE,FALSE,hexacorallia,FALSE,FALSE,FALSE,TRUE
siderastreidae,mermaid,,,animalia,cnidaria,scleractinia,siderastreidae,not_given,not_given,not_given,not_given,not_given,not_given,not_given,not_given,not_given,not_given,not_given,not_given,FALSE,FALSE,not_given,FALSE,not_given,not_given,FALSE,not_given,not_given,not_given,not_given,not_given,FALSE,not_given,FALSE,FALSE,FALSE,FALSE,FALSE,FALSE,FALSE,FALSE,FALSE,hexacorallia,FALSE,FALSE,FALSE,TRUE
silt,mermaid,sand,coralscapes_v2,none,none,none,none,none,none,FALSE,FALSE,FALSE,FALSE,FALSE,FALSE,FALSE,FALSE,FALSE,FALSE,FALSE,FALSE,FALSE,FALSE,FALSE,FALSE,FALSE,FALSE,FALSE,FALSE,FALSE,FALSE,FALSE,FALSE,FALSE,FALSE,FALSE,FALSE,FALSE,FALSE,FALSE,FALSE,FALSE,none,FALSE,TRUE,FALSE,FALSE
simplastrea,mermaid,,,animalia,cnidaria,scleractinia,euphylliidae,simplastrea,not_given,FALSE,FALSE,not_given,FALSE,not_given,not_given,TRUE,not_given,not_given,not_given,FALSE,FALSE,not_given,FALSE,FALSE,not_given,FALSE,not_given,not_given,FALSE,FALSE,not_given,FALSE,FALSE,FALSE,FALSE,FALSE,FALSE,FALSE,FALSE,FALSE,FALSE,FALSE,hexacorallia,FALSE,FALSE,FALSE,TRUE
sinularia,mermaid,,,animalia,cnidaria,malacalcyonacea,alcyoniidae,sinularia,not_given,not_given,not_given,not_given,not_given,not_given,not_given,not_given,not_given,not_given,not_given,not_given,not_given,not_given,not_given,not_given,not_given,not_given,not_given,not_given,not_given,not_given,not_given,not_given,not_given,FALSE,FALSE,FALSE,FALSE,FALSE,FALSE,FALSE,FALSE,FALSE,octocorallia,FALSE,FALSE,FALSE,TRUE
soft coral,mermaid,soft coral (malacalcyonacea) alive,coralscapes_v2,animalia,cnidaria,malacalcyonacea,not_given,not_given,not_given,not_given,not_given,not_given,not_given,not_given,not_given,not_given,not_given,not_given,not_given,not_given,not_given,not_given,not_given,not_given,not_given,not_given,not_given,not_given,not_given,not_given,not_given,not_given,not_given,FALSE,FALSE,FALSE,FALSE,FALSE,FALSE,FALSE,FALSE,FALSE,octocorallia,FALSE,FALSE,FALSE,TRUE
solenastrea,mermaid,,,animalia,cnidaria,scleractinia,faviidae,solenastrea,not_given,not_given,not_given,not_given,not_given,not_given,not_given,not_given,not_given,not_given,not_given,FALSE,FALSE,not_given,FALSE,not_given,not_given,FALSE,not_given,not_given,not_given,not_given,not_given,FALSE,not_given,FALSE,FALSE,FALSE,FALSE,FALSE,FALSE,FALSE,FALSE,FALSE,hexacorallia,FALSE,FALSE,FALSE,TRUE
solenastrea bournoni,mermaid,,,animalia,cnidaria,scleractinia,faviidae,solenastrea,solenastrea_bournoni,not_given,not_given,not_given,not_given,TRUE,not_given,not_given,not_given,not_given,not_given,FALSE,FALSE,TRUE,FALSE,not_given,not_given,FALSE,not_given,not_given,not_given,not_given,not_given,FALSE,not_given,FALSE,FALSE,FALSE,FALSE,FALSE,FALSE,FALSE,FALSE,FALSE,hexacorallia,FALSE,FALSE,FALSE,TRUE
solenastrea hyades,mermaid,,,animalia,cnidaria,scleractinia,faviidae,solenastrea,solenastrea_hyades,not_given,not_given,not_given,not_given,TRUE,not_given,not_given,not_given,not_given,TRUE,FALSE,FALSE,TRUE,FALSE,not_given,not_given,FALSE,not_given,not_given,not_given,not_given,not_given,FALSE,not_given,FALSE,FALSE,FALSE,FALSE,FALSE,FALSE,FALSE,FALSE,FALSE,hexacorallia,FALSE,FALSE,FALSE,TRUE
sphenopidae,mermaid,,,animalia,cnidaria,zoantharia,sphenopidae,not_given,not_given,not_given,not_given,not_given,not_given,not_given,not_given,not_given,not_given,not_given,not_given,not_given,not_given,not_given,not_given,not_given,not_given,not_given,not_given,not_given,not_given,not_given,not_given,not_given,not_given,FALSE,FALSE,FALSE,FALSE,FALSE,FALSE,FALSE,FALSE,FALSE,hexacorallia,FALSE,FALSE,FALSE,TRUE
spirobranchus giganteus,mermaid,,,animalia,annelida,sabellida,serpulidae,spirobranchus,spirobranchus_giganteus,FALSE,FALSE,FALSE,FALSE,FALSE,FALSE,FALSE,FALSE,FALSE,FALSE,FALSE,FALSE,FALSE,FALSE,FALSE,FALSE,FALSE,FALSE,FALSE,FALSE,FALSE,FALSE,FALSE,FALSE,FALSE,FALSE,FALSE,FALSE,FALSE,FALSE,FALSE,FALSE,FALSE,polychaeta,FALSE,FALSE,FALSE,TRUE
sponge,mermaid,sponge,coralscapes_v2,animalia,porifera,not_given,not_given,not_given,not_given,FALSE,FALSE,FALSE,FALSE,FALSE,FALSE,FALSE,FALSE,FALSE,FALSE,FALSE,FALSE,FALSE,FALSE,FALSE,FALSE,FALSE,FALSE,FALSE,FALSE,FALSE,FALSE,FALSE,FALSE,FALSE,FALSE,FALSE,FALSE,FALSE,FALSE,FALSE,FALSE,FALSE,not_given,FALSE,FALSE,FALSE,TRUE
spyridia,mermaid,,,plantae,rhodophyta,ceramiales,callithamniaceae,spyridia,not_given,FALSE,FALSE,FALSE,FALSE,FALSE,FALSE,FALSE,FALSE,FALSE,FALSE,FALSE,FALSE,FALSE,FALSE,FALSE,FALSE,FALSE,FALSE,FALSE,FALSE,FALSE,FALSE,FALSE,FALSE,FALSE,TRUE,FALSE,FALSE,FALSE,FALSE,FALSE,FALSE,FALSE,florideophyceae,FALSE,FALSE,FALSE,FALSE
spyridia filamentosa,mermaid,,,plantae,rhodophyta,ceramiales,callithamniaceae,spyridia,spyridia_filamentosa,FALSE,FALSE,FALSE,FALSE,FALSE,FALSE,FALSE,FALSE,FALSE,FALSE,FALSE,FALSE,FALSE,FALSE,FALSE,FALSE,FALSE,FALSE,FALSE,FALSE,FALSE,FALSE,FALSE,FALSE,FALSE,TRUE,FALSE,FALSE,FALSE,FALSE,FALSE,FALSE,FALSE,florideophyceae,FALSE,FALSE,FALSE,FALSE
stephanocoenia intersepta,mermaid,,,animalia,cnidaria,scleractinia,astrocoeniidae,stephanocoenia,stephanocoenia_intersepta,not_given,not_given,not_given,not_given,TRUE,not_given,not_given,not_given,not_given,not_given,FALSE,FALSE,TRUE,FALSE,not_given,not_given,FALSE,not_given,not_given,not_given,not_given,not_given,FALSE,not_given,FALSE,FALSE,FALSE,FALSE,FALSE,FALSE,FALSE,FALSE,FALSE,hexacorallia,FALSE,FALSE,FALSE,TRUE
stephanometra indica,mermaid,,,animalia,echinodermata,comatulida,mariametridae,stephanometra,stephanometra_indica,FALSE,FALSE,FALSE,FALSE,FALSE,FALSE,FALSE,FALSE,FALSE,FALSE,FALSE,FALSE,FALSE,FALSE,FALSE,FALSE,FALSE,FALSE,FALSE,FALSE,FALSE,FALSE,FALSE,FALSE,FALSE,FALSE,FALSE,FALSE,FALSE,FALSE,FALSE,FALSE,FALSE,crinoidea,FALSE,FALSE,FALSE,TRUE
stereonephthya,mermaid,,,animalia,cnidaria,malacalcyonacea,nephtheidae,stereonephthya,not_given,not_given,not_given,not_given,not_given,not_given,not_given,not_given,not_given,not_given,not_given,not_given,not_given,not_given,not_given,not_given,not_given,not_given,not_given,not_given,not_given,not_given,not_given,not_given,not_given,FALSE,FALSE,FALSE,FALSE,FALSE,FALSE,FALSE,FALSE,FALSE,octocorallia,FALSE,FALSE,FALSE,TRUE
stichaster australis,mermaid,,,animalia,echinodermata,forcipulatida,stichasteridae,stichaster,stichaster_australis,FALSE,FALSE,FALSE,FALSE,FALSE,FALSE,FALSE,FALSE,FALSE,FALSE,FALSE,FALSE,FALSE,FALSE,FALSE,FALSE,FALSE,FALSE,FALSE,FALSE,FALSE,FALSE,FALSE,FALSE,FALSE,FALSE,FALSE,FALSE,FALSE,FALSE,FALSE,FALSE,FALSE,asteroidea,FALSE,FALSE,FALSE,TRUE
stichodactyla,mermaid,,,animalia,cnidaria,actiniaria,stichodactylidae,stichodactyla,not_given,not_given,not_given,not_given,not_given,not_given,not_given,not_given,not_given,not_given,not_given,not_given,not_given,not_given,not_given,not_given,not_given,not_given,not_given,not_given,not_given,not_given,not_given,not_given,not_given,FALSE,FALSE,FALSE,FALSE,FALSE,FALSE,FALSE,FALSE,FALSE,hexacorallia,FALSE,FALSE,FALSE,TRUE
stichodactylidae,mermaid,,,animalia,cnidaria,actiniaria,stichodactylidae,not_given,not_given,not_given,not_given,not_given,not_given,not_given,not_given,not_given,not_given,not_given,not_given,not_given,not_given,not_given,not_given,not_given,not_given,not_given,not_given,not_given,not_given,not_given,not_given,not_given,not_given,FALSE,FALSE,FALSE,FALSE,FALSE,FALSE,FALSE,FALSE,FALSE,hexacorallia,FALSE,FALSE,FALSE,TRUE
styelidae,mermaid,,,animalia,chordata,stolidobranchia,styelidae,not_given,not_given,FALSE,FALSE,FALSE,FALSE,FALSE,FALSE,FALSE,FALSE,FALSE,FALSE,FALSE,FALSE,FALSE,FALSE,FALSE,FALSE,FALSE,FALSE,FALSE,FALSE,FALSE,FALSE,FALSE,FALSE,FALSE,FALSE,FALSE,FALSE,FALSE,FALSE,FALSE,FALSE,FALSE,ascidiacea,FALSE,FALSE,FALSE,TRUE
stylaraea,mermaid,,,animalia,cnidaria,scleractinia,poritidae,stylaraea,not_given,FALSE,FALSE,not_given,FALSE,not_given,not_given,TRUE,not_given,not_given,not_given,FALSE,FALSE,TRUE,FALSE,FALSE,not_given,FALSE,not_given,not_given,FALSE,FALSE,not_given,FALSE,FALSE,FALSE,FALSE,FALSE,FALSE,FALSE,FALSE,FALSE,FALSE,FALSE,hexacorallia,FALSE,FALSE,FALSE,TRUE
stylaster,mermaid,,,animalia,cnidaria,anthoathecata,stylasteridae,stylaster,not_given,not_given,not_given,not_given,not_given,not_given,not_given,not_given,not_given,not_given,not_given,not_given,not_given,not_given,not_given,not_given,not_given,not_given,not_given,not_given,not_given,not_given,not_given,not_given,not_given,FALSE,FALSE,FALSE,FALSE,FALSE,FALSE,FALSE,FALSE,FALSE,hydrozoa,FALSE,FALSE,FALSE,TRUE
stylasteridae,mermaid,,,animalia,cnidaria,anthoathecata,stylasteridae,not_given,not_given,not_given,not_given,not_given,not_given,not_given,not_given,not_given,not_given,not_given,not_given,not_given,not_given,not_given,not_given,not_given,not_given,not_given,not_given,not_given,not_given,not_given,not_given,not_given,not_given,FALSE,FALSE,FALSE,FALSE,FALSE,FALSE,FALSE,FALSE,FALSE,hydrozoa,FALSE,FALSE,FALSE,TRUE
stylocoeniella,mermaid,,,animalia,cnidaria,scleractinia,astrocoeniidae,stylocoeniella,not_given,FALSE,FALSE,not_given,FALSE,not_given,not_given,TRUE,not_given,not_given,not_given,FALSE,FALSE,not_given,FALSE,FALSE,not_given,FALSE,not_given,not_given,FALSE,FALSE,not_given,FALSE,FALSE,FALSE,FALSE,FALSE,FALSE,FALSE,FALSE,FALSE,FALSE,FALSE,hexacorallia,FALSE,FALSE,FALSE,TRUE
stylophora,mermaid,stylophora alive,coralscapes_v2,animalia,cnidaria,scleractinia,pocilloporidae,stylophora,not_given,not_given,FALSE,not_given,not_given,FALSE,not_given,FALSE,not_given,FALSE,FALSE,FALSE,FALSE,FALSE,FALSE,TRUE,FALSE,FALSE,FALSE,not_given,not_given,not_given,not_given,FALSE,FALSE,FALSE,FALSE,FALSE,FALSE,FALSE,FALSE,FALSE,FALSE,FALSE,hexacorallia,FALSE,FALSE,FALSE,TRUE
stylophora pistillata,mermaid,,,animalia,cnidaria,scleractinia,pocilloporidae,stylophora,stylophora_pistillata,not_given,FALSE,FALSE,not_given,FALSE,not_given,FALSE,not_given,FALSE,FALSE,FALSE,FALSE,TRUE,FALSE,TRUE,FALSE,FALSE,FALSE,not_given,not_given,not_given,not_given,FALSE,FALSE,FALSE,FALSE,FALSE,FALSE,FALSE,FALSE,FALSE,FALSE,FALSE,hexacorallia,FALSE,FALSE,FALSE,TRUE
stypopodium,mermaid,,,not_given,ochrophyta,dictyotales,dictyotaceae,stypopodium,not_given,FALSE,FALSE,FALSE,FALSE,FALSE,FALSE,FALSE,FALSE,FALSE,FALSE,FALSE,FALSE,FALSE,FALSE,FALSE,FALSE,FALSE,FALSE,FALSE,FALSE,FALSE,FALSE,FALSE,FALSE,FALSE,TRUE,FALSE,not_given,FALSE,FALSE,FALSE,FALSE,FALSE,phaeophyceae,FALSE,FALSE,FALSE,FALSE
subergorgiidae,mermaid,,,animalia,cnidaria,malacalcyonacea,subergorgiidae,not_given,not_given,not_given,not_given,not_given,not_given,not_given,not_given,not_given,not_given,not_given,not_given,not_given,not_given,not_given,not_given,not_given,not_given,not_given,not_given,not_given,not_given,not_given,not_given,not_given,not_given,FALSE,FALSE,FALSE,FALSE,FALSE,FALSE,FALSE,FALSE,FALSE,octocorallia,FALSE,FALSE,FALSE,TRUE
svenzea zeai,mermaid,,,animalia,porifera,scopalinida,scopalinidae,svenzea,svenzea_zeai,FALSE,FALSE,FALSE,FALSE,FALSE,FALSE,FALSE,FALSE,FALSE,FALSE,FALSE,FALSE,FALSE,FALSE,FALSE,FALSE,FALSE,FALSE,FALSE,FALSE,FALSE,FALSE,FALSE,FALSE,FALSE,FALSE,FALSE,FALSE,FALSE,FALSE,FALSE,FALSE,FALSE,demospongiae,FALSE,FALSE,FALSE,TRUE
symphyllia,mermaid,,,animalia,cnidaria,scleractinia,lobophylliidae,symphyllia,not_given,FALSE,FALSE,TRUE,FALSE,TRUE,not_given,not_given,FALSE,FALSE,not_given,FALSE,FALSE,TRUE,FALSE,FALSE,not_given,FALSE,TRUE,TRUE,FALSE,FALSE,not_given,not_given,FALSE,FALSE,FALSE,FALSE,FALSE,FALSE,FALSE,FALSE,FALSE,FALSE,hexacorallia,FALSE,FALSE,FALSE,TRUE
synarea,mermaid,porites,mermaid,animalia,cnidaria,scleractinia,poritidae,porites,not_given,FALSE,not_given,not_given,FALSE,not_given,FALSE,not_given,not_given,not_given,not_given,FALSE,FALSE,not_given,FALSE,not_given,not_given,FALSE,not_given,FALSE,FALSE,not_given,FALSE,FALSE,not_given,FALSE,FALSE,FALSE,FALSE,FALSE,FALSE,FALSE,FALSE,FALSE,hexacorallia,FALSE,FALSE,FALSE,TRUE
syringodium,mermaid,,,plantae,not_given,alismatales,cymodoceaceae,syringodium,not_given,FALSE,FALSE,FALSE,FALSE,FALSE,FALSE,FALSE,FALSE,FALSE,FALSE,FALSE,FALSE,FALSE,FALSE,FALSE,FALSE,FALSE,FALSE,FALSE,FALSE,FALSE,FALSE,FALSE,FALSE,FALSE,FALSE,FALSE,FALSE,FALSE,FALSE,FALSE,FALSE,FALSE,not_given,FALSE,FALSE,FALSE,FALSE
syringodium filiforme,mermaid,,,plantae,not_given,alismatales,cymodoceaceae,syringodium,syringodium_filiforme,FALSE,FALSE,FALSE,FALSE,FALSE,FALSE,FALSE,FALSE,FALSE,FALSE,FALSE,FALSE,FALSE,FALSE,FALSE,FALSE,FALSE,FALSE,FALSE,FALSE,FALSE,FALSE,FALSE,FALSE,FALSE,FALSE,FALSE,FALSE,FALSE,FALSE,FALSE,FALSE,FALSE,not_given,FALSE,FALSE,FALSE,FALSE
syringodium isoetifolium,mermaid,,,plantae,not_given,alismatales,cymodoceaceae,syringodium,syringodium_isoetifolium,FALSE,FALSE,FALSE,FALSE,FALSE,FALSE,FALSE,FALSE,FALSE,FALSE,FALSE,FALSE,FALSE,FALSE,FALSE,FALSE,FALSE,FALSE,FALSE,FALSE,FALSE,FALSE,FALSE,FALSE,FALSE,FALSE,FALSE,FALSE,FALSE,FALSE,FALSE,FALSE,FALSE,not_given,FALSE,FALSE,FALSE,FALSE
tape,mermaid,transect line,coralscapes_v2,none,none,none,none,none,none,FALSE,FALSE,FALSE,FALSE,FALSE,FALSE,FALSE,FALSE,FALSE,FALSE,FALSE,FALSE,FALSE,FALSE,FALSE,FALSE,FALSE,FALSE,FALSE,FALSE,FALSE,FALSE,FALSE,FALSE,FALSE,FALSE,FALSE,TRUE,FALSE,TRUE,TRUE,FALSE,FALSE,none,FALSE,FALSE,FALSE,FALSE
thalassia,mermaid,,,plantae,not_given,alismatales,hydrocharitaceae,thalassia,not_given,FALSE,FALSE,FALSE,FALSE,FALSE,FALSE,FALSE,FALSE,FALSE,FALSE,FALSE,FALSE,FALSE,FALSE,FALSE,FALSE,FALSE,FALSE,FALSE,FALSE,FALSE,FALSE,FALSE,FALSE,FALSE,FALSE,FALSE,FALSE,FALSE,FALSE,FALSE,FALSE,FALSE,not_given,FALSE,FALSE,FALSE,FALSE
thalassia hemprichii,mermaid,,,plantae,not_given,alismatales,hydrocharitaceae,thalassia,thalassia_hemprichii,FALSE,FALSE,FALSE,FALSE,FALSE,FALSE,FALSE,FALSE,FALSE,FALSE,FALSE,FALSE,FALSE,FALSE,FALSE,FALSE,FALSE,FALSE,FALSE,FALSE,FALSE,FALSE,FALSE,FALSE,FALSE,FALSE,FALSE,FALSE,FALSE,FALSE,FALSE,FALSE,FALSE,not_given,FALSE,FALSE,FALSE,FALSE
thalassia testudinum,mermaid,,,plantae,not_given,alismatales,hydrocharitaceae,thalassia,thalassia_testudinum,FALSE,FALSE,FALSE,FALSE,FALSE,FALSE,FALSE,FALSE,FALSE,FALSE,FALSE,FALSE,FALSE,FALSE,FALSE,FALSE,FALSE,FALSE,FALSE,FALSE,FALSE,FALSE,FALSE,FALSE,FALSE,FALSE,FALSE,FALSE,FALSE,FALSE,FALSE,FALSE,FALSE,not_given,FALSE,FALSE,FALSE,FALSE
thalassodendron,mermaid,,,plantae,not_given,alismatales,cymodoceaceae,thalassodendron,not_given,FALSE,FALSE,FALSE,FALSE,FALSE,FALSE,FALSE,FALSE,FALSE,FALSE,FALSE,FALSE,FALSE,FALSE,FALSE,FALSE,FALSE,FALSE,FALSE,FALSE,FALSE,FALSE,FALSE,FALSE,FALSE,FALSE,FALSE,FALSE,FALSE,FALSE,FALSE,FALSE,FALSE,not_given,FALSE,FALSE,FALSE,FALSE
thalassodendron ciliatum,mermaid,,,plantae,not_given,alismatales,cymodoceaceae,thalassodendron,thalassodendron_ciliatum,FALSE,FALSE,FALSE,FALSE,FALSE,FALSE,FALSE,FALSE,FALSE,FALSE,FALSE,FALSE,FALSE,FALSE,FALSE,FALSE,FALSE,FALSE,FALSE,FALSE,FALSE,FALSE,FALSE,FALSE,FALSE,FALSE,FALSE,FALSE,FALSE,FALSE,FALSE,FALSE,FALSE,not_given,FALSE,FALSE,FALSE,FALSE
tire,mermaid,,,none,none,none,none,none,none,FALSE,FALSE,FALSE,FALSE,FALSE,FALSE,FALSE,FALSE,FALSE,FALSE,FALSE,FALSE,FALSE,FALSE,FALSE,FALSE,FALSE,FALSE,FALSE,FALSE,FALSE,FALSE,FALSE,FALSE,FALSE,FALSE,FALSE,TRUE,TRUE,FALSE,FALSE,FALSE,FALSE,none,FALSE,FALSE,FALSE,FALSE
titanoderma,mermaid,,,plantae,rhodophyta,corallinales,lithophyllaceae,titanoderma,not_given,FALSE,FALSE,FALSE,FALSE,FALSE,FALSE,FALSE,FALSE,FALSE,FALSE,FALSE,FALSE,FALSE,FALSE,FALSE,FALSE,FALSE,FALSE,FALSE,FALSE,FALSE,FALSE,FALSE,FALSE,FALSE,TRUE,FALSE,FALSE,FALSE,FALSE,FALSE,FALSE,FALSE,florideophyceae,FALSE,FALSE,FALSE,FALSE
trachyphyllia,mermaid,,,animalia,cnidaria,scleractinia,merulinidae,trachyphyllia,not_given,FALSE,FALSE,not_given,FALSE,not_given,not_given,not_given,FALSE,FALSE,not_given,FALSE,FALSE,TRUE,FALSE,FALSE,not_given,FALSE,TRUE,not_given,FALSE,FALSE,TRUE,not_given,FALSE,FALSE,FALSE,FALSE,FALSE,FALSE,FALSE,FALSE,FALSE,FALSE,hexacorallia,FALSE,FALSE,FALSE,TRUE
trash,mermaid,trash,coralscapes_v2,none,none,none,none,none,none,FALSE,FALSE,FALSE,FALSE,FALSE,FALSE,FALSE,FALSE,FALSE,FALSE,FALSE,FALSE,FALSE,FALSE,FALSE,FALSE,FALSE,FALSE,FALSE,FALSE,FALSE,FALSE,FALSE,FALSE,FALSE,FALSE,FALSE,TRUE,TRUE,FALSE,FALSE,FALSE,FALSE,none,FALSE,FALSE,FALSE,FALSE
tridacna,mermaid,giant clam,coralscapes_v2,animalia,mollusca,cardiida,cardiidae,tridacna,not_given,FALSE,FALSE,FALSE,FALSE,FALSE,FALSE,FALSE,FALSE,FALSE,FALSE,FALSE,FALSE,FALSE,FALSE,FALSE,FALSE,FALSE,FALSE,FALSE,FALSE,FALSE,FALSE,FALSE,FALSE,FALSE,FALSE,FALSE,FALSE,FALSE,FALSE,FALSE,FALSE,FALSE,bivalvia,FALSE,FALSE,FALSE,TRUE
tridacna giant clam,mermaid,giant clam,coralscapes_v2,animalia,mollusca,cardiida,cardiidae,tridacna,not_given,FALSE,FALSE,FALSE,FALSE,FALSE,FALSE,FALSE,FALSE,FALSE,FALSE,FALSE,FALSE,FALSE,FALSE,FALSE,FALSE,FALSE,FALSE,FALSE,FALSE,FALSE,FALSE,FALSE,FALSE,FALSE,FALSE,FALSE,FALSE,FALSE,FALSE,FALSE,FALSE,FALSE,bivalvia,FALSE,FALSE,FALSE,TRUE
tridacna gigas,mermaid,,,animalia,mollusca,cardiida,cardiidae,tridacna,tridacna_gigas,FALSE,FALSE,FALSE,FALSE,FALSE,FALSE,FALSE,FALSE,FALSE,FALSE,FALSE,FALSE,FALSE,FALSE,FALSE,FALSE,FALSE,FALSE,FALSE,FALSE,FALSE,FALSE,FALSE,FALSE,FALSE,FALSE,FALSE,FALSE,FALSE,FALSE,FALSE,FALSE,FALSE,bivalvia,FALSE,FALSE,FALSE,TRUE
tridacna maxima,mermaid,,,animalia,mollusca,cardiida,cardiidae,tridacna,tridacna_maxima,FALSE,FALSE,FALSE,FALSE,FALSE,FALSE,FALSE,FALSE,FALSE,FALSE,FALSE,FALSE,FALSE,FALSE,FALSE,FALSE,FALSE,FALSE,FALSE,FALSE,FALSE,FALSE,FALSE,FALSE,FALSE,FALSE,FALSE,FALSE,FALSE,FALSE,FALSE,FALSE,FALSE,bivalvia,FALSE,FALSE,FALSE,TRUE
tridacna squamosa,mermaid,,,animalia,mollusca,cardiida,cardiidae,tridacna,tridacna_squamosa,FALSE,FALSE,FALSE,FALSE,FALSE,FALSE,FALSE,FALSE,FALSE,FALSE,FALSE,FALSE,FALSE,FALSE,FALSE,FALSE,FALSE,FALSE,FALSE,FALSE,FALSE,FALSE,FALSE,FALSE,FALSE,FALSE,FALSE,FALSE,FALSE,FALSE,FALSE,FALSE,FALSE,bivalvia,FALSE,FALSE,FALSE,TRUE
trididemnum solidum,mermaid,,,animalia,chordata,aplousobranchia,didemnidae,trididemnum,trididemnum_solidum,FALSE,FALSE,FALSE,FALSE,FALSE,FALSE,FALSE,FALSE,FALSE,FALSE,FALSE,FALSE,FALSE,FALSE,FALSE,FALSE,FALSE,FALSE,FALSE,FALSE,FALSE,FALSE,FALSE,FALSE,FALSE,FALSE,FALSE,FALSE,FALSE,FALSE,FALSE,FALSE,FALSE,ascidiacea,FALSE,FALSE,FALSE,TRUE
tubastraea,mermaid,,,animalia,cnidaria,scleractinia,dendrophylliidae,tubastraea,not_given,not_given,not_given,not_given,not_given,not_given,not_given,not_given,not_given,not_given,not_given,FALSE,FALSE,not_given,FALSE,not_given,not_given,FALSE,not_given,not_given,not_given,not_given,not_given,FALSE,not_given,FALSE,FALSE,FALSE,FALSE,FALSE,FALSE,FALSE,FALSE,FALSE,hexacorallia,FALSE,FALSE,FALSE,TRUE
tubastraea coccinea,mermaid,,,animalia,cnidaria,scleractinia,dendrophylliidae,tubastraea,tubastraea_coccinea,not_given,not_given,not_given,not_given,not_given,not_given,not_given,not_given,not_given,not_given,FALSE,TRUE,not_given,FALSE,not_given,not_given,FALSE,not_given,not_given,not_given,not_given,not_given,FALSE,not_given,FALSE,FALSE,FALSE,FALSE,FALSE,FALSE,FALSE,FALSE,FALSE,hexacorallia,FALSE,FALSE,FALSE,TRUE
tubastraea tagusensis,mermaid,,,animalia,cnidaria,scleractinia,dendrophylliidae,tubastraea,tubastraea_tagusensis,not_given,not_given,not_given,not_given,not_given,not_given,not_given,TRUE,not_given,not_given,FALSE,TRUE,not_given,FALSE,not_given,not_given,FALSE,not_given,not_given,not_given,not_given,not_given,TRUE,not_given,FALSE,FALSE,FALSE,FALSE,FALSE,FALSE,FALSE,FALSE,FALSE,hexacorallia,FALSE,FALSE,FALSE,TRUE
tubipora,mermaid,,,animalia,cnidaria,malacalcyonacea,tubiporidae,tubipora,not_given,not_given,not_given,not_given,not_given,not_given,not_given,not_given,not_given,not_given,not_given,not_given,not_given,not_given,not_given,not_given,not_given,not_given,not_given,not_given,not_given,not_given,not_given,not_given,not_given,FALSE,FALSE,FALSE,FALSE,FALSE,FALSE,FALSE,FALSE,FALSE,octocorallia,FALSE,FALSE,FALSE,TRUE
tubipora musica,mermaid,,,animalia,cnidaria,malacalcyonacea,tubiporidae,tubipora,tubipora_musica,not_given,not_given,not_given,not_given,not_given,not_given,not_given,not_given,not_given,not_given,not_given,not_given,not_given,not_given,not_given,not_given,not_given,not_given,not_given,not_given,not_given,not_given,not_given,not_given,FALSE,FALSE,FALSE,FALSE,FALSE,FALSE,FALSE,FALSE,FALSE,octocorallia,FALSE,FALSE,FALSE,TRUE
tubiporidae,mermaid,,,animalia,cnidaria,malacalcyonacea,tubiporidae,not_given,not_given,not_given,not_given,not_given,not_given,not_given,not_given,not_given,not_given,not_given,not_given,not_given,not_given,not_given,not_given,not_given,not_given,not_given,not_given,not_given,not_given,not_given,not_given,not_given,not_given,FALSE,FALSE,FALSE,FALSE,FALSE,FALSE,FALSE,FALSE,FALSE,octocorallia,FALSE,FALSE,FALSE,TRUE
tunicate,mermaid,,,animalia,chordata,not_given,not_given,not_given,not_given,FALSE,FALSE,FALSE,FALSE,FALSE,FALSE,FALSE,FALSE,FALSE,FALSE,FALSE,FALSE,FALSE,FALSE,FALSE,FALSE,FALSE,FALSE,FALSE,FALSE,FALSE,FALSE,FALSE,FALSE,FALSE,FALSE,FALSE,FALSE,FALSE,FALSE,FALSE,FALSE,FALSE,not_given,FALSE,FALSE,FALSE,TRUE
turbinaria mesenterina,mermaid,,,animalia,cnidaria,scleractinia,dendrophylliidae,turbinaria,turbinaria_mesenterina,FALSE,FALSE,not_given,FALSE,not_given,FALSE,not_given,FALSE,TRUE,not_given,FALSE,FALSE,not_given,FALSE,not_given,TRUE,FALSE,not_given,FALSE,FALSE,not_given,FALSE,FALSE,not_given,FALSE,FALSE,FALSE,FALSE,FALSE,FALSE,FALSE,FALSE,FALSE,hexacorallia,FALSE,FALSE,FALSE,TRUE
turbinaria reniformis,mermaid,,,animalia,cnidaria,scleractinia,dendrophylliidae,turbinaria,turbinaria_reniformis,FALSE,FALSE,FALSE,FALSE,FALSE,FALSE,not_given,FALSE,TRUE,FALSE,FALSE,FALSE,not_given,FALSE,FALSE,TRUE,FALSE,FALSE,FALSE,FALSE,FALSE,FALSE,FALSE,not_given,FALSE,FALSE,FALSE,FALSE,FALSE,FALSE,FALSE,FALSE,FALSE,hexacorallia,FALSE,FALSE,FALSE,TRUE
turbinaria stellulata,mermaid,,,animalia,cnidaria,scleractinia,dendrophylliidae,turbinaria,turbinaria_stellulata,FALSE,FALSE,not_given,FALSE,not_given,FALSE,TRUE,not_given,not_given,not_given,FALSE,FALSE,not_given,FALSE,FALSE,not_given,FALSE,not_given,FALSE,FALSE,FALSE,FALSE,FALSE,FALSE,FALSE,FALSE,FALSE,FALSE,FALSE,FALSE,FALSE,FALSE,FALSE,hexacorallia,FALSE,FALSE,FALSE,TRUE
turbinaria turbinata,mermaid,,,chromista,ochrophyta,fucales,sargassaceae,turbinaria,turbinaria_turbinata,FALSE,FALSE,FALSE,FALSE,FALSE,FALSE,FALSE,FALSE,FALSE,FALSE,FALSE,FALSE,FALSE,FALSE,FALSE,FALSE,FALSE,FALSE,FALSE,FALSE,FALSE,FALSE,FALSE,FALSE,FALSE,TRUE,FALSE,FALSE,FALSE,FALSE,FALSE,TRUE,FALSE,phaeophyceae,FALSE,FALSE,FALSE,FALSE
turbinaria-algae,mermaid,,,chromista,ochrophyta,fucales,sargassaceae,turbinaria,not_given,FALSE,FALSE,FALSE,FALSE,FALSE,FALSE,FALSE,FALSE,FALSE,FALSE,FALSE,FALSE,FALSE,FALSE,FALSE,FALSE,FALSE,FALSE,FALSE,FALSE,FALSE,FALSE,FALSE,FALSE,FALSE,TRUE,FALSE,FALSE,FALSE,FALSE,FALSE,TRUE,FALSE,phaeophyceae,FALSE,FALSE,FALSE,FALSE
turbinaria-coral,mermaid,turbinaria,coralscapes_v2,animalia,cnidaria,scleractinia,dendrophylliidae,turbinaria,not_given,FALSE,FALSE,FALSE,FALSE,FALSE,FALSE,not_given,FALSE,TRUE,FALSE,FALSE,FALSE,not_given,FALSE,FALSE,TRUE,FALSE,FALSE,FALSE,FALSE,FALSE,FALSE,FALSE,not_given,FALSE,FALSE,FALSE,FALSE,FALSE,FALSE,FALSE,FALSE,FALSE,hexacorallia,FALSE,FALSE,FALSE,TRUE
turf algae,mermaid,,,none,none,none,none,none,none,FALSE,FALSE,FALSE,FALSE,FALSE,FALSE,FALSE,FALSE,FALSE,FALSE,FALSE,FALSE,FALSE,FALSE,FALSE,FALSE,FALSE,FALSE,FALSE,FALSE,FALSE,FALSE,FALSE,FALSE,FALSE,TRUE,FALSE,not_given,FALSE,FALSE,FALSE,FALSE,FALSE,none,FALSE,FALSE,FALSE,FALSE
tydemania,mermaid,,,plantae,chlorophyta,bryopsidales,udoteaceae,tydemania,not_given,FALSE,FALSE,FALSE,FALSE,FALSE,FALSE,FALSE,FALSE,FALSE,FALSE,FALSE,FALSE,FALSE,FALSE,FALSE,FALSE,FALSE,FALSE,FALSE,FALSE,FALSE,FALSE,FALSE,FALSE,FALSE,TRUE,FALSE,FALSE,FALSE,FALSE,FALSE,FALSE,FALSE,ulvophyceae,FALSE,FALSE,FALSE,FALSE
udotea,mermaid,,,plantae,chlorophyta,bryopsidales,udoteaceae,udotea,not_given,FALSE,FALSE,FALSE,FALSE,FALSE,FALSE,FALSE,FALSE,FALSE,FALSE,FALSE,FALSE,FALSE,FALSE,FALSE,FALSE,FALSE,FALSE,FALSE,FALSE,FALSE,FALSE,FALSE,FALSE,FALSE,TRUE,FALSE,FALSE,FALSE,FALSE,FALSE,FALSE,FALSE,ulvophyceae,FALSE,FALSE,FALSE,FALSE
ulva,mermaid,,,plantae,chlorophyta,ulvales,ulvaceae,ulva,not_given,FALSE,FALSE,FALSE,FALSE,FALSE,FALSE,FALSE,FALSE,FALSE,FALSE,FALSE,FALSE,FALSE,FALSE,FALSE,FALSE,FALSE,FALSE,FALSE,FALSE,FALSE,FALSE,FALSE,FALSE,FALSE,TRUE,FALSE,FALSE,FALSE,FALSE,FALSE,FALSE,FALSE,ulvophyceae,FALSE,FALSE,FALSE,FALSE
undaria,mermaid,agaricia,mermaid,animalia,cnidaria,scleractinia,agariciidae,agaricia,not_given,not_given,not_given,not_given,not_given,not_given,not_given,not_given,not_given,not_given,not_given,FALSE,FALSE,not_given,FALSE,not_given,not_given,FALSE,not_given,not_given,not_given,not_given,not_given,FALSE,not_given,FALSE,FALSE,FALSE,FALSE,FALSE,FALSE,FALSE,FALSE,FALSE,hexacorallia,FALSE,FALSE,FALSE,TRUE
undaria agaricites,mermaid,agaricia agaricites,mermaid,animalia,cnidaria,scleractinia,agariciidae,agaricia,agaricia_agaricites,FALSE,FALSE,not_given,FALSE,not_given,not_given,TRUE,FALSE,not_given,not_given,FALSE,FALSE,TRUE,FALSE,FALSE,TRUE,FALSE,not_given,not_given,FALSE,FALSE,not_given,FALSE,FALSE,FALSE,FALSE,FALSE,FALSE,FALSE,FALSE,FALSE,FALSE,FALSE,hexacorallia,FALSE,FALSE,FALSE,TRUE
undaria humilis,mermaid,agaricia humilis,mermaid,animalia,cnidaria,scleractinia,agariciidae,agaricia,agaricia_humilis,FALSE,FALSE,not_given,FALSE,not_given,not_given,TRUE,not_given,not_given,not_given,FALSE,FALSE,TRUE,FALSE,FALSE,not_given,FALSE,not_given,not_given,FALSE,FALSE,not_given,FALSE,FALSE,FALSE,FALSE,FALSE,FALSE,FALSE,FALSE,FALSE,FALSE,FALSE,hexacorallia,FALSE,FALSE,FALSE,TRUE
undaria tenuifolia,mermaid,agaricia tenuifolia,mermaid,animalia,cnidaria,scleractinia,agariciidae,agaricia,agaricia_tenuifolia,not_given,FALSE,not_given,not_given,not_given,not_given,not_given,FALSE,TRUE,not_given,FALSE,FALSE,not_given,FALSE,not_given,TRUE,FALSE,not_given,not_given,not_given,not_given,not_given,FALSE,not_given,FALSE,FALSE,FALSE,FALSE,FALSE,FALSE,FALSE,FALSE,FALSE,hexacorallia,FALSE,FALSE,FALSE,TRUE
unknown,mermaid,,,none,none,none,none,none,none,FALSE,FALSE,FALSE,FALSE,FALSE,FALSE,FALSE,FALSE,FALSE,FALSE,FALSE,FALSE,FALSE,FALSE,FALSE,FALSE,FALSE,FALSE,FALSE,FALSE,FALSE,FALSE,FALSE,FALSE,FALSE,FALSE,FALSE,not_given,FALSE,FALSE,FALSE,FALSE,FALSE,none,FALSE,FALSE,FALSE,FALSE
valonia,mermaid,,,plantae,chlorophyta,cladophorales,valoniaceae,valonia,not_given,FALSE,FALSE,FALSE,FALSE,FALSE,FALSE,FALSE,FALSE,FALSE,FALSE,FALSE,FALSE,FALSE,FALSE,FALSE,FALSE,FALSE,FALSE,FALSE,FALSE,FALSE,FALSE,FALSE,FALSE,FALSE,TRUE,FALSE,FALSE,FALSE,FALSE,FALSE,FALSE,FALSE,ulvophyceae,FALSE,FALSE,FALSE,FALSE
ventricaria,mermaid,valonia,mermaid,plantae,chlorophyta,cladophorales,valoniaceae,valonia,not_given,FALSE,FALSE,FALSE,FALSE,FALSE,FALSE,FALSE,FALSE,FALSE,FALSE,FALSE,FALSE,FALSE,FALSE,FALSE,FALSE,FALSE,FALSE,FALSE,FALSE,FALSE,FALSE,FALSE,FALSE,FALSE,TRUE,FALSE,FALSE,FALSE,FALSE,FALSE,FALSE,FALSE,ulvophyceae,FALSE,FALSE,FALSE,FALSE
verongula rigida,mermaid,,,animalia,porifera,verongiida,aplysinidae,verongula,verongula_rigida,FALSE,FALSE,FALSE,FALSE,FALSE,FALSE,FALSE,FALSE,FALSE,FALSE,FALSE,FALSE,FALSE,FALSE,FALSE,FALSE,FALSE,FALSE,FALSE,FALSE,FALSE,FALSE,FALSE,FALSE,FALSE,FALSE,FALSE,FALSE,FALSE,FALSE,FALSE,FALSE,FALSE,demospongiae,FALSE,FALSE,FALSE,TRUE
"worms, sabellid",mermaid,sabellidae,mermaid,animalia,annelida,sabellida,sabellidae,not_given,not_given,FALSE,FALSE,FALSE,FALSE,FALSE,FALSE,FALSE,FALSE,FALSE,FALSE,FALSE,FALSE,FALSE,FALSE,FALSE,FALSE,FALSE,FALSE,FALSE,FALSE,FALSE,FALSE,FALSE,FALSE,FALSE,FALSE,FALSE,FALSE,FALSE,FALSE,FALSE,FALSE,FALSE,polychaeta,FALSE,FALSE,FALSE,TRUE
"worms, serpulid",mermaid,serpulidae,mermaid,animalia,annelida,sabellida,serpulidae,not_given,not_given,FALSE,FALSE,FALSE,FALSE,FALSE,FALSE,FALSE,FALSE,FALSE,FALSE,FALSE,FALSE,FALSE,FALSE,FALSE,FALSE,FALSE,FALSE,FALSE,FALSE,FALSE,FALSE,FALSE,FALSE,FALSE,FALSE,FALSE,FALSE,FALSE,FALSE,FALSE,FALSE,FALSE,polychaeta,FALSE,FALSE,FALSE,TRUE
wrangelia,mermaid,,,not_given,rhodophyta,ceramiales,wrangeliaceae,wrangelia,not_given,FALSE,FALSE,FALSE,FALSE,FALSE,FALSE,FALSE,FALSE,FALSE,FALSE,FALSE,FALSE,FALSE,FALSE,FALSE,FALSE,FALSE,FALSE,FALSE,FALSE,FALSE,FALSE,FALSE,FALSE,FALSE,TRUE,FALSE,not_given,FALSE,FALSE,FALSE,FALSE,FALSE,florideophyceae,FALSE,FALSE,FALSE,FALSE
xenia,mermaid,,,animalia,cnidaria,malacalcyonacea,xeniidae,xenia,not_given,not_given,not_given,not_given,not_given,not_given,not_given,not_given,not_given,not_given,not_given,not_given,not_given,not_given,not_given,not_given,not_given,not_given,not_given,not_given,not_given,not_given,not_given,not_given,not_given,FALSE,FALSE,FALSE,FALSE,FALSE,FALSE,FALSE,FALSE,FALSE,octocorallia,FALSE,FALSE,FALSE,TRUE
xeniidae,mermaid,,,animalia,cnidaria,malacalcyonacea,xeniidae,not_given,not_given,not_given,not_given,not_given,not_given,not_given,not_given,not_given,not_given,not_given,not_given,not_given,not_given,not_given,not_given,not_given,not_given,not_given,not_given,not_given,not_given,not_given,not_given,not_given,not_given,FALSE,FALSE,FALSE,FALSE,FALSE,FALSE,FALSE,FALSE,FALSE,octocorallia,FALSE,FALSE,FALSE,TRUE
xestospongia,mermaid,,,animalia,porifera,haplosclerida,petrosiidae,xestospongia,not_given,FALSE,FALSE,FALSE,FALSE,FALSE,FALSE,FALSE,FALSE,FALSE,FALSE,FALSE,FALSE,FALSE,FALSE,FALSE,FALSE,FALSE,FALSE,FALSE,FALSE,FALSE,FALSE,FALSE,FALSE,FALSE,FALSE,FALSE,FALSE,FALSE,FALSE,FALSE,FALSE,FALSE,demospongiae,FALSE,FALSE,FALSE,TRUE
xestospongia muta,mermaid,,,animalia,porifera,haplosclerida,petrosiidae,xestospongia,xestospongia_muta,FALSE,FALSE,FALSE,FALSE,FALSE,FALSE,FALSE,FALSE,FALSE,FALSE,FALSE,FALSE,FALSE,FALSE,FALSE,FALSE,FALSE,FALSE,FALSE,FALSE,FALSE,FALSE,FALSE,FALSE,FALSE,FALSE,FALSE,FALSE,FALSE,FALSE,FALSE,FALSE,FALSE,demospongiae,FALSE,FALSE,FALSE,TRUE
zellera,mermaid,,,plantae,rhodophyta,ceramiales,delesseriaceae,zellera,not_given,FALSE,FALSE,FALSE,FALSE,FALSE,FALSE,FALSE,FALSE,FALSE,FALSE,FALSE,FALSE,FALSE,FALSE,FALSE,FALSE,FALSE,FALSE,FALSE,FALSE,FALSE,FALSE,FALSE,FALSE,FALSE,TRUE,FALSE,FALSE,FALSE,FALSE,FALSE,FALSE,FALSE,florideophyceae,FALSE,FALSE,FALSE,FALSE
zoanthid,mermaid,,,animalia,cnidaria,zoantharia,not_given,not_given,not_given,not_given,not_given,not_given,not_given,not_given,not_given,not_given,not_given,not_given,not_given,not_given,not_given,not_given,not_given,not_given,not_given,not_given,not_given,not_given,not_given,not_given,not_given,not_given,not_given,FALSE,FALSE,FALSE,FALSE,FALSE,FALSE,FALSE,FALSE,FALSE,hexacorallia,FALSE,FALSE,FALSE,TRUE
zoanthidae,mermaid,,,animalia,cnidaria,zoantharia,zoanthidae,not_given,not_given,not_given,not_given,not_given,not_given,not_given,not_given,not_given,not_given,not_given,not_given,not_given,not_given,not_given,not_given,not_given,not_given,not_given,not_given,not_given,not_given,not_given,not_given,not_given,not_given,FALSE,FALSE,FALSE,FALSE,FALSE,FALSE,FALSE,FALSE,FALSE,hexacorallia,FALSE,FALSE,FALSE,TRUE
zoopilus,mermaid,,,animalia,cnidaria,scleractinia,fungiidae,zoopilus,not_given,FALSE,FALSE,not_given,FALSE,not_given,not_given,not_given,FALSE,not_given,not_given,FALSE,FALSE,not_given,FALSE,FALSE,TRUE,FALSE,not_given,not_given,FALSE,FALSE,TRUE,FALSE,FALSE,FALSE,FALSE,FALSE,FALSE,FALSE,FALSE,FALSE,FALSE,FALSE,hexacorallia,FALSE,FALSE,FALSE,TRUE
zostera,mermaid,,,plantae,not_given,alismatales,zosteraceae,zostera,not_given,FALSE,FALSE,FALSE,FALSE,FALSE,FALSE,FALSE,FALSE,FALSE,FALSE,FALSE,FALSE,FALSE,FALSE,FALSE,FALSE,FALSE,FALSE,FALSE,FALSE,FALSE,FALSE,FALSE,FALSE,FALSE,FALSE,FALSE,FALSE,FALSE,FALSE,FALSE,FALSE,FALSE,not_given,FALSE,FALSE,FALSE,FALSE
zostera capricorni,mermaid,,,plantae,not_given,alismatales,zosteraceae,zostera,zostera_capricorni,FALSE,FALSE,FALSE,FALSE,FALSE,FALSE,FALSE,FALSE,FALSE,FALSE,FALSE,FALSE,FALSE,FALSE,FALSE,FALSE,FALSE,FALSE,FALSE,FALSE,FALSE,FALSE,FALSE,FALSE,FALSE,FALSE,FALSE,FALSE,FALSE,FALSE,FALSE,FALSE,FALSE,not_given,FALSE,FALSE,FALSE,FALSE
zostera tasmanica,mermaid,,,plantae,not_given,alismatales,zosteraceae,zostera,zostera_tasmanica,FALSE,FALSE,FALSE,FALSE,FALSE,FALSE,FALSE,FALSE,FALSE,FALSE,FALSE,FALSE,FALSE,FALSE,FALSE,FALSE,FALSE,FALSE,FALSE,FALSE,FALSE,FALSE,FALSE,FALSE,FALSE,FALSE,FALSE,FALSE,FALSE,FALSE,FALSE,FALSE,FALSE,not_given,FALSE,FALSE,FALSE,FALSE
zosteraceae,mermaid,,,plantae,not_given,alismatales,zosteraceae,not_given,not_given,FALSE,FALSE,FALSE,FALSE,FALSE,FALSE,FALSE,FALSE,FALSE,FALSE,FALSE,FALSE,FALSE,FALSE,FALSE,FALSE,FALSE,FALSE,FALSE,FALSE,FALSE,FALSE,FALSE,FALSE,FALSE,FALSE,FALSE,FALSE,FALSE,FALSE,FALSE,FALSE,FALSE,not_given,FALSE,FALSE,FALSE,FALSE
turf algae,coralnet,turf algae,mermaid,none,none,none,none,none,none,FALSE,FALSE,FALSE,FALSE,FALSE,FALSE,FALSE,FALSE,FALSE,FALSE,FALSE,FALSE,FALSE,FALSE,FALSE,FALSE,FALSE,FALSE,FALSE,FALSE,FALSE,FALSE,FALSE,FALSE,FALSE,TRUE,FALSE,not_given,FALSE,FALSE,FALSE,FALSE,FALSE,none,FALSE,FALSE,not_given,FALSE
sand,coralnet,sand,coralscapes_v2,none,none,none,none,none,none,FALSE,FALSE,FALSE,FALSE,FALSE,FALSE,FALSE,FALSE,FALSE,FALSE,FALSE,FALSE,FALSE,FALSE,FALSE,FALSE,FALSE,FALSE,FALSE,FALSE,FALSE,FALSE,FALSE,FALSE,FALSE,FALSE,FALSE,FALSE,FALSE,FALSE,FALSE,FALSE,FALSE,none,FALSE,TRUE,FALSE,FALSE
cred-turf growing on hard substrate,coralnet,turf algae,mermaid,none,none,none,none,none,none,FALSE,FALSE,FALSE,FALSE,FALSE,FALSE,FALSE,FALSE,FALSE,FALSE,FALSE,FALSE,FALSE,FALSE,FALSE,FALSE,FALSE,FALSE,FALSE,FALSE,FALSE,FALSE,FALSE,FALSE,FALSE,TRUE,FALSE,not_given,FALSE,FALSE,FALSE,FALSE,FALSE,none,FALSE,FALSE,not_given,FALSE
cca (crustose coralline algae),coralnet,crustose coralline algae,mermaid,not_given,rhodophyta,corallinales,not_given,not_given,not_given,FALSE,FALSE,FALSE,FALSE,FALSE,FALSE,FALSE,FALSE,FALSE,FALSE,FALSE,FALSE,FALSE,FALSE,FALSE,FALSE,FALSE,FALSE,FALSE,FALSE,FALSE,FALSE,FALSE,FALSE,FALSE,TRUE,FALSE,not_given,FALSE,FALSE,FALSE,FALSE,FALSE,florideophyceae,FALSE,FALSE,not_given,FALSE
macroalgae,coralnet,macroalgae,mermaid,none,none,none,none,none,none,FALSE,FALSE,FALSE,FALSE,FALSE,FALSE,FALSE,FALSE,FALSE,FALSE,FALSE,FALSE,FALSE,FALSE,FALSE,FALSE,FALSE,FALSE,FALSE,FALSE,FALSE,FALSE,FALSE,FALSE,FALSE,TRUE,FALSE,not_given,FALSE,FALSE,FALSE,TRUE,FALSE,none,FALSE,FALSE,FALSE,FALSE
substrate: consolidated (hard),coralnet,hard substrate,coralscapes_v2,none,none,none,none,none,none,FALSE,FALSE,FALSE,FALSE,FALSE,FALSE,FALSE,FALSE,FALSE,FALSE,FALSE,FALSE,FALSE,FALSE,FALSE,FALSE,FALSE,FALSE,FALSE,FALSE,FALSE,FALSE,FALSE,FALSE,FALSE,FALSE,FALSE,FALSE,FALSE,FALSE,FALSE,FALSE,FALSE,none,FALSE,FALSE,TRUE,FALSE
porites,coralnet,porites,mermaid,animalia,cnidaria,scleractinia,poritidae,porites,not_given,FALSE,not_given,not_given,FALSE,not_given,FALSE,not_given,not_given,not_given,not_given,FALSE,FALSE,not_given,FALSE,not_given,not_given,FALSE,not_given,FALSE,FALSE,not_given,FALSE,FALSE,not_given,FALSE,FALSE,FALSE,FALSE,FALSE,FALSE,FALSE,FALSE,FALSE,hexacorallia,FALSE,FALSE,FALSE,TRUE
halimeda,coralnet,halimeda,mermaid,plantae,chlorophyta,bryopsidales,halimedaceae,halimeda,not_given,FALSE,FALSE,FALSE,FALSE,FALSE,FALSE,FALSE,FALSE,FALSE,FALSE,FALSE,FALSE,FALSE,FALSE,FALSE,FALSE,FALSE,FALSE,FALSE,FALSE,FALSE,FALSE,FALSE,FALSE,FALSE,TRUE,FALSE,FALSE,FALSE,FALSE,FALSE,TRUE,FALSE,ulvophyceae,FALSE,FALSE,FALSE,FALSE
cred-cca growing on hard substrate,coralnet,crustose coralline algae,mermaid,not_given,rhodophyta,corallinales,not_given,not_given,not_given,FALSE,FALSE,FALSE,FALSE,FALSE,FALSE,FALSE,FALSE,FALSE,FALSE,FALSE,FALSE,FALSE,FALSE,FALSE,FALSE,FALSE,FALSE,FALSE,FALSE,FALSE,FALSE,FALSE,FALSE,FALSE,TRUE,FALSE,not_given,FALSE,FALSE,FALSE,FALSE,FALSE,florideophyceae,FALSE,FALSE,not_given,FALSE
porites lobata,coralnet,porites lobata,mermaid,animalia,cnidaria,scleractinia,poritidae,porites,porites_lobata,FALSE,FALSE,not_given,FALSE,TRUE,FALSE,not_given,not_given,not_given,not_given,FALSE,FALSE,not_given,FALSE,FALSE,not_given,FALSE,not_given,FALSE,FALSE,FALSE,FALSE,FALSE,not_given,FALSE,FALSE,FALSE,FALSE,FALSE,FALSE,FALSE,FALSE,FALSE,hexacorallia,FALSE,FALSE,FALSE,TRUE
seagrass,coralnet,seagrass,coralscapes_v2,plantae,not_given,alismatales,not_given,not_given,not_given,FALSE,FALSE,FALSE,FALSE,FALSE,FALSE,FALSE,FALSE,FALSE,FALSE,FALSE,FALSE,FALSE,FALSE,FALSE,FALSE,FALSE,FALSE,FALSE,FALSE,FALSE,FALSE,FALSE,FALSE,FALSE,FALSE,FALSE,FALSE,FALSE,FALSE,FALSE,FALSE,FALSE,not_given,FALSE,FALSE,FALSE,FALSE
cyanobacteria,coralnet,cyanobacteria,mermaid,bacillati,cyanobacteriota,not_given,not_given,not_given,not_given,FALSE,FALSE,FALSE,FALSE,FALSE,FALSE,FALSE,FALSE,FALSE,FALSE,FALSE,FALSE,FALSE,FALSE,FALSE,FALSE,FALSE,FALSE,FALSE,FALSE,FALSE,FALSE,FALSE,FALSE,FALSE,FALSE,FALSE,FALSE,FALSE,FALSE,FALSE,FALSE,FALSE,not_given,FALSE,FALSE,FALSE,FALSE
dictyota,coralnet,dictyota,mermaid,not_given,ochrophyta,dictyotales,dictyotaceae,dictyota,not_given,FALSE,FALSE,FALSE,FALSE,FALSE,FALSE,FALSE,FALSE,FALSE,FALSE,FALSE,FALSE,FALSE,FALSE,FALSE,FALSE,FALSE,FALSE,FALSE,FALSE,FALSE,FALSE,FALSE,FALSE,FALSE,TRUE,FALSE,not_given,FALSE,FALSE,FALSE,not_given,FALSE,phaeophyceae,FALSE,FALSE,FALSE,FALSE
peyssonnelia,coralnet,peyssonnelia,mermaid,not_given,rhodophyta,peyssonneliales,peyssonneliaceae,peyssonnelia,not_given,FALSE,FALSE,FALSE,FALSE,FALSE,FALSE,FALSE,FALSE,FALSE,FALSE,FALSE,FALSE,FALSE,FALSE,FALSE,FALSE,FALSE,FALSE,FALSE,FALSE,FALSE,FALSE,FALSE,FALSE,FALSE,TRUE,FALSE,not_given,FALSE,FALSE,FALSE,FALSE,FALSE,florideophyceae,FALSE,FALSE,FALSE,FALSE
dead coral,coralnet,dead coral,mermaid,animalia,cnidaria,not_given,not_given,not_given,not_given,not_given,not_given,not_given,not_given,not_given,not_given,not_given,not_given,not_given,not_given,not_given,not_given,not_given,not_given,not_given,not_given,not_given,not_given,not_given,not_given,not_given,not_given,not_given,not_given,FALSE,FALSE,FALSE,FALSE,FALSE,FALSE,FALSE,FALSE,FALSE,hexacorallia,FALSE,FALSE,not_given,FALSE
acropora,coralnet,acropora alive,coralscapes_v2,animalia,cnidaria,scleractinia,acroporidae,acropora,not_given,FALSE,not_given,FALSE,FALSE,FALSE,FALSE,FALSE,not_given,FALSE,FALSE,FALSE,FALSE,FALSE,FALSE,TRUE,not_given,FALSE,FALSE,FALSE,not_given,not_given,FALSE,FALSE,not_given,FALSE,FALSE,FALSE,FALSE,FALSE,FALSE,FALSE,FALSE,FALSE,hexacorallia,FALSE,FALSE,FALSE,TRUE
halophila stipulacea,coralnet,halophila stipulacea,mermaid,plantae,not_given,alismatales,hydrocharitaceae,halophila,halophila_stipulacea,FALSE,FALSE,FALSE,FALSE,FALSE,FALSE,FALSE,FALSE,FALSE,FALSE,FALSE,FALSE,FALSE,FALSE,FALSE,FALSE,FALSE,FALSE,FALSE,FALSE,FALSE,FALSE,FALSE,FALSE,FALSE,FALSE,FALSE,FALSE,FALSE,FALSE,FALSE,FALSE,FALSE,not_given,FALSE,FALSE,FALSE,FALSE
cred-encrusting macroalgae,coralnet,macroalgae,mermaid,none,none,none,none,none,none,FALSE,FALSE,FALSE,FALSE,FALSE,FALSE,FALSE,FALSE,FALSE,FALSE,FALSE,FALSE,FALSE,FALSE,FALSE,FALSE,FALSE,FALSE,FALSE,FALSE,FALSE,FALSE,FALSE,FALSE,FALSE,TRUE,FALSE,not_given,FALSE,FALSE,FALSE,TRUE,FALSE,none,FALSE,FALSE,FALSE,FALSE
bare substrate,coralnet,hard substrate,coralscapes_v2,none,none,none,none,none,none,FALSE,FALSE,FALSE,FALSE,FALSE,FALSE,FALSE,FALSE,FALSE,FALSE,FALSE,FALSE,FALSE,FALSE,FALSE,FALSE,FALSE,FALSE,FALSE,FALSE,FALSE,FALSE,FALSE,FALSE,FALSE,FALSE,FALSE,FALSE,FALSE,FALSE,FALSE,FALSE,FALSE,none,FALSE,FALSE,TRUE,FALSE
sand / rubble,coralnet,rubble,coralscapes_v2,none,none,none,none,none,none,FALSE,FALSE,FALSE,FALSE,FALSE,FALSE,FALSE,FALSE,FALSE,FALSE,FALSE,FALSE,FALSE,FALSE,FALSE,FALSE,FALSE,FALSE,FALSE,FALSE,FALSE,FALSE,FALSE,FALSE,FALSE,FALSE,FALSE,FALSE,FALSE,FALSE,FALSE,FALSE,FALSE,none,FALSE,not_given,not_given,FALSE
eam: dead hard coral,coralnet,hard coral dead,coralscapes_v2,animalia,cnidaria,scleractinia,not_given,not_given,not_given,not_given,not_given,not_given,not_given,not_given,not_given,not_given,not_given,not_given,not_given,FALSE,FALSE,not_given,FALSE,not_given,not_given,FALSE,not_given,not_given,not_given,not_given,not_given,FALSE,not_given,FALSE,FALSE,FALSE,FALSE,FALSE,FALSE,FALSE,FALSE,FALSE,hexacorallia,FALSE,FALSE,not_given,FALSE
molluscs: bivalves,coralnet,bivalvia,mermaid,animalia,mollusca,not_given,not_given,not_given,not_given,FALSE,FALSE,FALSE,FALSE,FALSE,FALSE,FALSE,FALSE,FALSE,FALSE,FALSE,FALSE,FALSE,FALSE,FALSE,FALSE,FALSE,FALSE,FALSE,FALSE,FALSE,FALSE,FALSE,FALSE,FALSE,FALSE,FALSE,FALSE,FALSE,FALSE,FALSE,FALSE,FALSE,bivalvia,FALSE,FALSE,FALSE,TRUE
macroalgae: sheet-like / membraneous,coralnet,macroalgae,mermaid,none,none,none,none,none,none,FALSE,FALSE,FALSE,FALSE,FALSE,FALSE,FALSE,FALSE,FALSE,FALSE,FALSE,FALSE,FALSE,FALSE,FALSE,FALSE,FALSE,FALSE,FALSE,FALSE,FALSE,FALSE,FALSE,FALSE,FALSE,TRUE,FALSE,not_given,FALSE,FALSE,FALSE,TRUE,FALSE,none,FALSE,FALSE,FALSE,FALSE
montipora,coralnet,montipora,mermaid,animalia,cnidaria,scleractinia,acroporidae,montipora,not_given,FALSE,not_given,not_given,FALSE,not_given,FALSE,not_given,not_given,not_given,not_given,FALSE,FALSE,not_given,FALSE,not_given,not_given,FALSE,not_given,FALSE,FALSE,not_given,FALSE,FALSE,not_given,FALSE,FALSE,FALSE,FALSE,FALSE,FALSE,FALSE,FALSE,FALSE,hexacorallia,FALSE,FALSE,FALSE,TRUE
pocillopora,coralnet,pocillopora alive,coralscapes_v2,animalia,cnidaria,scleractinia,pocilloporidae,pocillopora,not_given,FALSE,not_given,FALSE,FALSE,FALSE,FALSE,FALSE,not_given,FALSE,FALSE,FALSE,FALSE,FALSE,FALSE,TRUE,FALSE,FALSE,FALSE,FALSE,not_given,FALSE,FALSE,FALSE,FALSE,FALSE,FALSE,FALSE,FALSE,FALSE,FALSE,FALSE,FALSE,FALSE,hexacorallia,FALSE,FALSE,FALSE,TRUE
rock,coralnet,hard substrate,coralscapes_v2,none,none,none,none,none,none,FALSE,FALSE,FALSE,FALSE,FALSE,FALSE,FALSE,FALSE,FALSE,FALSE,FALSE,FALSE,FALSE,FALSE,FALSE,FALSE,FALSE,FALSE,FALSE,FALSE,FALSE,FALSE,FALSE,FALSE,FALSE,FALSE,FALSE,FALSE,FALSE,FALSE,FALSE,FALSE,FALSE,none,FALSE,FALSE,TRUE,FALSE
sand (soft),coralnet,sand,coralscapes_v2,none,none,none,none,none,none,FALSE,FALSE,FALSE,FALSE,FALSE,FALSE,FALSE,FALSE,FALSE,FALSE,FALSE,FALSE,FALSE,FALSE,FALSE,FALSE,FALSE,FALSE,FALSE,FALSE,FALSE,FALSE,FALSE,FALSE,FALSE,FALSE,FALSE,FALSE,FALSE,FALSE,FALSE,FALSE,FALSE,none,FALSE,TRUE,FALSE,FALSE
turf  algae,coralnet,turf algae,mermaid,none,none,none,none,none,none,FALSE,FALSE,FALSE,FALSE,FALSE,FALSE,FALSE,FALSE,FALSE,FALSE,FALSE,FALSE,FALSE,FALSE,FALSE,FALSE,FALSE,FALSE,FALSE,FALSE,FALSE,FALSE,FALSE,FALSE,FALSE,TRUE,FALSE,not_given,FALSE,FALSE,FALSE,FALSE,FALSE,none,FALSE,FALSE,not_given,FALSE
porites compressa,coralnet,porites compressa,mermaid,animalia,cnidaria,scleractinia,poritidae,porites,porites_compressa,FALSE,not_given,not_given,FALSE,FALSE,FALSE,FALSE,not_given,FALSE,TRUE,FALSE,FALSE,TRUE,FALSE,TRUE,not_given,FALSE,FALSE,FALSE,FALSE,not_given,FALSE,FALSE,not_given,FALSE,FALSE,FALSE,FALSE,FALSE,FALSE,FALSE,FALSE,FALSE,hexacorallia,FALSE,FALSE,FALSE,TRUE
macroalgae: encrusting,coralnet,macroalgae,mermaid,none,none,none,none,none,none,FALSE,FALSE,FALSE,FALSE,FALSE,FALSE,FALSE,FALSE,FALSE,FALSE,FALSE,FALSE,FALSE,FALSE,FALSE,FALSE,FALSE,FALSE,FALSE,FALSE,FALSE,FALSE,FALSE,FALSE,FALSE,TRUE,FALSE,not_given,FALSE,FALSE,FALSE,TRUE,FALSE,none,FALSE,FALSE,FALSE,FALSE
montipora capitata,coralnet,montipora capitata,mermaid,animalia,cnidaria,scleractinia,acroporidae,montipora,montipora_capitata,FALSE,FALSE,not_given,FALSE,FALSE,FALSE,TRUE,FALSE,FALSE,not_given,FALSE,FALSE,FALSE,FALSE,TRUE,TRUE,FALSE,FALSE,FALSE,FALSE,FALSE,FALSE,FALSE,FALSE,FALSE,FALSE,FALSE,FALSE,FALSE,FALSE,FALSE,FALSE,FALSE,hexacorallia,FALSE,FALSE,FALSE,TRUE
cred-sand,coralnet,sand,coralscapes_v2,none,none,none,none,none,none,FALSE,FALSE,FALSE,FALSE,FALSE,FALSE,FALSE,FALSE,FALSE,FALSE,FALSE,FALSE,FALSE,FALSE,FALSE,FALSE,FALSE,FALSE,FALSE,FALSE,FALSE,FALSE,FALSE,FALSE,FALSE,FALSE,FALSE,FALSE,FALSE,FALSE,FALSE,FALSE,FALSE,none,FALSE,TRUE,FALSE,FALSE
cred-montipora spp_encrusting,coralnet,montipora,mermaid,animalia,cnidaria,scleractinia,acroporidae,montipora,not_given,FALSE,FALSE,not_given,FALSE,not_given,FALSE,TRUE,not_given,not_given,not_given,FALSE,FALSE,not_given,FALSE,FALSE,not_given,FALSE,not_given,FALSE,FALSE,FALSE,FALSE,FALSE,FALSE,FALSE,FALSE,FALSE,FALSE,FALSE,FALSE,FALSE,FALSE,FALSE,hexacorallia,FALSE,FALSE,FALSE,TRUE
broken coral rubble,coralnet,rubble,coralscapes_v2,none,none,none,none,none,none,FALSE,FALSE,FALSE,FALSE,FALSE,FALSE,FALSE,FALSE,FALSE,FALSE,FALSE,FALSE,FALSE,FALSE,FALSE,FALSE,FALSE,FALSE,FALSE,FALSE,FALSE,FALSE,FALSE,FALSE,FALSE,FALSE,FALSE,FALSE,FALSE,FALSE,FALSE,FALSE,FALSE,none,FALSE,not_given,not_given,FALSE
macroalgae: filamentous / filiform,coralnet,macroalgae,mermaid,none,none,none,none,none,none,FALSE,FALSE,FALSE,FALSE,FALSE,FALSE,FALSE,FALSE,FALSE,FALSE,FALSE,FALSE,FALSE,FALSE,FALSE,FALSE,FALSE,FALSE,FALSE,FALSE,FALSE,FALSE,FALSE,FALSE,FALSE,TRUE,FALSE,not_given,FALSE,FALSE,FALSE,TRUE,FALSE,none,FALSE,FALSE,FALSE,FALSE
rubble,coralnet,rubble,coralscapes_v2,none,none,none,none,none,none,FALSE,FALSE,FALSE,FALSE,FALSE,FALSE,FALSE,FALSE,FALSE,FALSE,FALSE,FALSE,FALSE,FALSE,FALSE,FALSE,FALSE,FALSE,FALSE,FALSE,FALSE,FALSE,FALSE,FALSE,FALSE,FALSE,FALSE,FALSE,FALSE,FALSE,FALSE,FALSE,FALSE,none,FALSE,not_given,not_given,FALSE
cred-peyssonnelia spp,coralnet,peyssonnelia,mermaid,not_given,rhodophyta,peyssonneliales,peyssonneliaceae,peyssonnelia,not_given,FALSE,FALSE,FALSE,FALSE,FALSE,FALSE,FALSE,FALSE,FALSE,FALSE,FALSE,FALSE,FALSE,FALSE,FALSE,FALSE,FALSE,FALSE,FALSE,FALSE,FALSE,FALSE,FALSE,FALSE,FALSE,TRUE,FALSE,not_given,FALSE,FALSE,FALSE,FALSE,FALSE,florideophyceae,FALSE,FALSE,FALSE,FALSE
sponge,coralnet,sponge,coralscapes_v2,animalia,porifera,not_given,not_given,not_given,not_given,FALSE,FALSE,FALSE,FALSE,FALSE,FALSE,FALSE,FALSE,FALSE,FALSE,FALSE,FALSE,FALSE,FALSE,FALSE,FALSE,FALSE,FALSE,FALSE,FALSE,FALSE,FALSE,FALSE,FALSE,FALSE,FALSE,FALSE,FALSE,FALSE,FALSE,FALSE,FALSE,FALSE,not_given,FALSE,FALSE,FALSE,TRUE
soft coral,coralnet,soft coral (malacalcyonacea) alive,coralscapes_v2,animalia,cnidaria,malacalcyonacea,not_given,not_given,not_given,not_given,not_given,not_given,not_given,not_given,not_given,not_given,not_given,not_given,not_given,not_given,not_given,not_given,not_given,not_given,not_given,not_given,not_given,not_given,not_given,not_given,not_given,not_given,not_given,FALSE,FALSE,FALSE,FALSE,FALSE,FALSE,FALSE,FALSE,FALSE,octocorallia,FALSE,FALSE,FALSE,TRUE
turf and sand,coralnet,sand,coralscapes_v2,none,none,none,none,none,none,FALSE,FALSE,FALSE,FALSE,FALSE,FALSE,FALSE,FALSE,FALSE,FALSE,FALSE,FALSE,FALSE,FALSE,FALSE,FALSE,FALSE,FALSE,FALSE,FALSE,FALSE,FALSE,FALSE,FALSE,FALSE,FALSE,FALSE,FALSE,FALSE,FALSE,FALSE,FALSE,FALSE,none,FALSE,TRUE,FALSE,FALSE
cred-unclassified/unknown,coralnet,unknown,mermaid,none,none,none,none,none,none,FALSE,FALSE,FALSE,FALSE,FALSE,FALSE,FALSE,FALSE,FALSE,FALSE,FALSE,FALSE,FALSE,FALSE,FALSE,FALSE,FALSE,FALSE,FALSE,FALSE,FALSE,FALSE,FALSE,FALSE,FALSE,FALSE,FALSE,not_given,FALSE,FALSE,FALSE,FALSE,FALSE,none,FALSE,FALSE,FALSE,FALSE
macroalgae: articulated calcareous,coralnet,macroalgae,mermaid,none,none,none,none,none,none,FALSE,FALSE,FALSE,FALSE,FALSE,FALSE,FALSE,FALSE,FALSE,FALSE,FALSE,FALSE,FALSE,FALSE,FALSE,FALSE,FALSE,FALSE,FALSE,FALSE,FALSE,FALSE,FALSE,FALSE,FALSE,TRUE,FALSE,not_given,FALSE,FALSE,FALSE,TRUE,FALSE,none,FALSE,FALSE,FALSE,FALSE
cred-porites spp_massive,coralnet,porites,mermaid,animalia,cnidaria,scleractinia,poritidae,porites,not_given,FALSE,not_given,not_given,FALSE,TRUE,FALSE,not_given,not_given,not_given,not_given,FALSE,FALSE,not_given,FALSE,not_given,not_given,FALSE,not_given,FALSE,FALSE,not_given,FALSE,FALSE,not_given,FALSE,FALSE,FALSE,FALSE,FALSE,FALSE,FALSE,FALSE,FALSE,hexacorallia,FALSE,FALSE,FALSE,TRUE
pavement,coralnet,hard substrate,coralscapes_v2,none,none,none,none,none,none,FALSE,FALSE,FALSE,FALSE,FALSE,FALSE,FALSE,FALSE,FALSE,FALSE,FALSE,FALSE,FALSE,FALSE,FALSE,FALSE,FALSE,FALSE,FALSE,FALSE,FALSE,FALSE,FALSE,FALSE,FALSE,FALSE,FALSE,FALSE,FALSE,FALSE,FALSE,FALSE,FALSE,none,FALSE,FALSE,TRUE,FALSE
unclear,coralnet,background,coralscapes_v2,none,none,none,none,none,none,FALSE,FALSE,FALSE,FALSE,FALSE,FALSE,FALSE,FALSE,FALSE,FALSE,FALSE,FALSE,FALSE,FALSE,FALSE,FALSE,FALSE,FALSE,FALSE,FALSE,FALSE,FALSE,FALSE,FALSE,FALSE,FALSE,TRUE,FALSE,FALSE,FALSE,FALSE,FALSE,FALSE,none,FALSE,FALSE,FALSE,FALSE
bare rock,coralnet,hard substrate,coralscapes_v2,none,none,none,none,none,none,FALSE,FALSE,FALSE,FALSE,FALSE,FALSE,FALSE,FALSE,FALSE,FALSE,FALSE,FALSE,FALSE,FALSE,FALSE,FALSE,FALSE,FALSE,FALSE,FALSE,FALSE,FALSE,FALSE,FALSE,FALSE,FALSE,FALSE,FALSE,FALSE,FALSE,FALSE,FALSE,FALSE,none,FALSE,FALSE,TRUE,FALSE
gorgoniidae,coralnet,gorgoniidae,mermaid,animalia,cnidaria,malacalcyonacea,gorgoniidae,not_given,not_given,not_given,not_given,not_given,not_given,not_given,not_given,not_given,not_given,not_given,not_given,not_given,not_given,not_given,not_given,not_given,not_given,not_given,not_given,not_given,not_given,not_given,not_given,not_given,not_given,FALSE,FALSE,FALSE,FALSE,FALSE,FALSE,FALSE,FALSE,FALSE,octocorallia,FALSE,FALSE,FALSE,TRUE
cred-shadow,coralnet,dark,coralscapes_v2,none,none,none,none,none,none,FALSE,FALSE,FALSE,FALSE,FALSE,FALSE,FALSE,FALSE,FALSE,FALSE,FALSE,FALSE,FALSE,FALSE,FALSE,FALSE,FALSE,FALSE,FALSE,FALSE,FALSE,FALSE,FALSE,FALSE,FALSE,FALSE,FALSE,not_given,FALSE,FALSE,FALSE,FALSE,TRUE,none,FALSE,FALSE,FALSE,FALSE
madracis mirabilis,coralnet,,,animalia,cnidaria,scleractinia,pocilloporidae,madracis,madracis_mirabillis,not_given,not_given,not_given,not_given,not_given,not_given,not_given,not_given,not_given,not_given,FALSE,FALSE,not_given,FALSE,not_given,not_given,FALSE,not_given,not_given,not_given,not_given,not_given,FALSE,not_given,FALSE,FALSE,FALSE,FALSE,FALSE,FALSE,FALSE,FALSE,FALSE,hexacorallia,FALSE,FALSE,FALSE,TRUE
lobophora,coralnet,lobophora,mermaid,not_given,ochrophyta,dictyotales,dictyotaceae,lobophora,not_given,FALSE,FALSE,FALSE,FALSE,FALSE,FALSE,FALSE,FALSE,FALSE,FALSE,FALSE,FALSE,FALSE,FALSE,FALSE,FALSE,FALSE,FALSE,FALSE,FALSE,FALSE,FALSE,FALSE,FALSE,FALSE,TRUE,FALSE,not_given,FALSE,FALSE,FALSE,not_given,FALSE,phaeophyceae,FALSE,FALSE,FALSE,FALSE
crustacea: barnacles,coralnet,barnacles,coralnet,animalia,arthropoda,not_given,not_given,not_given,not_given,FALSE,FALSE,FALSE,FALSE,FALSE,FALSE,FALSE,FALSE,FALSE,FALSE,FALSE,FALSE,FALSE,FALSE,FALSE,FALSE,FALSE,FALSE,FALSE,FALSE,FALSE,FALSE,FALSE,FALSE,FALSE,FALSE,FALSE,FALSE,FALSE,FALSE,FALSE,FALSE,FALSE,thecostraca,FALSE,FALSE,FALSE,TRUE
loose substrate: rubble,coralnet,rubble,coralscapes_v2,none,none,none,none,none,none,FALSE,FALSE,FALSE,FALSE,FALSE,FALSE,FALSE,FALSE,FALSE,FALSE,FALSE,FALSE,FALSE,FALSE,FALSE,FALSE,FALSE,FALSE,FALSE,FALSE,FALSE,FALSE,FALSE,FALSE,FALSE,FALSE,FALSE,FALSE,FALSE,FALSE,FALSE,FALSE,FALSE,none,FALSE,not_given,not_given,FALSE
other,coralnet,other,mermaid,not_given,not_given,not_given,not_given,not_given,not_given,not_given,not_given,not_given,not_given,not_given,not_given,not_given,not_given,not_given,not_given,not_given,not_given,not_given,not_given,not_given,not_given,not_given,not_given,not_given,not_given,not_given,not_given,not_given,not_given,not_given,not_given,not_given,not_given,not_given,not_given,FALSE,not_given,not_given,not_given,not_given,not_given,not_given,FALSE
shadow,coralnet,dark,coralscapes_v2,none,none,none,none,none,none,FALSE,FALSE,FALSE,FALSE,FALSE,FALSE,FALSE,FALSE,FALSE,FALSE,FALSE,FALSE,FALSE,FALSE,FALSE,FALSE,FALSE,FALSE,FALSE,FALSE,FALSE,FALSE,FALSE,FALSE,FALSE,FALSE,FALSE,not_given,FALSE,FALSE,FALSE,FALSE,TRUE,none,FALSE,FALSE,FALSE,FALSE
hard coral,coralnet,hard coral alive,coralscapes_v2,animalia,cnidaria,scleractinia,not_given,not_given,not_given,not_given,not_given,not_given,not_given,not_given,not_given,not_given,not_given,not_given,not_given,FALSE,FALSE,not_given,FALSE,not_given,not_given,FALSE,not_given,not_given,not_given,not_given,not_given,FALSE,not_given,FALSE,FALSE,FALSE,FALSE,FALSE,FALSE,FALSE,FALSE,FALSE,hexacorallia,FALSE,FALSE,FALSE,TRUE
padina,coralnet,padina,mermaid,not_given,ochrophyta,dictyotales,dictyotaceae,padina,not_given,FALSE,FALSE,FALSE,FALSE,FALSE,FALSE,FALSE,FALSE,FALSE,FALSE,FALSE,FALSE,FALSE,FALSE,FALSE,FALSE,FALSE,FALSE,FALSE,FALSE,FALSE,FALSE,FALSE,FALSE,FALSE,TRUE,FALSE,not_given,FALSE,FALSE,FALSE,TRUE,FALSE,phaeophyceae,FALSE,FALSE,FALSE,FALSE
hard substrate,coralnet,hard substrate,coralscapes_v2,none,none,none,none,none,none,FALSE,FALSE,FALSE,FALSE,FALSE,FALSE,FALSE,FALSE,FALSE,FALSE,FALSE,FALSE,FALSE,FALSE,FALSE,FALSE,FALSE,FALSE,FALSE,FALSE,FALSE,FALSE,FALSE,FALSE,FALSE,FALSE,FALSE,FALSE,FALSE,FALSE,FALSE,FALSE,FALSE,none,FALSE,FALSE,TRUE,FALSE
lobophora variegata,coralnet,lobophora variegata,mermaid,not_given,ochrophyta,dictyotales,dictyotaceae,lobophora,lobophora_variegata,FALSE,FALSE,FALSE,FALSE,FALSE,FALSE,FALSE,FALSE,FALSE,FALSE,FALSE,FALSE,FALSE,FALSE,FALSE,FALSE,FALSE,FALSE,FALSE,FALSE,FALSE,FALSE,FALSE,FALSE,FALSE,TRUE,FALSE,not_given,FALSE,FALSE,FALSE,FALSE,FALSE,phaeophyceae,FALSE,FALSE,FALSE,FALSE
porites lobata 1,coralnet,porites lobata,mermaid,animalia,cnidaria,scleractinia,poritidae,porites,porites_lobata,FALSE,FALSE,not_given,FALSE,TRUE,FALSE,not_given,not_given,not_given,not_given,FALSE,FALSE,not_given,FALSE,FALSE,not_given,FALSE,not_given,FALSE,FALSE,FALSE,FALSE,FALSE,not_given,FALSE,FALSE,FALSE,FALSE,FALSE,FALSE,FALSE,FALSE,FALSE,hexacorallia,FALSE,FALSE,FALSE,TRUE
red turf,coralnet,turf algae,mermaid,none,none,none,none,none,none,FALSE,FALSE,FALSE,FALSE,FALSE,FALSE,FALSE,FALSE,FALSE,FALSE,FALSE,FALSE,FALSE,FALSE,FALSE,FALSE,FALSE,FALSE,FALSE,FALSE,FALSE,FALSE,FALSE,FALSE,FALSE,TRUE,FALSE,not_given,FALSE,FALSE,FALSE,FALSE,FALSE,none,FALSE,FALSE,not_given,FALSE
porites rus,coralnet,porites rus,mermaid,animalia,cnidaria,scleractinia,poritidae,porites,porites_rus,FALSE,FALSE,not_given,FALSE,FALSE,FALSE,TRUE,FALSE,FALSE,not_given,FALSE,FALSE,TRUE,FALSE,TRUE,TRUE,FALSE,FALSE,FALSE,FALSE,FALSE,FALSE,FALSE,FALSE,FALSE,FALSE,FALSE,FALSE,FALSE,FALSE,FALSE,FALSE,FALSE,hexacorallia,FALSE,FALSE,FALSE,TRUE
arms-crep-bryozoan,coralnet,bryozoan,mermaid,animalia,bryozoa,not_given,not_given,not_given,not_given,FALSE,FALSE,FALSE,FALSE,FALSE,FALSE,FALSE,FALSE,FALSE,FALSE,FALSE,FALSE,FALSE,FALSE,FALSE,FALSE,FALSE,FALSE,FALSE,FALSE,FALSE,FALSE,FALSE,FALSE,FALSE,FALSE,FALSE,FALSE,FALSE,FALSE,FALSE,FALSE,FALSE,not_given,FALSE,FALSE,FALSE,TRUE
water,coralnet,background,coralscapes_v2,none,none,none,none,none,none,FALSE,FALSE,FALSE,FALSE,FALSE,FALSE,FALSE,FALSE,FALSE,FALSE,FALSE,FALSE,FALSE,FALSE,FALSE,FALSE,FALSE,FALSE,FALSE,FALSE,FALSE,FALSE,FALSE,FALSE,FALSE,FALSE,TRUE,FALSE,FALSE,FALSE,FALSE,FALSE,FALSE,none,FALSE,FALSE,FALSE,FALSE
cred-halimeda spp,coralnet,halimeda,mermaid,plantae,chlorophyta,bryopsidales,halimedaceae,halimeda,not_given,FALSE,FALSE,FALSE,FALSE,FALSE,FALSE,FALSE,FALSE,FALSE,FALSE,FALSE,FALSE,FALSE,FALSE,FALSE,FALSE,FALSE,FALSE,FALSE,FALSE,FALSE,FALSE,FALSE,FALSE,FALSE,TRUE,FALSE,FALSE,FALSE,FALSE,FALSE,TRUE,FALSE,ulvophyceae,FALSE,FALSE,FALSE,FALSE
cred-turf growing on rubble,coralnet,turf algae,mermaid,none,none,none,none,none,none,FALSE,FALSE,FALSE,FALSE,FALSE,FALSE,FALSE,FALSE,FALSE,FALSE,FALSE,FALSE,FALSE,FALSE,FALSE,FALSE,FALSE,FALSE,FALSE,FALSE,FALSE,FALSE,FALSE,FALSE,FALSE,TRUE,FALSE,not_given,FALSE,FALSE,FALSE,FALSE,FALSE,none,FALSE,FALSE,not_given,FALSE
unidentified,coralnet,unknown,mermaid,none,none,none,none,none,none,FALSE,FALSE,FALSE,FALSE,FALSE,FALSE,FALSE,FALSE,FALSE,FALSE,FALSE,FALSE,FALSE,FALSE,FALSE,FALSE,FALSE,FALSE,FALSE,FALSE,FALSE,FALSE,FALSE,FALSE,FALSE,FALSE,FALSE,not_given,FALSE,FALSE,FALSE,FALSE,FALSE,none,FALSE,FALSE,FALSE,FALSE
cred-pocillopora spp,coralnet,pocillopora alive,coralscapes_v2,animalia,cnidaria,scleractinia,pocilloporidae,pocillopora,not_given,FALSE,not_given,FALSE,FALSE,FALSE,FALSE,FALSE,not_given,FALSE,FALSE,FALSE,FALSE,FALSE,FALSE,TRUE,FALSE,FALSE,FALSE,FALSE,not_given,FALSE,FALSE,FALSE,FALSE,FALSE,FALSE,FALSE,FALSE,FALSE,FALSE,FALSE,FALSE,FALSE,hexacorallia,FALSE,FALSE,FALSE,TRUE
cred-acropora spp_branching,coralnet,acropora alive,coralscapes_v2,animalia,cnidaria,scleractinia,acroporidae,acropora,not_given,FALSE,not_given,FALSE,FALSE,FALSE,FALSE,FALSE,not_given,FALSE,FALSE,FALSE,FALSE,FALSE,FALSE,TRUE,not_given,FALSE,FALSE,FALSE,not_given,not_given,FALSE,FALSE,not_given,FALSE,FALSE,FALSE,FALSE,FALSE,FALSE,FALSE,FALSE,FALSE,hexacorallia,FALSE,FALSE,FALSE,TRUE
montastraea cavernosa,coralnet,montastraea cavernosa,mermaid,animalia,cnidaria,scleractinia,montastraeidae,montastraea,montastraea_cavernosa,not_given,FALSE,not_given,not_given,TRUE,not_given,not_given,FALSE,not_given,not_given,FALSE,FALSE,not_given,FALSE,not_given,TRUE,FALSE,not_given,not_given,not_given,not_given,not_given,FALSE,not_given,FALSE,FALSE,FALSE,FALSE,FALSE,FALSE,FALSE,FALSE,FALSE,hexacorallia,FALSE,FALSE,FALSE,TRUE
encrusting sponge,coralnet,sponge,coralscapes_v2,animalia,porifera,not_given,not_given,not_given,not_given,FALSE,FALSE,FALSE,FALSE,FALSE,FALSE,FALSE,FALSE,FALSE,FALSE,FALSE,FALSE,FALSE,FALSE,FALSE,FALSE,FALSE,FALSE,FALSE,FALSE,FALSE,FALSE,FALSE,FALSE,FALSE,FALSE,FALSE,FALSE,FALSE,FALSE,FALSE,FALSE,FALSE,not_given,FALSE,FALSE,FALSE,TRUE
pavona,coralnet,pavona alive,coralscapes_v2,animalia,cnidaria,scleractinia,agariciidae,pavona,not_given,FALSE,FALSE,not_given,FALSE,not_given,FALSE,not_given,FALSE,not_given,not_given,FALSE,FALSE,not_given,FALSE,not_given,TRUE,FALSE,not_given,FALSE,FALSE,not_given,FALSE,FALSE,not_given,FALSE,FALSE,FALSE,FALSE,FALSE,FALSE,FALSE,FALSE,FALSE,hexacorallia,FALSE,FALSE,FALSE,TRUE
algae,coralnet,algae covered substrate,coralscapes_v2,none,none,none,none,none,none,FALSE,FALSE,FALSE,FALSE,FALSE,FALSE,FALSE,FALSE,FALSE,FALSE,FALSE,FALSE,FALSE,FALSE,FALSE,FALSE,FALSE,FALSE,FALSE,FALSE,FALSE,FALSE,FALSE,FALSE,FALSE,TRUE,FALSE,FALSE,FALSE,FALSE,FALSE,not_given,FALSE,none,FALSE,FALSE,FALSE,FALSE
macroalgae: erect coarse branching,coralnet,macroalgae,mermaid,none,none,none,none,none,none,FALSE,FALSE,FALSE,FALSE,FALSE,FALSE,FALSE,FALSE,FALSE,FALSE,FALSE,FALSE,FALSE,FALSE,FALSE,FALSE,FALSE,FALSE,FALSE,FALSE,FALSE,FALSE,FALSE,FALSE,FALSE,TRUE,FALSE,not_given,FALSE,FALSE,FALSE,TRUE,FALSE,none,FALSE,FALSE,FALSE,FALSE
porites (massive),coralnet,porites,mermaid,animalia,cnidaria,scleractinia,poritidae,porites,not_given,FALSE,not_given,not_given,FALSE,TRUE,FALSE,not_given,not_given,not_given,not_given,FALSE,FALSE,not_given,FALSE,not_given,FALSE,FALSE,not_given,FALSE,FALSE,not_given,FALSE,FALSE,FALSE,FALSE,FALSE,FALSE,FALSE,FALSE,FALSE,FALSE,FALSE,FALSE,hexacorallia,FALSE,FALSE,FALSE,TRUE
arms-crep-no recruitment,coralnet,unknown,mermaid,none,none,none,none,none,none,FALSE,FALSE,FALSE,FALSE,FALSE,FALSE,FALSE,FALSE,FALSE,FALSE,FALSE,FALSE,FALSE,FALSE,FALSE,FALSE,FALSE,FALSE,FALSE,FALSE,FALSE,FALSE,FALSE,FALSE,FALSE,FALSE,FALSE,not_given,FALSE,FALSE,FALSE,FALSE,FALSE,none,FALSE,FALSE,FALSE,FALSE
plexaura spp.,coralnet,plexaura,mermaid,animalia,cnidaria,malacalcyonacea,plexauridae,plexaura,not_given,not_given,not_given,not_given,not_given,not_given,not_given,not_given,not_given,not_given,not_given,not_given,not_given,not_given,not_given,not_given,not_given,not_given,not_given,not_given,not_given,not_given,not_given,not_given,not_given,FALSE,FALSE,FALSE,FALSE,FALSE,FALSE,FALSE,FALSE,FALSE,octocorallia,FALSE,FALSE,FALSE,TRUE
crustose coralline algae,coralnet,crustose coralline algae,mermaid,not_given,rhodophyta,corallinales,not_given,not_given,not_given,FALSE,FALSE,FALSE,FALSE,FALSE,FALSE,FALSE,FALSE,FALSE,FALSE,FALSE,FALSE,FALSE,FALSE,FALSE,FALSE,FALSE,FALSE,FALSE,FALSE,FALSE,FALSE,FALSE,FALSE,FALSE,TRUE,FALSE,not_given,FALSE,FALSE,FALSE,FALSE,FALSE,florideophyceae,FALSE,FALSE,not_given,FALSE
porites astreoides,coralnet,porites astreoides,mermaid,animalia,cnidaria,scleractinia,poritidae,porites,porites_astreoides,FALSE,FALSE,not_given,FALSE,TRUE,FALSE,TRUE,FALSE,not_given,not_given,FALSE,FALSE,not_given,FALSE,FALSE,TRUE,FALSE,not_given,FALSE,FALSE,FALSE,FALSE,FALSE,FALSE,FALSE,FALSE,FALSE,FALSE,FALSE,FALSE,FALSE,FALSE,FALSE,hexacorallia,FALSE,FALSE,FALSE,TRUE
cred-porites spp_encrusting,coralnet,porites,mermaid,animalia,cnidaria,scleractinia,poritidae,porites,not_given,FALSE,FALSE,not_given,FALSE,not_given,FALSE,TRUE,not_given,not_given,not_given,FALSE,FALSE,not_given,FALSE,FALSE,not_given,FALSE,not_given,FALSE,FALSE,FALSE,FALSE,FALSE,FALSE,FALSE,FALSE,FALSE,FALSE,FALSE,FALSE,FALSE,FALSE,FALSE,hexacorallia,FALSE,FALSE,FALSE,TRUE
sediment,coralnet,rubble,coralscapes_v2,none,none,none,none,none,none,FALSE,FALSE,FALSE,FALSE,FALSE,FALSE,FALSE,FALSE,FALSE,FALSE,FALSE,FALSE,FALSE,FALSE,FALSE,FALSE,FALSE,FALSE,FALSE,FALSE,FALSE,FALSE,FALSE,FALSE,FALSE,FALSE,FALSE,FALSE,FALSE,FALSE,FALSE,FALSE,FALSE,none,FALSE,not_given,not_given,FALSE
arms-crep-sponge,coralnet,sponge,coralscapes_v2,animalia,porifera,not_given,not_given,not_given,not_given,FALSE,FALSE,FALSE,FALSE,FALSE,FALSE,FALSE,FALSE,FALSE,FALSE,FALSE,FALSE,FALSE,FALSE,FALSE,FALSE,FALSE,FALSE,FALSE,FALSE,FALSE,FALSE,FALSE,FALSE,FALSE,FALSE,FALSE,FALSE,FALSE,FALSE,FALSE,FALSE,FALSE,not_given,FALSE,FALSE,FALSE,TRUE
palythoa caribaeorum,coralnet,palythoa caribaeorum,mermaid,animalia,cnidaria,zoantharia,sphenopidae,palythoa,palythoa_caribaeorum,not_given,not_given,not_given,not_given,not_given,not_given,not_given,not_given,not_given,not_given,not_given,not_given,not_given,not_given,not_given,not_given,not_given,not_given,not_given,not_given,not_given,not_given,not_given,not_given,FALSE,FALSE,FALSE,FALSE,FALSE,FALSE,FALSE,FALSE,FALSE,hexacorallia,FALSE,FALSE,FALSE,TRUE
rubbles,coralnet,rubble,coralscapes_v2,none,none,none,none,none,none,FALSE,FALSE,FALSE,FALSE,FALSE,FALSE,FALSE,FALSE,FALSE,FALSE,FALSE,FALSE,FALSE,FALSE,FALSE,FALSE,FALSE,FALSE,FALSE,FALSE,FALSE,FALSE,FALSE,FALSE,FALSE,FALSE,FALSE,FALSE,FALSE,FALSE,FALSE,FALSE,FALSE,none,FALSE,not_given,not_given,FALSE
unknown,coralnet,unknown,mermaid,none,none,none,none,none,none,FALSE,FALSE,FALSE,FALSE,FALSE,FALSE,FALSE,FALSE,FALSE,FALSE,FALSE,FALSE,FALSE,FALSE,FALSE,FALSE,FALSE,FALSE,FALSE,FALSE,FALSE,FALSE,FALSE,FALSE,FALSE,FALSE,FALSE,not_given,FALSE,FALSE,FALSE,FALSE,FALSE,none,FALSE,FALSE,FALSE,FALSE
hard coral (massive),coralnet,massive coral alive,coralscapes_v2,animalia,cnidaria,scleractinia,not_given,not_given,not_given,FALSE,FALSE,not_given,FALSE,TRUE,not_given,not_given,not_given,FALSE,not_given,FALSE,FALSE,TRUE,FALSE,FALSE,not_given,FALSE,not_given,not_given,FALSE,FALSE,not_given,FALSE,FALSE,FALSE,FALSE,FALSE,FALSE,FALSE,FALSE,FALSE,FALSE,FALSE,hexacorallia,FALSE,FALSE,FALSE,TRUE
goniastrea,coralnet,goniastrea,mermaid,animalia,cnidaria,scleractinia,merulinidae,goniastrea,not_given,not_given,not_given,not_given,not_given,not_given,not_given,not_given,not_given,not_given,not_given,FALSE,FALSE,not_given,FALSE,not_given,FALSE,FALSE,not_given,not_given,not_given,not_given,not_given,FALSE,FALSE,FALSE,FALSE,FALSE,FALSE,FALSE,FALSE,FALSE,FALSE,FALSE,hexacorallia,FALSE,FALSE,FALSE,TRUE
arms-crep-tunicate colonial,coralnet,tunicate,mermaid,animalia,chordata,not_given,not_given,not_given,not_given,FALSE,FALSE,FALSE,FALSE,FALSE,FALSE,FALSE,FALSE,FALSE,FALSE,FALSE,FALSE,FALSE,FALSE,FALSE,FALSE,FALSE,FALSE,FALSE,FALSE,FALSE,FALSE,FALSE,FALSE,FALSE,FALSE,FALSE,FALSE,FALSE,FALSE,FALSE,FALSE,FALSE,not_given,FALSE,FALSE,FALSE,TRUE
dead coral with algae,coralnet,,,animalia,cnidaria,scleractinia,not_given,not_given,not_given,not_given,not_given,not_given,not_given,not_given,not_given,not_given,not_given,not_given,not_given,FALSE,FALSE,not_given,FALSE,not_given,not_given,FALSE,not_given,not_given,not_given,not_given,not_given,FALSE,not_given,FALSE,TRUE,FALSE,FALSE,FALSE,FALSE,FALSE,not_given,FALSE,hexacorallia,FALSE,FALSE,not_given,FALSE
dead coral with algae,mermaid,dead coral with algae,coralnet,animalia,cnidaria,scleractinia,not_given,not_given,not_given,not_given,not_given,not_given,not_given,not_given,not_given,not_given,not_given,not_given,not_given,FALSE,FALSE,not_given,FALSE,not_given,not_given,FALSE,not_given,not_given,not_given,not_given,not_given,FALSE,not_given,FALSE,TRUE,FALSE,FALSE,FALSE,FALSE,FALSE,not_given,FALSE,hexacorallia,FALSE,FALSE,not_given,FALSE
halophilia,coralnet,halophila,mermaid,plantae,not_given,alismatales,hydrocharitaceae,halophila,not_given,FALSE,FALSE,FALSE,FALSE,FALSE,FALSE,FALSE,FALSE,FALSE,FALSE,FALSE,FALSE,FALSE,FALSE,FALSE,FALSE,FALSE,FALSE,FALSE,FALSE,FALSE,FALSE,FALSE,FALSE,FALSE,FALSE,FALSE,FALSE,FALSE,FALSE,FALSE,FALSE,FALSE,not_given,FALSE,FALSE,FALSE,FALSE
arms-crep-unavailable,coralnet,unknown,mermaid,none,none,none,none,none,none,FALSE,FALSE,FALSE,FALSE,FALSE,FALSE,FALSE,FALSE,FALSE,FALSE,FALSE,FALSE,FALSE,FALSE,FALSE,FALSE,FALSE,FALSE,FALSE,FALSE,FALSE,FALSE,FALSE,FALSE,FALSE,FALSE,FALSE,not_given,FALSE,FALSE,FALSE,FALSE,FALSE,none,FALSE,FALSE,FALSE,FALSE
cred-montipora spp_foliose,coralnet,montipora,mermaid,animalia,cnidaria,scleractinia,acroporidae,montipora,not_given,FALSE,not_given,not_given,FALSE,not_given,FALSE,not_given,not_given,TRUE,not_given,FALSE,FALSE,not_given,FALSE,not_given,not_given,FALSE,not_given,FALSE,FALSE,not_given,FALSE,FALSE,not_given,FALSE,FALSE,FALSE,FALSE,FALSE,FALSE,FALSE,FALSE,FALSE,hexacorallia,FALSE,FALSE,FALSE,TRUE
cred-acropora spp_tabular,coralnet,table acropora alive,coralscapes_v2,animalia,cnidaria,scleractinia,acroporidae,acropora,not_given,FALSE,FALSE,FALSE,FALSE,FALSE,FALSE,FALSE,FALSE,FALSE,FALSE,FALSE,FALSE,FALSE,FALSE,TRUE,TRUE,FALSE,FALSE,FALSE,not_given,FALSE,FALSE,FALSE,TRUE,FALSE,FALSE,FALSE,FALSE,FALSE,FALSE,FALSE,FALSE,FALSE,hexacorallia,FALSE,FALSE,FALSE,TRUE
caulerpa,coralnet,caulerpa,mermaid,plantae,chlorophyta,bryopsidales,caulerpaceae,caulerpa,not_given,FALSE,FALSE,FALSE,FALSE,FALSE,FALSE,FALSE,FALSE,FALSE,FALSE,FALSE,FALSE,FALSE,FALSE,FALSE,FALSE,FALSE,FALSE,FALSE,FALSE,FALSE,FALSE,FALSE,FALSE,FALSE,TRUE,FALSE,FALSE,FALSE,FALSE,FALSE,FALSE,FALSE,ulvophyceae,FALSE,FALSE,FALSE,FALSE
hard coral (encrusting),coralnet,hard coral alive,coralscapes_v2,animalia,cnidaria,scleractinia,not_given,not_given,not_given,FALSE,FALSE,not_given,FALSE,not_given,not_given,TRUE,not_given,not_given,not_given,FALSE,FALSE,not_given,FALSE,FALSE,not_given,FALSE,not_given,not_given,FALSE,FALSE,not_given,FALSE,FALSE,FALSE,FALSE,FALSE,FALSE,FALSE,FALSE,FALSE,FALSE,FALSE,hexacorallia,FALSE,FALSE,FALSE,TRUE
fleshy calcified algae,coralnet,crustose coralline algae,mermaid,not_given,rhodophyta,corallinales,not_given,not_given,not_given,FALSE,FALSE,FALSE,FALSE,FALSE,FALSE,FALSE,FALSE,FALSE,FALSE,FALSE,FALSE,FALSE,FALSE,FALSE,FALSE,FALSE,FALSE,FALSE,FALSE,FALSE,FALSE,FALSE,FALSE,FALSE,TRUE,FALSE,not_given,FALSE,FALSE,FALSE,FALSE,FALSE,florideophyceae,FALSE,FALSE,not_given,FALSE
cred-microdictyon spp,coralnet,microdictyon,mermaid,plantae,chlorophyta,cladophorales,anadyomenaceae,microdictyon,not_given,FALSE,FALSE,FALSE,FALSE,FALSE,FALSE,FALSE,FALSE,FALSE,FALSE,FALSE,FALSE,FALSE,FALSE,FALSE,FALSE,FALSE,FALSE,FALSE,FALSE,FALSE,FALSE,FALSE,FALSE,FALSE,TRUE,FALSE,FALSE,FALSE,FALSE,FALSE,FALSE,FALSE,ulvophyceae,FALSE,FALSE,FALSE,FALSE
algal assemblage,coralnet,algae covered substrate,coralscapes_v2,none,none,none,none,none,none,FALSE,FALSE,FALSE,FALSE,FALSE,FALSE,FALSE,FALSE,FALSE,FALSE,FALSE,FALSE,FALSE,FALSE,FALSE,FALSE,FALSE,FALSE,FALSE,FALSE,FALSE,FALSE,FALSE,FALSE,FALSE,TRUE,FALSE,FALSE,FALSE,FALSE,FALSE,not_given,FALSE,none,FALSE,FALSE,FALSE,FALSE
heliopora,coralnet,heliopora,mermaid,animalia,cnidaria,scleralcyonacea,helioporidae,heliopora,not_given,not_given,not_given,not_given,not_given,not_given,not_given,not_given,not_given,not_given,not_given,not_given,not_given,not_given,not_given,not_given,not_given,not_given,not_given,not_given,not_given,not_given,not_given,not_given,not_given,FALSE,FALSE,FALSE,FALSE,FALSE,FALSE,FALSE,FALSE,FALSE,octocorallia,FALSE,FALSE,FALSE,TRUE
porites cylindrica,coralnet,porites cylindrica,mermaid,animalia,cnidaria,scleractinia,poritidae,porites,porites_cylindrica,FALSE,FALSE,not_given,FALSE,FALSE,FALSE,TRUE,not_given,FALSE,not_given,FALSE,FALSE,FALSE,FALSE,TRUE,not_given,FALSE,FALSE,FALSE,FALSE,FALSE,FALSE,FALSE,FALSE,FALSE,FALSE,FALSE,FALSE,FALSE,FALSE,FALSE,FALSE,FALSE,hexacorallia,FALSE,FALSE,FALSE,TRUE
cred-octocoral,coralnet,octocorallia,mermaid,animalia,cnidaria,not_given,not_given,not_given,not_given,not_given,not_given,not_given,not_given,not_given,not_given,not_given,not_given,not_given,not_given,not_given,not_given,not_given,not_given,not_given,not_given,not_given,not_given,not_given,not_given,not_given,not_given,not_given,not_given,FALSE,FALSE,FALSE,FALSE,FALSE,FALSE,FALSE,FALSE,FALSE,octocorallia,FALSE,FALSE,FALSE,TRUE
thalassia testudinum,coralnet,thalassia testudinum,mermaid,plantae,not_given,alismatales,hydrocharitaceae,thalassia,thalassia_testudinum,FALSE,FALSE,FALSE,FALSE,FALSE,FALSE,FALSE,FALSE,FALSE,FALSE,FALSE,FALSE,FALSE,FALSE,FALSE,FALSE,FALSE,FALSE,FALSE,FALSE,FALSE,FALSE,FALSE,FALSE,FALSE,FALSE,FALSE,FALSE,FALSE,FALSE,FALSE,FALSE,FALSE,not_given,FALSE,FALSE,FALSE,FALSE
ulva,coralnet,ulva,mermaid,plantae,chlorophyta,ulvales,ulvaceae,ulva,not_given,FALSE,FALSE,FALSE,FALSE,FALSE,FALSE,FALSE,FALSE,FALSE,FALSE,FALSE,FALSE,FALSE,FALSE,FALSE,FALSE,FALSE,FALSE,FALSE,FALSE,FALSE,FALSE,FALSE,FALSE,FALSE,TRUE,FALSE,FALSE,FALSE,FALSE,FALSE,FALSE,FALSE,ulvophyceae,FALSE,FALSE,FALSE,FALSE
millepora alcicornis,coralnet,millepora alcicornis,mermaid,animalia,cnidaria,anthoathecata,milleporidae,millepora,millepora_alcicornis,not_given,not_given,not_given,not_given,not_given,not_given,not_given,not_given,not_given,not_given,not_given,not_given,not_given,not_given,not_given,not_given,not_given,not_given,not_given,not_given,not_given,not_given,not_given,not_given,FALSE,FALSE,FALSE,FALSE,FALSE,FALSE,FALSE,FALSE,FALSE,hydrozoa,FALSE,FALSE,FALSE,TRUE
isopora,coralnet,isopora,mermaid,animalia,cnidaria,scleractinia,acroporidae,isopora,not_given,not_given,not_given,not_given,not_given,not_given,not_given,not_given,not_given,not_given,not_given,FALSE,FALSE,not_given,FALSE,not_given,not_given,FALSE,not_given,not_given,not_given,not_given,not_given,FALSE,not_given,FALSE,FALSE,FALSE,FALSE,FALSE,FALSE,FALSE,FALSE,FALSE,hexacorallia,FALSE,FALSE,FALSE,TRUE
cred-porites spp_branching,coralnet,porites,mermaid,animalia,cnidaria,scleractinia,poritidae,porites,not_given,FALSE,not_given,not_given,FALSE,FALSE,FALSE,FALSE,not_given,FALSE,not_given,FALSE,FALSE,FALSE,FALSE,TRUE,not_given,FALSE,FALSE,FALSE,FALSE,not_given,FALSE,FALSE,not_given,FALSE,FALSE,FALSE,FALSE,FALSE,FALSE,FALSE,FALSE,FALSE,hexacorallia,FALSE,FALSE,FALSE,TRUE
echinopora,coralnet,echinopora,mermaid,animalia,cnidaria,scleractinia,merulinidae,echinopora,not_given,not_given,not_given,not_given,not_given,not_given,not_given,not_given,not_given,not_given,not_given,FALSE,FALSE,not_given,FALSE,not_given,not_given,FALSE,not_given,not_given,not_given,not_given,not_given,FALSE,not_given,FALSE,FALSE,FALSE,FALSE,FALSE,FALSE,FALSE,FALSE,FALSE,hexacorallia,FALSE,FALSE,FALSE,TRUE
others,coralnet,unknown,mermaid,none,none,none,none,none,none,FALSE,FALSE,FALSE,FALSE,FALSE,FALSE,FALSE,FALSE,FALSE,FALSE,FALSE,FALSE,FALSE,FALSE,FALSE,FALSE,FALSE,FALSE,FALSE,FALSE,FALSE,FALSE,FALSE,FALSE,FALSE,FALSE,FALSE,not_given,FALSE,FALSE,FALSE,FALSE,FALSE,none,FALSE,FALSE,FALSE,FALSE
detritus,coralnet,unknown,mermaid,none,none,none,none,none,none,FALSE,FALSE,FALSE,FALSE,FALSE,FALSE,FALSE,FALSE,FALSE,FALSE,FALSE,FALSE,FALSE,FALSE,FALSE,FALSE,FALSE,FALSE,FALSE,FALSE,FALSE,FALSE,FALSE,FALSE,FALSE,FALSE,FALSE,not_given,FALSE,FALSE,FALSE,FALSE,FALSE,none,FALSE,FALSE,FALSE,FALSE
all other,coralnet,unknown,mermaid,none,none,none,none,none,none,FALSE,FALSE,FALSE,FALSE,FALSE,FALSE,FALSE,FALSE,FALSE,FALSE,FALSE,FALSE,FALSE,FALSE,FALSE,FALSE,FALSE,FALSE,FALSE,FALSE,FALSE,FALSE,FALSE,FALSE,FALSE,FALSE,FALSE,not_given,FALSE,FALSE,FALSE,FALSE,FALSE,none,FALSE,FALSE,FALSE,FALSE
sponge other,coralnet,sponge,coralscapes_v2,animalia,porifera,not_given,not_given,not_given,not_given,FALSE,FALSE,FALSE,FALSE,FALSE,FALSE,FALSE,FALSE,FALSE,FALSE,FALSE,FALSE,FALSE,FALSE,FALSE,FALSE,FALSE,FALSE,FALSE,FALSE,FALSE,FALSE,FALSE,FALSE,FALSE,FALSE,FALSE,FALSE,FALSE,FALSE,FALSE,FALSE,FALSE,not_given,FALSE,FALSE,FALSE,TRUE
tape,coralnet,transect line,coralscapes_v2,none,none,none,none,none,none,FALSE,FALSE,FALSE,FALSE,FALSE,FALSE,FALSE,FALSE,FALSE,FALSE,FALSE,FALSE,FALSE,FALSE,FALSE,FALSE,FALSE,FALSE,FALSE,FALSE,FALSE,FALSE,FALSE,FALSE,FALSE,FALSE,FALSE,TRUE,FALSE,TRUE,TRUE,FALSE,FALSE,none,FALSE,FALSE,FALSE,FALSE
cred-encrusting hard coral,coralnet,hard coral alive,coralscapes_v2,animalia,cnidaria,scleractinia,not_given,not_given,not_given,FALSE,FALSE,not_given,FALSE,not_given,not_given,TRUE,not_given,not_given,not_given,FALSE,FALSE,not_given,FALSE,FALSE,not_given,FALSE,not_given,not_given,FALSE,FALSE,not_given,FALSE,FALSE,FALSE,FALSE,FALSE,FALSE,FALSE,FALSE,FALSE,FALSE,FALSE,hexacorallia,FALSE,FALSE,FALSE,TRUE
microdictyon,coralnet,microdictyon,mermaid,plantae,chlorophyta,cladophorales,anadyomenaceae,microdictyon,not_given,FALSE,FALSE,FALSE,FALSE,FALSE,FALSE,FALSE,FALSE,FALSE,FALSE,FALSE,FALSE,FALSE,FALSE,FALSE,FALSE,FALSE,FALSE,FALSE,FALSE,FALSE,FALSE,FALSE,FALSE,FALSE,TRUE,FALSE,FALSE,FALSE,FALSE,FALSE,FALSE,FALSE,ulvophyceae,FALSE,FALSE,FALSE,FALSE
millepora,coralnet,millepora,coralscapes_v2,animalia,cnidaria,anthoathecata,milleporidae,millepora,not_given,not_given,not_given,not_given,not_given,not_given,not_given,not_given,not_given,not_given,not_given,not_given,not_given,not_given,not_given,not_given,not_given,not_given,not_given,not_given,not_given,not_given,not_given,not_given,not_given,FALSE,FALSE,FALSE,FALSE,FALSE,FALSE,FALSE,FALSE,FALSE,hydrozoa,FALSE,FALSE,FALSE,TRUE
tag/frame/zspar etc,coralnet,transect tools,coralscapes_v2,none,none,none,none,none,none,FALSE,FALSE,FALSE,FALSE,FALSE,FALSE,FALSE,FALSE,FALSE,FALSE,FALSE,FALSE,FALSE,FALSE,FALSE,FALSE,FALSE,FALSE,FALSE,FALSE,FALSE,FALSE,FALSE,FALSE,FALSE,FALSE,FALSE,TRUE,FALSE,TRUE,FALSE,FALSE,FALSE,none,FALSE,FALSE,FALSE,FALSE
xeniidae,coralnet,xeniidae,mermaid,animalia,cnidaria,malacalcyonacea,xeniidae,not_given,not_given,not_given,not_given,not_given,not_given,not_given,not_given,not_given,not_given,not_given,not_given,not_given,not_given,not_given,not_given,not_given,not_given,not_given,not_given,not_given,not_given,not_given,not_given,not_given,not_given,FALSE,FALSE,FALSE,FALSE,FALSE,FALSE,FALSE,FALSE,FALSE,octocorallia,FALSE,FALSE,FALSE,TRUE
cred-blue-green macroalga,coralnet,macroalgae,mermaid,none,none,none,none,none,none,FALSE,FALSE,FALSE,FALSE,FALSE,FALSE,FALSE,FALSE,FALSE,FALSE,FALSE,FALSE,FALSE,FALSE,FALSE,FALSE,FALSE,FALSE,FALSE,FALSE,FALSE,FALSE,FALSE,FALSE,FALSE,TRUE,FALSE,not_given,FALSE,FALSE,FALSE,TRUE,FALSE,none,FALSE,FALSE,FALSE,FALSE
montipora patula,coralnet,montipora patula,mermaid,animalia,cnidaria,scleractinia,acroporidae,montipora,montipora_patula,FALSE,FALSE,not_given,FALSE,not_given,FALSE,TRUE,FALSE,not_given,not_given,FALSE,FALSE,not_given,FALSE,FALSE,TRUE,FALSE,not_given,FALSE,FALSE,FALSE,FALSE,FALSE,FALSE,FALSE,FALSE,FALSE,FALSE,FALSE,FALSE,FALSE,FALSE,FALSE,hexacorallia,FALSE,FALSE,FALSE,TRUE
coral,coralnet,other coral alive,coralscapes_v2,animalia,cnidaria,not_given,not_given,not_given,not_given,not_given,not_given,not_given,not_given,not_given,not_given,not_given,not_given,not_given,not_given,not_given,not_given,not_given,not_given,not_given,not_given,not_given,not_given,not_given,not_given,not_given,not_given,not_given,not_given,FALSE,FALSE,FALSE,FALSE,FALSE,FALSE,FALSE,FALSE,FALSE,not_given,FALSE,FALSE,FALSE,TRUE
macroalgae: filamentous / filiform : red,coralnet,rhodophyta,mermaid,not_given,rhodophyta,not_given,not_given,not_given,not_given,FALSE,FALSE,FALSE,FALSE,FALSE,FALSE,FALSE,FALSE,FALSE,FALSE,FALSE,FALSE,FALSE,FALSE,FALSE,FALSE,FALSE,FALSE,FALSE,FALSE,FALSE,FALSE,FALSE,FALSE,FALSE,TRUE,FALSE,not_given,FALSE,FALSE,FALSE,FALSE,FALSE,not_given,FALSE,FALSE,FALSE,FALSE
favites,coralnet,favites,mermaid,animalia,cnidaria,scleractinia,merulinidae,favites,not_given,not_given,not_given,not_given,not_given,not_given,not_given,not_given,not_given,not_given,not_given,FALSE,FALSE,not_given,FALSE,not_given,not_given,FALSE,not_given,not_given,not_given,not_given,not_given,FALSE,not_given,FALSE,FALSE,FALSE,FALSE,FALSE,FALSE,FALSE,FALSE,FALSE,hexacorallia,FALSE,FALSE,FALSE,TRUE
arms-crep-calcareous worm tube,coralnet,hard substrate,coralscapes_v2,none,none,none,none,none,none,FALSE,FALSE,FALSE,FALSE,FALSE,FALSE,FALSE,FALSE,FALSE,FALSE,FALSE,FALSE,FALSE,FALSE,FALSE,FALSE,FALSE,FALSE,FALSE,FALSE,FALSE,FALSE,FALSE,FALSE,FALSE,FALSE,FALSE,FALSE,FALSE,FALSE,FALSE,FALSE,FALSE,none,FALSE,FALSE,TRUE,FALSE
pocillopora damicornis,coralnet,pocillopora damicornis,mermaid,animalia,cnidaria,scleractinia,pocilloporidae,pocillopora,pocillopora_damicornis,FALSE,not_given,FALSE,FALSE,FALSE,FALSE,FALSE,not_given,FALSE,FALSE,FALSE,FALSE,FALSE,FALSE,TRUE,FALSE,FALSE,FALSE,FALSE,not_given,not_given,FALSE,FALSE,FALSE,FALSE,FALSE,FALSE,FALSE,FALSE,FALSE,FALSE,FALSE,FALSE,hexacorallia,FALSE,FALSE,FALSE,TRUE
siderastrea siderea,coralnet,siderastrea siderea,mermaid,animalia,cnidaria,scleractinia,siderastreidae,siderastrea,siderastrea_siderea,FALSE,FALSE,not_given,FALSE,TRUE,not_given,TRUE,not_given,not_given,not_given,FALSE,FALSE,TRUE,FALSE,FALSE,not_given,FALSE,not_given,not_given,FALSE,FALSE,not_given,FALSE,FALSE,FALSE,FALSE,FALSE,FALSE,FALSE,FALSE,FALSE,FALSE,FALSE,hexacorallia,FALSE,FALSE,FALSE,TRUE
halimeda copiosa,coralnet,halimeda copiosa,mermaid,plantae,chlorophyta,bryopsidales,halimedaceae,halimeda,halimeda_copiosa,FALSE,FALSE,FALSE,FALSE,FALSE,FALSE,FALSE,FALSE,FALSE,FALSE,FALSE,FALSE,FALSE,FALSE,FALSE,FALSE,FALSE,FALSE,FALSE,FALSE,FALSE,FALSE,FALSE,FALSE,FALSE,TRUE,FALSE,FALSE,FALSE,FALSE,FALSE,TRUE,FALSE,ulvophyceae,FALSE,FALSE,FALSE,FALSE
black crust,coralnet,algae covered substrate,coralscapes_v2,none,none,none,none,none,none,FALSE,FALSE,FALSE,FALSE,FALSE,FALSE,FALSE,FALSE,FALSE,FALSE,FALSE,FALSE,FALSE,FALSE,FALSE,FALSE,FALSE,FALSE,FALSE,FALSE,FALSE,FALSE,FALSE,FALSE,FALSE,TRUE,FALSE,FALSE,FALSE,FALSE,FALSE,not_given,FALSE,none,FALSE,FALSE,FALSE,FALSE
leptastrea,coralnet,leptastrea,mermaid,animalia,cnidaria,scleractinia,leptastreidae,leptastrea,not_given,not_given,not_given,not_given,not_given,not_given,not_given,not_given,not_given,not_given,not_given,FALSE,FALSE,not_given,FALSE,not_given,not_given,FALSE,not_given,not_given,not_given,not_given,not_given,FALSE,not_given,FALSE,FALSE,FALSE,FALSE,FALSE,FALSE,FALSE,FALSE,FALSE,hexacorallia,FALSE,FALSE,FALSE,TRUE
agaricia agaricites,coralnet,agaricia agaricites,mermaid,animalia,cnidaria,scleractinia,agariciidae,agaricia,agaricia_agaricites,FALSE,FALSE,not_given,FALSE,not_given,not_given,TRUE,FALSE,not_given,not_given,FALSE,FALSE,TRUE,FALSE,FALSE,TRUE,FALSE,not_given,not_given,FALSE,FALSE,not_given,FALSE,FALSE,FALSE,FALSE,FALSE,FALSE,FALSE,FALSE,FALSE,FALSE,FALSE,hexacorallia,FALSE,FALSE,FALSE,TRUE
jania,coralnet,jania,mermaid,not_given,rhodophyta,corallinales,corallinaceae,jania,not_given,FALSE,FALSE,FALSE,FALSE,FALSE,FALSE,FALSE,FALSE,FALSE,FALSE,FALSE,FALSE,FALSE,FALSE,FALSE,FALSE,FALSE,FALSE,FALSE,FALSE,FALSE,FALSE,FALSE,FALSE,FALSE,TRUE,FALSE,not_given,FALSE,FALSE,FALSE,FALSE,FALSE,florideophyceae,FALSE,FALSE,FALSE,FALSE
pseudodiploria strigosa,coralnet,pseudodiploria strigosa,mermaid,animalia,cnidaria,scleractinia,mussidae,pseudodiploria,pseudodiploria_strigosa,FALSE,FALSE,TRUE,FALSE,not_given,not_given,not_given,FALSE,FALSE,not_given,FALSE,FALSE,not_given,FALSE,FALSE,not_given,FALSE,TRUE,not_given,FALSE,FALSE,not_given,not_given,FALSE,FALSE,FALSE,FALSE,FALSE,FALSE,FALSE,FALSE,FALSE,FALSE,hexacorallia,FALSE,FALSE,FALSE,TRUE
sick cca,coralnet,crustose coralline algae,mermaid,not_given,rhodophyta,corallinales,not_given,not_given,not_given,FALSE,FALSE,FALSE,FALSE,FALSE,FALSE,FALSE,FALSE,FALSE,FALSE,FALSE,FALSE,FALSE,FALSE,FALSE,FALSE,FALSE,FALSE,FALSE,FALSE,FALSE,FALSE,FALSE,FALSE,FALSE,TRUE,FALSE,not_given,FALSE,FALSE,FALSE,FALSE,FALSE,florideophyceae,FALSE,FALSE,not_given,FALSE
dipsastraea,coralnet,dipsastraea,mermaid,animalia,cnidaria,scleractinia,merulinidae,dipsastraea,not_given,not_given,not_given,not_given,not_given,not_given,not_given,not_given,not_given,not_given,not_given,FALSE,FALSE,not_given,FALSE,not_given,FALSE,FALSE,not_given,not_given,not_given,not_given,not_given,FALSE,not_given,FALSE,FALSE,FALSE,FALSE,FALSE,FALSE,FALSE,FALSE,FALSE,hexacorallia,FALSE,FALSE,FALSE,TRUE
boulder,coralnet,hard substrate,coralscapes_v2,none,none,none,none,none,none,FALSE,FALSE,FALSE,FALSE,FALSE,FALSE,FALSE,FALSE,FALSE,FALSE,FALSE,FALSE,FALSE,FALSE,FALSE,FALSE,FALSE,FALSE,FALSE,FALSE,FALSE,FALSE,FALSE,FALSE,FALSE,FALSE,FALSE,FALSE,FALSE,FALSE,FALSE,FALSE,FALSE,none,FALSE,FALSE,TRUE,FALSE
live coral,coralnet,other coral alive,coralscapes_v2,animalia,cnidaria,not_given,not_given,not_given,not_given,not_given,not_given,not_given,not_given,not_given,not_given,not_given,not_given,not_given,not_given,not_given,not_given,not_given,not_given,not_given,not_given,not_given,not_given,not_given,not_given,not_given,not_given,not_given,not_given,FALSE,FALSE,FALSE,FALSE,FALSE,FALSE,FALSE,FALSE,FALSE,not_given,FALSE,FALSE,FALSE,TRUE
orbicella annularis,coralnet,orbicella annularis,mermaid,animalia,cnidaria,scleractinia,merulinidae,orbicella,orbicella_annularis,not_given,not_given,not_given,not_given,TRUE,not_given,not_given,not_given,not_given,TRUE,FALSE,FALSE,not_given,FALSE,not_given,not_given,FALSE,not_given,not_given,not_given,not_given,not_given,FALSE,not_given,FALSE,FALSE,FALSE,FALSE,FALSE,FALSE,FALSE,FALSE,FALSE,hexacorallia,FALSE,FALSE,FALSE,TRUE
sinularia,coralnet,sinularia,mermaid,animalia,cnidaria,malacalcyonacea,alcyoniidae,sinularia,not_given,not_given,not_given,not_given,not_given,not_given,not_given,not_given,not_given,not_given,not_given,not_given,not_given,not_given,not_given,not_given,not_given,not_given,not_given,not_given,not_given,not_given,not_given,not_given,not_given,FALSE,FALSE,FALSE,FALSE,FALSE,FALSE,FALSE,FALSE,FALSE,octocorallia,FALSE,FALSE,FALSE,TRUE
acroporidae (branching),coralnet,acroporidae,mermaid,animalia,cnidaria,scleractinia,acroporidae,not_given,not_given,not_given,not_given,not_given,not_given,FALSE,not_given,FALSE,not_given,FALSE,not_given,FALSE,FALSE,FALSE,FALSE,TRUE,not_given,FALSE,FALSE,not_given,not_given,not_given,not_given,FALSE,not_given,FALSE,FALSE,FALSE,FALSE,FALSE,FALSE,FALSE,FALSE,FALSE,hexacorallia,FALSE,FALSE,FALSE,TRUE
transect hardware,coralnet,transect tools,coralscapes_v2,none,none,none,none,none,none,FALSE,FALSE,FALSE,FALSE,FALSE,FALSE,FALSE,FALSE,FALSE,FALSE,FALSE,FALSE,FALSE,FALSE,FALSE,FALSE,FALSE,FALSE,FALSE,FALSE,FALSE,FALSE,FALSE,FALSE,FALSE,FALSE,FALSE,TRUE,FALSE,TRUE,FALSE,FALSE,FALSE,none,FALSE,FALSE,FALSE,FALSE
cred-porites spp_foliose,coralnet,porites,mermaid,animalia,cnidaria,scleractinia,poritidae,porites,not_given,FALSE,not_given,not_given,FALSE,not_given,FALSE,not_given,not_given,TRUE,not_given,FALSE,FALSE,not_given,FALSE,not_given,not_given,FALSE,not_given,FALSE,FALSE,not_given,FALSE,FALSE,not_given,FALSE,FALSE,FALSE,FALSE,FALSE,FALSE,FALSE,FALSE,FALSE,hexacorallia,FALSE,FALSE,FALSE,TRUE
orbicella faveolata,coralnet,orbicella faveolata,mermaid,animalia,cnidaria,scleractinia,merulinidae,orbicella,orbicella_faveolata,not_given,FALSE,not_given,not_given,TRUE,not_given,not_given,FALSE,not_given,TRUE,FALSE,FALSE,not_given,FALSE,not_given,TRUE,FALSE,not_given,not_given,not_given,not_given,not_given,FALSE,not_given,FALSE,FALSE,FALSE,FALSE,FALSE,FALSE,FALSE,FALSE,FALSE,hexacorallia,FALSE,FALSE,FALSE,TRUE
platygyra,coralnet,platygyra,mermaid,animalia,cnidaria,scleractinia,merulinidae,platygyra,not_given,FALSE,not_given,not_given,FALSE,not_given,not_given,not_given,not_given,not_given,not_given,FALSE,FALSE,not_given,FALSE,not_given,not_given,FALSE,not_given,FALSE,not_given,not_given,FALSE,FALSE,not_given,FALSE,FALSE,FALSE,FALSE,FALSE,FALSE,FALSE,FALSE,FALSE,hexacorallia,FALSE,FALSE,FALSE,TRUE
macroalgae: encrusting: brown,coralnet,macroalgae,mermaid,none,none,none,none,none,none,FALSE,FALSE,FALSE,FALSE,FALSE,FALSE,FALSE,FALSE,FALSE,FALSE,FALSE,FALSE,FALSE,FALSE,FALSE,FALSE,FALSE,FALSE,FALSE,FALSE,FALSE,FALSE,FALSE,FALSE,FALSE,TRUE,FALSE,not_given,FALSE,FALSE,FALSE,TRUE,FALSE,none,FALSE,FALSE,FALSE,FALSE
hard coral (branching),coralnet,branching coral alive,coralscapes_v2,animalia,cnidaria,scleractinia,not_given,not_given,not_given,not_given,not_given,FALSE,not_given,FALSE,not_given,FALSE,not_given,FALSE,not_given,FALSE,FALSE,FALSE,FALSE,TRUE,not_given,FALSE,FALSE,not_given,not_given,not_given,not_given,FALSE,not_given,FALSE,FALSE,FALSE,FALSE,FALSE,FALSE,FALSE,FALSE,FALSE,hexacorallia,FALSE,FALSE,FALSE,TRUE
turf algae (macroalgae),coralnet,macroalgae,mermaid,none,none,none,none,none,none,FALSE,FALSE,FALSE,FALSE,FALSE,FALSE,FALSE,FALSE,FALSE,FALSE,FALSE,FALSE,FALSE,FALSE,FALSE,FALSE,FALSE,FALSE,FALSE,FALSE,FALSE,FALSE,FALSE,FALSE,FALSE,TRUE,FALSE,not_given,FALSE,FALSE,FALSE,TRUE,FALSE,none,FALSE,FALSE,FALSE,FALSE
cred-astreopora spp,coralnet,astreopora,mermaid,animalia,cnidaria,scleractinia,acroporidae,astreopora,not_given,not_given,not_given,not_given,not_given,not_given,not_given,not_given,not_given,not_given,not_given,FALSE,FALSE,not_given,FALSE,not_given,not_given,FALSE,not_given,not_given,not_given,not_given,not_given,FALSE,not_given,FALSE,FALSE,FALSE,FALSE,FALSE,FALSE,FALSE,FALSE,FALSE,hexacorallia,FALSE,FALSE,FALSE,TRUE
acropora (tabular),coralnet,table acropora alive,coralscapes_v2,animalia,cnidaria,scleractinia,acroporidae,acropora,not_given,FALSE,FALSE,FALSE,FALSE,FALSE,FALSE,FALSE,FALSE,FALSE,FALSE,FALSE,FALSE,FALSE,FALSE,TRUE,TRUE,FALSE,FALSE,FALSE,not_given,FALSE,FALSE,FALSE,TRUE,FALSE,FALSE,FALSE,FALSE,FALSE,FALSE,FALSE,FALSE,FALSE,hexacorallia,FALSE,FALSE,FALSE,TRUE
macroalgae: encrusting: green,coralnet,green algae,mermaid,plantae,not_given,not_given,not_given,not_given,not_given,FALSE,FALSE,FALSE,FALSE,FALSE,FALSE,FALSE,FALSE,FALSE,FALSE,FALSE,FALSE,FALSE,FALSE,FALSE,FALSE,FALSE,FALSE,FALSE,FALSE,FALSE,FALSE,FALSE,FALSE,FALSE,TRUE,FALSE,FALSE,FALSE,FALSE,FALSE,TRUE,FALSE,not_given,FALSE,FALSE,FALSE,FALSE
algae (fleshy),coralnet,algae covered substrate,coralscapes_v2,none,none,none,none,none,none,FALSE,FALSE,FALSE,FALSE,FALSE,FALSE,FALSE,FALSE,FALSE,FALSE,FALSE,FALSE,FALSE,FALSE,FALSE,FALSE,FALSE,FALSE,FALSE,FALSE,FALSE,FALSE,FALSE,FALSE,FALSE,TRUE,FALSE,FALSE,FALSE,FALSE,FALSE,not_given,FALSE,none,FALSE,FALSE,FALSE,FALSE
rock_pavement,coralnet,hard substrate,coralscapes_v2,none,none,none,none,none,none,FALSE,FALSE,FALSE,FALSE,FALSE,FALSE,FALSE,FALSE,FALSE,FALSE,FALSE,FALSE,FALSE,FALSE,FALSE,FALSE,FALSE,FALSE,FALSE,FALSE,FALSE,FALSE,FALSE,FALSE,FALSE,FALSE,FALSE,FALSE,FALSE,FALSE,FALSE,FALSE,FALSE,none,FALSE,FALSE,TRUE,FALSE
pseudoplexaura spp.,coralnet,pseudoplexaura,mermaid,animalia,cnidaria,malacalcyonacea,plexauridae,pseudoplexaura,not_given,not_given,not_given,not_given,not_given,not_given,not_given,not_given,not_given,not_given,not_given,not_given,not_given,not_given,not_given,not_given,not_given,not_given,not_given,not_given,not_given,not_given,not_given,not_given,not_given,FALSE,FALSE,FALSE,FALSE,FALSE,FALSE,FALSE,FALSE,FALSE,octocorallia,FALSE,FALSE,FALSE,TRUE
pseudopterogorgia,coralnet,pseudopterogorgia,mermaid,animalia,cnidaria,malacalcyonacea,gorgoniidae,pseudopterogorgia,not_given,not_given,not_given,not_given,not_given,not_given,not_given,not_given,not_given,not_given,not_given,not_given,not_given,not_given,not_given,not_given,not_given,not_given,not_given,not_given,not_given,not_given,not_given,not_given,not_given,FALSE,FALSE,FALSE,FALSE,FALSE,FALSE,FALSE,FALSE,FALSE,octocorallia,FALSE,FALSE,FALSE,TRUE
acropora (branching),coralnet,acropora alive,coralscapes_v2,animalia,cnidaria,scleractinia,acroporidae,acropora,not_given,FALSE,not_given,FALSE,FALSE,FALSE,FALSE,FALSE,not_given,FALSE,FALSE,FALSE,FALSE,FALSE,FALSE,TRUE,not_given,FALSE,FALSE,FALSE,not_given,not_given,FALSE,FALSE,not_given,FALSE,FALSE,FALSE,FALSE,FALSE,FALSE,FALSE,FALSE,FALSE,hexacorallia,FALSE,FALSE,FALSE,TRUE
cred-red macroalgae,coralnet,macroalgae,mermaid,none,none,none,none,none,none,FALSE,FALSE,FALSE,FALSE,FALSE,FALSE,FALSE,FALSE,FALSE,FALSE,FALSE,FALSE,FALSE,FALSE,FALSE,FALSE,FALSE,FALSE,FALSE,FALSE,FALSE,FALSE,FALSE,FALSE,FALSE,TRUE,FALSE,not_given,FALSE,FALSE,FALSE,TRUE,FALSE,none,FALSE,FALSE,FALSE,FALSE
astreopora,coralnet,astreopora,mermaid,animalia,cnidaria,scleractinia,acroporidae,astreopora,not_given,not_given,not_given,not_given,not_given,not_given,not_given,not_given,not_given,not_given,not_given,FALSE,FALSE,not_given,FALSE,not_given,not_given,FALSE,not_given,not_given,not_given,not_given,not_given,FALSE,not_given,FALSE,FALSE,FALSE,FALSE,FALSE,FALSE,FALSE,FALSE,FALSE,hexacorallia,FALSE,FALSE,FALSE,TRUE
framer,coralnet,transect tools,coralscapes_v2,none,none,none,none,none,none,FALSE,FALSE,FALSE,FALSE,FALSE,FALSE,FALSE,FALSE,FALSE,FALSE,FALSE,FALSE,FALSE,FALSE,FALSE,FALSE,FALSE,FALSE,FALSE,FALSE,FALSE,FALSE,FALSE,FALSE,FALSE,FALSE,FALSE,TRUE,FALSE,TRUE,FALSE,FALSE,FALSE,none,FALSE,FALSE,FALSE,FALSE
sand/silt,coralnet,sand,coralscapes_v2,none,none,none,none,none,none,FALSE,FALSE,FALSE,FALSE,FALSE,FALSE,FALSE,FALSE,FALSE,FALSE,FALSE,FALSE,FALSE,FALSE,FALSE,FALSE,FALSE,FALSE,FALSE,FALSE,FALSE,FALSE,FALSE,FALSE,FALSE,FALSE,FALSE,FALSE,FALSE,FALSE,FALSE,FALSE,FALSE,none,FALSE,TRUE,FALSE,FALSE
octocorallia,coralnet,octocorallia,mermaid,animalia,cnidaria,not_given,not_given,not_given,not_given,not_given,not_given,not_given,not_given,not_given,not_given,not_given,not_given,not_given,not_given,not_given,not_given,not_given,not_given,not_given,not_given,not_given,not_given,not_given,not_given,not_given,not_given,not_given,not_given,FALSE,FALSE,FALSE,FALSE,FALSE,FALSE,FALSE,FALSE,FALSE,octocorallia,FALSE,FALSE,FALSE,TRUE
branching gorgonian,coralnet,gorgonia,mermaid,animalia,cnidaria,malacalcyonacea,gorgoniidae,gorgonia,not_given,not_given,not_given,not_given,not_given,not_given,not_given,not_given,not_given,not_given,not_given,not_given,not_given,not_given,not_given,not_given,not_given,not_given,not_given,not_given,not_given,not_given,not_given,not_given,not_given,FALSE,FALSE,FALSE,FALSE,FALSE,FALSE,FALSE,FALSE,FALSE,octocorallia,FALSE,FALSE,FALSE,TRUE
palythoa,coralnet,palythoa,mermaid,animalia,cnidaria,zoantharia,sphenopidae,palythoa,not_given,not_given,not_given,not_given,not_given,not_given,not_given,not_given,not_given,not_given,not_given,not_given,not_given,not_given,not_given,not_given,not_given,not_given,not_given,not_given,not_given,not_given,not_given,not_given,not_given,FALSE,FALSE,FALSE,FALSE,FALSE,FALSE,FALSE,FALSE,FALSE,hexacorallia,FALSE,FALSE,FALSE,TRUE
cred-cca growing on rubble,coralnet,crustose coralline algae,mermaid,not_given,rhodophyta,corallinales,not_given,not_given,not_given,FALSE,FALSE,FALSE,FALSE,FALSE,FALSE,FALSE,FALSE,FALSE,FALSE,FALSE,FALSE,FALSE,FALSE,FALSE,FALSE,FALSE,FALSE,FALSE,FALSE,FALSE,FALSE,FALSE,FALSE,FALSE,TRUE,FALSE,not_given,FALSE,FALSE,FALSE,FALSE,FALSE,florideophyceae,FALSE,FALSE,not_given,FALSE
algal turf,coralnet,turf algae,mermaid,none,none,none,none,none,none,FALSE,FALSE,FALSE,FALSE,FALSE,FALSE,FALSE,FALSE,FALSE,FALSE,FALSE,FALSE,FALSE,FALSE,FALSE,FALSE,FALSE,FALSE,FALSE,FALSE,FALSE,FALSE,FALSE,FALSE,FALSE,TRUE,FALSE,not_given,FALSE,FALSE,FALSE,FALSE,FALSE,none,FALSE,FALSE,not_given,FALSE
silt/clay,coralnet,sand,coralscapes_v2,none,none,none,none,none,none,FALSE,FALSE,FALSE,FALSE,FALSE,FALSE,FALSE,FALSE,FALSE,FALSE,FALSE,FALSE,FALSE,FALSE,FALSE,FALSE,FALSE,FALSE,FALSE,FALSE,FALSE,FALSE,FALSE,FALSE,FALSE,FALSE,FALSE,FALSE,FALSE,FALSE,FALSE,FALSE,FALSE,none,FALSE,TRUE,FALSE,FALSE
pachyclavularia,coralnet,,,animalia,cnidaria,scleralcyonacea,briareidae,pachyclavularia,not_given,not_given,not_given,not_given,not_given,not_given,not_given,not_given,not_given,not_given,not_given,not_given,not_given,not_given,not_given,not_given,not_given,not_given,not_given,not_given,not_given,not_given,not_given,not_given,not_given,FALSE,FALSE,FALSE,FALSE,FALSE,FALSE,FALSE,FALSE,FALSE,octocorallia,FALSE,FALSE,FALSE,TRUE
galaxea,coralnet,galaxea alive,coralscapes_v2,animalia,cnidaria,scleractinia,euphylliidae,galaxea,not_given,FALSE,FALSE,not_given,FALSE,TRUE,not_given,TRUE,not_given,not_given,not_given,FALSE,FALSE,TRUE,FALSE,FALSE,not_given,FALSE,not_given,not_given,FALSE,FALSE,not_given,FALSE,FALSE,FALSE,FALSE,FALSE,FALSE,FALSE,FALSE,FALSE,FALSE,FALSE,hexacorallia,FALSE,FALSE,FALSE,TRUE
sargassum hystrix,coralnet,sargassum hystrix,mermaid,not_given,ochrophyta,fucales,sargassaceae,sargassum,sargassum_hystrix,FALSE,FALSE,FALSE,FALSE,FALSE,FALSE,FALSE,FALSE,FALSE,FALSE,FALSE,FALSE,FALSE,FALSE,FALSE,FALSE,FALSE,FALSE,FALSE,FALSE,FALSE,FALSE,FALSE,FALSE,FALSE,TRUE,FALSE,not_given,FALSE,FALSE,FALSE,not_given,FALSE,phaeophyceae,FALSE,FALSE,FALSE,FALSE
colpophyllia natans,coralnet,colpophyllia natans,mermaid,animalia,cnidaria,scleractinia,mussidae,colpophyllia,colpophyllia_natans,FALSE,FALSE,TRUE,FALSE,TRUE,not_given,TRUE,FALSE,FALSE,not_given,FALSE,FALSE,not_given,FALSE,FALSE,not_given,FALSE,TRUE,not_given,FALSE,FALSE,not_given,not_given,FALSE,FALSE,FALSE,FALSE,FALSE,FALSE,FALSE,FALSE,FALSE,FALSE,hexacorallia,FALSE,FALSE,FALSE,TRUE
acropora (digitate),coralnet,acropora alive,coralscapes_v2,animalia,cnidaria,scleractinia,acroporidae,acropora,not_given,FALSE,not_given,FALSE,FALSE,FALSE,FALSE,FALSE,not_given,FALSE,FALSE,FALSE,FALSE,FALSE,FALSE,TRUE,not_given,FALSE,FALSE,FALSE,not_given,TRUE,FALSE,FALSE,not_given,FALSE,FALSE,FALSE,FALSE,FALSE,FALSE,FALSE,FALSE,FALSE,hexacorallia,FALSE,FALSE,FALSE,TRUE
rock turf algae,coralnet,turf algae,mermaid,none,none,none,none,none,none,FALSE,FALSE,FALSE,FALSE,FALSE,FALSE,FALSE,FALSE,FALSE,FALSE,FALSE,FALSE,FALSE,FALSE,FALSE,FALSE,FALSE,FALSE,FALSE,FALSE,FALSE,FALSE,FALSE,FALSE,FALSE,TRUE,FALSE,not_given,FALSE,FALSE,FALSE,FALSE,FALSE,none,FALSE,FALSE,not_given,FALSE
"montipora capitata, recently dead",coralnet,,,animalia,cnidaria,scleractinia,acroporidae,montipora,montipora_capitata,FALSE,FALSE,not_given,FALSE,FALSE,FALSE,TRUE,FALSE,FALSE,not_given,FALSE,FALSE,FALSE,FALSE,TRUE,TRUE,FALSE,FALSE,FALSE,FALSE,FALSE,FALSE,FALSE,FALSE,FALSE,FALSE,FALSE,FALSE,FALSE,FALSE,FALSE,FALSE,FALSE,hexacorallia,FALSE,FALSE,not_given,FALSE
leather coral,coralnet,leather coral alive,coralscapes_v2,animalia,cnidaria,malacalcyonacea,sarcophytidae,sarcophyton,not_given,not_given,not_given,not_given,not_given,not_given,not_given,not_given,not_given,not_given,not_given,not_given,not_given,not_given,not_given,not_given,not_given,not_given,not_given,not_given,not_given,not_given,not_given,not_given,not_given,FALSE,FALSE,FALSE,FALSE,FALSE,FALSE,FALSE,FALSE,FALSE,octocorallia,FALSE,FALSE,FALSE,TRUE
cred-upright macroalgae,coralnet,macroalgae,mermaid,none,none,none,none,none,none,FALSE,FALSE,FALSE,FALSE,FALSE,FALSE,FALSE,FALSE,FALSE,FALSE,FALSE,FALSE,FALSE,FALSE,FALSE,FALSE,FALSE,FALSE,FALSE,FALSE,FALSE,FALSE,FALSE,FALSE,FALSE,TRUE,FALSE,not_given,FALSE,FALSE,FALSE,TRUE,FALSE,none,FALSE,FALSE,FALSE,FALSE
sand and sediment,coralnet,sand,coralscapes_v2,none,none,none,none,none,none,FALSE,FALSE,FALSE,FALSE,FALSE,FALSE,FALSE,FALSE,FALSE,FALSE,FALSE,FALSE,FALSE,FALSE,FALSE,FALSE,FALSE,FALSE,FALSE,FALSE,FALSE,FALSE,FALSE,FALSE,FALSE,FALSE,FALSE,FALSE,FALSE,FALSE,FALSE,FALSE,FALSE,none,FALSE,TRUE,FALSE,FALSE
cred-favia spp,coralnet,favia,mermaid,animalia,cnidaria,scleractinia,faviidae,favia,not_given,not_given,not_given,not_given,not_given,not_given,not_given,not_given,not_given,not_given,not_given,FALSE,FALSE,not_given,FALSE,not_given,not_given,FALSE,not_given,not_given,not_given,not_given,not_given,FALSE,not_given,FALSE,FALSE,FALSE,FALSE,FALSE,FALSE,FALSE,FALSE,FALSE,hexacorallia,FALSE,FALSE,FALSE,TRUE
bleached hard coral,coralnet,hard coral bleached,coralscapes_v2,animalia,cnidaria,scleractinia,not_given,not_given,not_given,not_given,not_given,not_given,not_given,not_given,not_given,not_given,not_given,not_given,not_given,FALSE,FALSE,not_given,FALSE,not_given,not_given,FALSE,not_given,not_given,not_given,not_given,not_given,FALSE,not_given,TRUE,FALSE,FALSE,FALSE,FALSE,FALSE,FALSE,FALSE,FALSE,hexacorallia,FALSE,FALSE,FALSE,TRUE
zoanthid,coralnet,zoanthid,mermaid,animalia,cnidaria,zoantharia,not_given,not_given,not_given,not_given,not_given,not_given,not_given,not_given,not_given,not_given,not_given,not_given,not_given,not_given,not_given,not_given,not_given,not_given,not_given,not_given,not_given,not_given,not_given,not_given,not_given,not_given,not_given,FALSE,FALSE,FALSE,FALSE,FALSE,FALSE,FALSE,FALSE,FALSE,hexacorallia,FALSE,FALSE,FALSE,TRUE
sargassum,coralnet,sargassum,mermaid,not_given,ochrophyta,fucales,sargassaceae,sargassum,not_given,FALSE,FALSE,FALSE,FALSE,FALSE,FALSE,FALSE,FALSE,FALSE,FALSE,FALSE,FALSE,FALSE,FALSE,FALSE,FALSE,FALSE,FALSE,FALSE,FALSE,FALSE,FALSE,FALSE,FALSE,FALSE,TRUE,FALSE,not_given,FALSE,FALSE,FALSE,not_given,FALSE,phaeophyceae,FALSE,FALSE,FALSE,FALSE
millepora complanata,coralnet,millepora complanata,mermaid,animalia,cnidaria,anthoathecata,milleporidae,millepora,millepora_complanata,not_given,not_given,not_given,not_given,not_given,not_given,not_given,not_given,not_given,not_given,not_given,not_given,not_given,not_given,not_given,not_given,not_given,not_given,not_given,not_given,not_given,not_given,not_given,not_given,FALSE,FALSE,FALSE,FALSE,FALSE,FALSE,FALSE,FALSE,FALSE,hydrozoa,FALSE,FALSE,FALSE,TRUE
pvc,coralnet,transect tools,coralscapes_v2,none,none,none,none,none,none,FALSE,FALSE,FALSE,FALSE,FALSE,FALSE,FALSE,FALSE,FALSE,FALSE,FALSE,FALSE,FALSE,FALSE,FALSE,FALSE,FALSE,FALSE,FALSE,FALSE,FALSE,FALSE,FALSE,FALSE,FALSE,FALSE,FALSE,TRUE,FALSE,TRUE,FALSE,FALSE,FALSE,none,FALSE,FALSE,FALSE,FALSE
mud,coralnet,sand,coralscapes_v2,none,none,none,none,none,none,FALSE,FALSE,FALSE,FALSE,FALSE,FALSE,FALSE,FALSE,FALSE,FALSE,FALSE,FALSE,FALSE,FALSE,FALSE,FALSE,FALSE,FALSE,FALSE,FALSE,FALSE,FALSE,FALSE,FALSE,FALSE,FALSE,FALSE,FALSE,FALSE,FALSE,FALSE,FALSE,FALSE,none,FALSE,TRUE,FALSE,FALSE
cyphastrea,coralnet,cyphastrea,mermaid,animalia,cnidaria,scleractinia,merulinidae,cyphastrea,not_given,not_given,not_given,not_given,not_given,not_given,not_given,not_given,not_given,not_given,not_given,FALSE,FALSE,not_given,FALSE,not_given,not_given,FALSE,not_given,not_given,not_given,not_given,not_given,FALSE,not_given,FALSE,FALSE,FALSE,FALSE,FALSE,FALSE,FALSE,FALSE,FALSE,hexacorallia,FALSE,FALSE,FALSE,TRUE
cred-goniastrea spp,coralnet,goniastrea,mermaid,animalia,cnidaria,scleractinia,merulinidae,goniastrea,not_given,not_given,not_given,not_given,not_given,not_given,not_given,not_given,not_given,not_given,not_given,FALSE,FALSE,not_given,FALSE,not_given,FALSE,FALSE,not_given,not_given,not_given,not_given,not_given,FALSE,FALSE,FALSE,FALSE,FALSE,FALSE,FALSE,FALSE,FALSE,FALSE,FALSE,hexacorallia,FALSE,FALSE,FALSE,TRUE
millepora spp.,coralnet,millepora,coralscapes_v2,animalia,cnidaria,anthoathecata,milleporidae,millepora,not_given,not_given,not_given,not_given,not_given,not_given,not_given,not_given,not_given,not_given,not_given,not_given,not_given,not_given,not_given,not_given,not_given,not_given,not_given,not_given,not_given,not_given,not_given,not_given,not_given,FALSE,FALSE,FALSE,FALSE,FALSE,FALSE,FALSE,FALSE,FALSE,hydrozoa,FALSE,FALSE,FALSE,TRUE
cred-wand,coralnet,transect tools,coralscapes_v2,none,none,none,none,none,none,FALSE,FALSE,FALSE,FALSE,FALSE,FALSE,FALSE,FALSE,FALSE,FALSE,FALSE,FALSE,FALSE,FALSE,FALSE,FALSE,FALSE,FALSE,FALSE,FALSE,FALSE,FALSE,FALSE,FALSE,FALSE,FALSE,FALSE,TRUE,FALSE,TRUE,FALSE,FALSE,FALSE,none,FALSE,FALSE,FALSE,FALSE
quadrat,coralnet,transect tools,coralscapes_v2,none,none,none,none,none,none,FALSE,FALSE,FALSE,FALSE,FALSE,FALSE,FALSE,FALSE,FALSE,FALSE,FALSE,FALSE,FALSE,FALSE,FALSE,FALSE,FALSE,FALSE,FALSE,FALSE,FALSE,FALSE,FALSE,FALSE,FALSE,FALSE,FALSE,TRUE,FALSE,TRUE,FALSE,FALSE,FALSE,none,FALSE,FALSE,FALSE,FALSE
psammocora,coralnet,psammocora,mermaid,animalia,cnidaria,scleractinia,psammocoridae,psammocora,not_given,not_given,not_given,not_given,not_given,not_given,not_given,not_given,not_given,not_given,not_given,FALSE,FALSE,not_given,FALSE,not_given,not_given,FALSE,not_given,not_given,not_given,not_given,not_given,FALSE,not_given,FALSE,FALSE,FALSE,FALSE,FALSE,FALSE,FALSE,FALSE,FALSE,hexacorallia,FALSE,FALSE,FALSE,TRUE
shell/shell hash,coralnet,rubble,coralscapes_v2,none,none,none,none,none,none,FALSE,FALSE,FALSE,FALSE,FALSE,FALSE,FALSE,FALSE,FALSE,FALSE,FALSE,FALSE,FALSE,FALSE,FALSE,FALSE,FALSE,FALSE,FALSE,FALSE,FALSE,FALSE,FALSE,FALSE,FALSE,FALSE,FALSE,FALSE,FALSE,FALSE,FALSE,FALSE,FALSE,none,FALSE,not_given,not_given,FALSE
rhipilia spp.,coralnet,rhipilia,mermaid,plantae,chlorophyta,bryopsidales,rhipiliaceae,rhipilia,not_given,FALSE,FALSE,FALSE,FALSE,FALSE,FALSE,FALSE,FALSE,FALSE,FALSE,FALSE,FALSE,FALSE,FALSE,FALSE,FALSE,FALSE,FALSE,FALSE,FALSE,FALSE,FALSE,FALSE,FALSE,FALSE,TRUE,FALSE,FALSE,FALSE,FALSE,FALSE,FALSE,FALSE,ulvophyceae,FALSE,FALSE,FALSE,FALSE
substrate: unconsolidated (soft),coralnet,rubble,coralscapes_v2,none,none,none,none,none,none,FALSE,FALSE,FALSE,FALSE,FALSE,FALSE,FALSE,FALSE,FALSE,FALSE,FALSE,FALSE,FALSE,FALSE,FALSE,FALSE,FALSE,FALSE,FALSE,FALSE,FALSE,FALSE,FALSE,FALSE,FALSE,FALSE,FALSE,FALSE,FALSE,FALSE,FALSE,FALSE,FALSE,none,FALSE,not_given,not_given,FALSE
pocillopora meandrina,coralnet,pocillopora meandrina,mermaid,animalia,cnidaria,scleractinia,pocilloporidae,pocillopora,pocillopora_meandrina,FALSE,not_given,FALSE,FALSE,FALSE,FALSE,FALSE,TRUE,FALSE,FALSE,FALSE,FALSE,FALSE,FALSE,TRUE,FALSE,FALSE,FALSE,FALSE,not_given,not_given,FALSE,FALSE,FALSE,FALSE,FALSE,FALSE,FALSE,FALSE,FALSE,FALSE,FALSE,FALSE,hexacorallia,FALSE,FALSE,FALSE,TRUE
cred-hard substrate,coralnet,hard substrate,coralscapes_v2,none,none,none,none,none,none,FALSE,FALSE,FALSE,FALSE,FALSE,FALSE,FALSE,FALSE,FALSE,FALSE,FALSE,FALSE,FALSE,FALSE,FALSE,FALSE,FALSE,FALSE,FALSE,FALSE,FALSE,FALSE,FALSE,FALSE,FALSE,FALSE,FALSE,FALSE,FALSE,FALSE,FALSE,FALSE,FALSE,none,FALSE,FALSE,TRUE,FALSE
non-acropora encrusting,coralnet,acropora alive,coralscapes_v2,animalia,cnidaria,scleractinia,acroporidae,acropora,not_given,FALSE,FALSE,FALSE,FALSE,FALSE,FALSE,TRUE,not_given,FALSE,FALSE,FALSE,FALSE,FALSE,FALSE,TRUE,not_given,FALSE,FALSE,FALSE,FALSE,FALSE,FALSE,FALSE,FALSE,FALSE,FALSE,FALSE,FALSE,FALSE,FALSE,FALSE,FALSE,FALSE,hexacorallia,FALSE,FALSE,FALSE,TRUE
corallina officinalis (substratum),coralnet,corallina officinalis,mermaid,not_given,rhodophyta,corallinales,corallinaceae,corallina,corallina_officinalis,FALSE,FALSE,FALSE,FALSE,FALSE,FALSE,FALSE,FALSE,FALSE,FALSE,FALSE,FALSE,FALSE,FALSE,FALSE,FALSE,FALSE,FALSE,FALSE,FALSE,FALSE,FALSE,FALSE,FALSE,FALSE,TRUE,FALSE,not_given,FALSE,FALSE,FALSE,FALSE,FALSE,florideophyceae,FALSE,FALSE,FALSE,FALSE
amphiroa sp.,coralnet,amphiroa,mermaid,not_given,rhodophyta,corallinales,corallinaceae,amphiroa,not_given,FALSE,FALSE,FALSE,FALSE,FALSE,FALSE,FALSE,FALSE,FALSE,FALSE,FALSE,FALSE,FALSE,FALSE,FALSE,FALSE,FALSE,FALSE,FALSE,FALSE,FALSE,FALSE,FALSE,FALSE,FALSE,TRUE,FALSE,not_given,FALSE,FALSE,FALSE,FALSE,FALSE,florideophyceae,FALSE,FALSE,FALSE,FALSE
hard coral_encrusting,coralnet,encrusting coral alive,coralscapes_v2,animalia,cnidaria,not_given,not_given,not_given,not_given,not_given,not_given,not_given,not_given,not_given,not_given,not_given,not_given,not_given,not_given,not_given,not_given,not_given,not_given,not_given,not_given,not_given,not_given,not_given,not_given,not_given,not_given,not_given,not_given,FALSE,FALSE,FALSE,FALSE,FALSE,FALSE,FALSE,FALSE,FALSE,hexacorallia,FALSE,FALSE,FALSE,TRUE
hard coral (bushy),coralnet,hard coral alive,coralscapes_v2,animalia,cnidaria,scleractinia,not_given,not_given,not_given,not_given,not_given,not_given,not_given,not_given,not_given,not_given,TRUE,not_given,not_given,FALSE,FALSE,not_given,FALSE,not_given,not_given,FALSE,not_given,not_given,not_given,not_given,not_given,FALSE,not_given,FALSE,FALSE,FALSE,FALSE,FALSE,FALSE,FALSE,FALSE,FALSE,hexacorallia,FALSE,FALSE,FALSE,TRUE
fungia,coralnet,fungia,mermaid,animalia,cnidaria,scleractinia,fungiidae,fungia,not_given,TRUE,FALSE,FALSE,TRUE,FALSE,not_given,not_given,not_given,not_given,not_given,TRUE,FALSE,not_given,FALSE,FALSE,not_given,FALSE,FALSE,FALSE,FALSE,FALSE,TRUE,FALSE,FALSE,FALSE,FALSE,FALSE,FALSE,FALSE,FALSE,FALSE,FALSE,FALSE,hexacorallia,FALSE,FALSE,FALSE,TRUE
gravel,coralnet,rubble,coralscapes_v2,none,none,none,none,none,none,FALSE,FALSE,FALSE,FALSE,FALSE,FALSE,FALSE,FALSE,FALSE,FALSE,FALSE,FALSE,FALSE,FALSE,FALSE,FALSE,FALSE,FALSE,FALSE,FALSE,FALSE,FALSE,FALSE,FALSE,FALSE,FALSE,FALSE,FALSE,FALSE,FALSE,FALSE,FALSE,FALSE,none,FALSE,not_given,not_given,FALSE
cred-corallimorph,coralnet,corallimorpharia,mermaid,animalia,cnidaria,corallimorpharia,not_given,not_given,not_given,not_given,not_given,not_given,not_given,not_given,not_given,not_given,not_given,not_given,not_given,not_given,not_given,not_given,not_given,not_given,not_given,not_given,not_given,not_given,not_given,not_given,not_given,not_given,not_given,FALSE,FALSE,FALSE,FALSE,FALSE,FALSE,FALSE,FALSE,FALSE,hexacorallia,FALSE,FALSE,FALSE,TRUE
goniopora,coralnet,goniopora,mermaid,animalia,cnidaria,scleractinia,poritidae,goniopora,not_given,FALSE,FALSE,FALSE,FALSE,TRUE,not_given,FALSE,not_given,not_given,not_given,FALSE,FALSE,not_given,TRUE,FALSE,FALSE,FALSE,FALSE,not_given,FALSE,FALSE,not_given,FALSE,not_given,FALSE,FALSE,FALSE,FALSE,FALSE,FALSE,FALSE,FALSE,FALSE,hexacorallia,FALSE,FALSE,FALSE,TRUE
substrate: unconsolidated : pebble/gravel,coralnet,rubble,coralscapes_v2,none,none,none,none,none,none,FALSE,FALSE,FALSE,FALSE,FALSE,FALSE,FALSE,FALSE,FALSE,FALSE,FALSE,FALSE,FALSE,FALSE,FALSE,FALSE,FALSE,FALSE,FALSE,FALSE,FALSE,FALSE,FALSE,FALSE,FALSE,FALSE,FALSE,FALSE,FALSE,FALSE,FALSE,FALSE,FALSE,none,FALSE,not_given,not_given,FALSE
orbicella franksi,coralnet,orbicella franksi,mermaid,animalia,cnidaria,scleractinia,merulinidae,orbicella,orbicella_franksi,FALSE,FALSE,not_given,FALSE,TRUE,not_given,TRUE,FALSE,not_given,not_given,FALSE,FALSE,not_given,FALSE,FALSE,TRUE,FALSE,not_given,not_given,FALSE,FALSE,not_given,FALSE,FALSE,FALSE,FALSE,FALSE,FALSE,FALSE,FALSE,FALSE,FALSE,FALSE,hexacorallia,FALSE,FALSE,FALSE,TRUE
gorgonia spp.,coralnet,gorgonia,mermaid,animalia,cnidaria,malacalcyonacea,gorgoniidae,gorgonia,not_given,not_given,not_given,not_given,not_given,not_given,not_given,not_given,not_given,not_given,not_given,not_given,not_given,not_given,not_given,not_given,not_given,not_given,not_given,not_given,not_given,not_given,not_given,not_given,not_given,FALSE,FALSE,FALSE,FALSE,FALSE,FALSE,FALSE,FALSE,FALSE,octocorallia,FALSE,FALSE,FALSE,TRUE
arms-crep-bivalve,coralnet,bivalvia,mermaid,animalia,mollusca,not_given,not_given,not_given,not_given,FALSE,FALSE,FALSE,FALSE,FALSE,FALSE,FALSE,FALSE,FALSE,FALSE,FALSE,FALSE,FALSE,FALSE,FALSE,FALSE,FALSE,FALSE,FALSE,FALSE,FALSE,FALSE,FALSE,FALSE,FALSE,FALSE,FALSE,FALSE,FALSE,FALSE,FALSE,FALSE,FALSE,bivalvia,FALSE,FALSE,FALSE,TRUE
hydnophora,coralnet,hydnophora,mermaid,animalia,cnidaria,scleractinia,merulinidae,hydnophora,not_given,FALSE,not_given,not_given,FALSE,not_given,not_given,not_given,not_given,not_given,not_given,FALSE,FALSE,not_given,FALSE,not_given,not_given,FALSE,not_given,FALSE,not_given,not_given,FALSE,FALSE,not_given,FALSE,FALSE,FALSE,FALSE,FALSE,FALSE,FALSE,FALSE,FALSE,hexacorallia,FALSE,FALSE,FALSE,TRUE
biofilm,coralnet,,,none,none,none,none,none,none,FALSE,FALSE,FALSE,FALSE,FALSE,FALSE,FALSE,FALSE,FALSE,FALSE,FALSE,FALSE,FALSE,FALSE,FALSE,FALSE,FALSE,FALSE,FALSE,FALSE,FALSE,FALSE,FALSE,FALSE,FALSE,FALSE,FALSE,not_given,FALSE,FALSE,FALSE,FALSE,FALSE,none,FALSE,FALSE,FALSE,FALSE
cred-lobophora spp,coralnet,lobophora,mermaid,not_given,ochrophyta,dictyotales,dictyotaceae,lobophora,not_given,FALSE,FALSE,FALSE,FALSE,FALSE,FALSE,FALSE,FALSE,FALSE,FALSE,FALSE,FALSE,FALSE,FALSE,FALSE,FALSE,FALSE,FALSE,FALSE,FALSE,FALSE,FALSE,FALSE,FALSE,FALSE,TRUE,FALSE,not_given,FALSE,FALSE,FALSE,not_given,FALSE,phaeophyceae,FALSE,FALSE,FALSE,FALSE
algae (filamentous),coralnet,algae covered substrate,coralscapes_v2,none,none,none,none,none,none,FALSE,FALSE,FALSE,FALSE,FALSE,FALSE,FALSE,FALSE,FALSE,FALSE,FALSE,FALSE,FALSE,FALSE,FALSE,FALSE,FALSE,FALSE,FALSE,FALSE,FALSE,FALSE,FALSE,FALSE,FALSE,TRUE,FALSE,FALSE,FALSE,FALSE,FALSE,not_given,FALSE,none,FALSE,FALSE,FALSE,FALSE
cred-fine sediment,coralnet,sand,coralscapes_v2,none,none,none,none,none,none,FALSE,FALSE,FALSE,FALSE,FALSE,FALSE,FALSE,FALSE,FALSE,FALSE,FALSE,FALSE,FALSE,FALSE,FALSE,FALSE,FALSE,FALSE,FALSE,FALSE,FALSE,FALSE,FALSE,FALSE,FALSE,FALSE,FALSE,FALSE,FALSE,FALSE,FALSE,FALSE,FALSE,none,FALSE,TRUE,FALSE,FALSE
calcium carbonate,coralnet,hard substrate,coralscapes_v2,none,none,none,none,none,none,FALSE,FALSE,FALSE,FALSE,FALSE,FALSE,FALSE,FALSE,FALSE,FALSE,FALSE,FALSE,FALSE,FALSE,FALSE,FALSE,FALSE,FALSE,FALSE,FALSE,FALSE,FALSE,FALSE,FALSE,FALSE,FALSE,FALSE,FALSE,FALSE,FALSE,FALSE,FALSE,FALSE,none,FALSE,FALSE,TRUE,FALSE
other algae,coralnet,algae covered substrate,coralscapes_v2,none,none,none,none,none,none,FALSE,FALSE,FALSE,FALSE,FALSE,FALSE,FALSE,FALSE,FALSE,FALSE,FALSE,FALSE,FALSE,FALSE,FALSE,FALSE,FALSE,FALSE,FALSE,FALSE,FALSE,FALSE,FALSE,FALSE,FALSE,TRUE,FALSE,FALSE,FALSE,FALSE,FALSE,not_given,FALSE,none,FALSE,FALSE,FALSE,FALSE
unknown macroalgae,coralnet,macroalgae,mermaid,none,none,none,none,none,none,FALSE,FALSE,FALSE,FALSE,FALSE,FALSE,FALSE,FALSE,FALSE,FALSE,FALSE,FALSE,FALSE,FALSE,FALSE,FALSE,FALSE,FALSE,FALSE,FALSE,FALSE,FALSE,FALSE,FALSE,FALSE,TRUE,FALSE,not_given,FALSE,FALSE,FALSE,TRUE,FALSE,none,FALSE,FALSE,FALSE,FALSE
non-acropora branching,coralnet,branching coral alive,coralscapes_v2,animalia,cnidaria,scleractinia,not_given,not_given,not_given,not_given,not_given,FALSE,not_given,FALSE,not_given,FALSE,not_given,FALSE,not_given,FALSE,FALSE,FALSE,FALSE,TRUE,not_given,FALSE,FALSE,not_given,not_given,not_given,not_given,FALSE,not_given,FALSE,FALSE,FALSE,FALSE,FALSE,FALSE,FALSE,FALSE,FALSE,hexacorallia,FALSE,FALSE,FALSE,TRUE
cred-pavona spp_encrusting,coralnet,pavona alive,coralscapes_v2,animalia,cnidaria,scleractinia,agariciidae,pavona,not_given,FALSE,FALSE,not_given,FALSE,not_given,FALSE,TRUE,FALSE,not_given,not_given,FALSE,FALSE,not_given,FALSE,FALSE,TRUE,FALSE,not_given,FALSE,FALSE,FALSE,FALSE,FALSE,FALSE,FALSE,FALSE,FALSE,FALSE,FALSE,FALSE,FALSE,FALSE,FALSE,hexacorallia,FALSE,FALSE,FALSE,TRUE
gracilaria salicornia,coralnet,gracilaria salicornia,mermaid,plantae,rhodophyta,gracilariales,gracilariaceae,gracilaria,gracilaria_salicornia,FALSE,FALSE,FALSE,FALSE,FALSE,FALSE,FALSE,FALSE,FALSE,FALSE,FALSE,FALSE,FALSE,FALSE,FALSE,FALSE,FALSE,FALSE,FALSE,FALSE,FALSE,FALSE,FALSE,FALSE,FALSE,TRUE,FALSE,FALSE,FALSE,FALSE,FALSE,FALSE,FALSE,florideophyceae,FALSE,FALSE,FALSE,FALSE
off,coralnet,unknown,mermaid,none,none,none,none,none,none,FALSE,FALSE,FALSE,FALSE,FALSE,FALSE,FALSE,FALSE,FALSE,FALSE,FALSE,FALSE,FALSE,FALSE,FALSE,FALSE,FALSE,FALSE,FALSE,FALSE,FALSE,FALSE,FALSE,FALSE,FALSE,FALSE,FALSE,not_given,FALSE,FALSE,FALSE,FALSE,FALSE,none,FALSE,FALSE,FALSE,FALSE
tunicate,coralnet,tunicate,mermaid,animalia,chordata,not_given,not_given,not_given,not_given,FALSE,FALSE,FALSE,FALSE,FALSE,FALSE,FALSE,FALSE,FALSE,FALSE,FALSE,FALSE,FALSE,FALSE,FALSE,FALSE,FALSE,FALSE,FALSE,FALSE,FALSE,FALSE,FALSE,FALSE,FALSE,FALSE,FALSE,FALSE,FALSE,FALSE,FALSE,FALSE,FALSE,not_given,FALSE,FALSE,FALSE,TRUE
non-acropora massive,coralnet,massive coral alive,coralscapes_v2,animalia,cnidaria,scleractinia,not_given,not_given,not_given,FALSE,FALSE,not_given,FALSE,TRUE,not_given,not_given,not_given,FALSE,not_given,FALSE,FALSE,TRUE,FALSE,FALSE,not_given,FALSE,not_given,not_given,FALSE,FALSE,not_given,FALSE,FALSE,FALSE,FALSE,FALSE,FALSE,FALSE,FALSE,FALSE,FALSE,FALSE,hexacorallia,FALSE,FALSE,FALSE,TRUE
acropora (arborescent),coralnet,acropora alive,coralscapes_v2,animalia,cnidaria,scleractinia,acroporidae,acropora,not_given,FALSE,not_given,FALSE,FALSE,FALSE,FALSE,FALSE,not_given,FALSE,FALSE,FALSE,FALSE,FALSE,FALSE,TRUE,not_given,FALSE,FALSE,FALSE,TRUE,not_given,FALSE,FALSE,not_given,FALSE,FALSE,FALSE,FALSE,FALSE,FALSE,FALSE,FALSE,FALSE,hexacorallia,FALSE,FALSE,FALSE,TRUE
pocilloporidae,coralnet,pocilloporidae,mermaid,animalia,cnidaria,scleractinia,pocilloporidae,not_given,not_given,not_given,not_given,not_given,not_given,not_given,not_given,not_given,not_given,not_given,not_given,FALSE,FALSE,not_given,FALSE,not_given,not_given,FALSE,not_given,not_given,not_given,not_given,not_given,FALSE,not_given,FALSE,FALSE,FALSE,FALSE,FALSE,FALSE,FALSE,FALSE,FALSE,hexacorallia,FALSE,FALSE,FALSE,TRUE
cred-montipora spp_branching,coralnet,montipora,mermaid,animalia,cnidaria,scleractinia,acroporidae,montipora,not_given,FALSE,not_given,not_given,FALSE,FALSE,FALSE,FALSE,not_given,FALSE,not_given,FALSE,FALSE,FALSE,FALSE,TRUE,not_given,FALSE,FALSE,FALSE,FALSE,not_given,FALSE,FALSE,not_given,FALSE,FALSE,FALSE,FALSE,FALSE,FALSE,FALSE,FALSE,FALSE,hexacorallia,FALSE,FALSE,FALSE,TRUE
echinoderms: sea urchin,coralnet,sea urchin,coralscapes_v2,animalia,echinodermata,not_given,not_given,not_given,not_given,FALSE,FALSE,FALSE,FALSE,FALSE,FALSE,FALSE,FALSE,FALSE,FALSE,FALSE,FALSE,FALSE,FALSE,FALSE,FALSE,FALSE,FALSE,FALSE,FALSE,FALSE,FALSE,FALSE,FALSE,FALSE,FALSE,FALSE,FALSE,FALSE,FALSE,FALSE,FALSE,FALSE,echinoidea,FALSE,FALSE,FALSE,TRUE
hard coral branching,coralnet,branching coral alive,coralscapes_v2,animalia,cnidaria,scleractinia,not_given,not_given,not_given,not_given,not_given,FALSE,not_given,FALSE,not_given,FALSE,not_given,FALSE,not_given,FALSE,FALSE,FALSE,FALSE,TRUE,not_given,FALSE,FALSE,not_given,not_given,not_given,not_given,FALSE,not_given,FALSE,FALSE,FALSE,FALSE,FALSE,FALSE,FALSE,FALSE,FALSE,hexacorallia,FALSE,FALSE,FALSE,TRUE
acropora muricata,coralnet,acropora muricata,mermaid,animalia,cnidaria,scleractinia,acroporidae,acropora,acropora_muricata,FALSE,FALSE,FALSE,FALSE,FALSE,FALSE,FALSE,not_given,FALSE,FALSE,FALSE,FALSE,FALSE,FALSE,TRUE,FALSE,FALSE,FALSE,FALSE,TRUE,FALSE,FALSE,FALSE,FALSE,FALSE,FALSE,FALSE,FALSE,FALSE,FALSE,FALSE,FALSE,FALSE,hexacorallia,FALSE,FALSE,FALSE,TRUE
hard coral massive,coralnet,massive coral alive,coralscapes_v2,animalia,cnidaria,scleractinia,not_given,not_given,not_given,FALSE,FALSE,not_given,FALSE,TRUE,not_given,not_given,not_given,FALSE,not_given,FALSE,FALSE,TRUE,FALSE,FALSE,not_given,FALSE,not_given,not_given,FALSE,FALSE,not_given,FALSE,FALSE,FALSE,FALSE,FALSE,FALSE,FALSE,FALSE,FALSE,FALSE,FALSE,hexacorallia,FALSE,FALSE,FALSE,TRUE
stylophora,coralnet,stylophora alive,coralscapes_v2,animalia,cnidaria,scleractinia,pocilloporidae,stylophora,not_given,not_given,FALSE,not_given,not_given,FALSE,not_given,FALSE,not_given,FALSE,FALSE,FALSE,FALSE,FALSE,FALSE,TRUE,FALSE,FALSE,FALSE,not_given,not_given,not_given,not_given,FALSE,FALSE,FALSE,FALSE,FALSE,FALSE,FALSE,FALSE,FALSE,FALSE,FALSE,hexacorallia,FALSE,FALSE,FALSE,TRUE
macroalgae: encrusting: red,coralnet,macroalgae,mermaid,none,none,none,none,none,none,FALSE,FALSE,FALSE,FALSE,FALSE,FALSE,FALSE,FALSE,FALSE,FALSE,FALSE,FALSE,FALSE,FALSE,FALSE,FALSE,FALSE,FALSE,FALSE,FALSE,FALSE,FALSE,FALSE,FALSE,FALSE,TRUE,FALSE,not_given,FALSE,FALSE,FALSE,TRUE,FALSE,none,FALSE,FALSE,FALSE,FALSE
montipora capitata bleached,coralnet,,,animalia,cnidaria,scleractinia,acroporidae,montipora,montipora_capitata,FALSE,FALSE,not_given,FALSE,FALSE,FALSE,TRUE,FALSE,FALSE,not_given,FALSE,FALSE,FALSE,FALSE,TRUE,TRUE,FALSE,FALSE,FALSE,FALSE,FALSE,FALSE,FALSE,FALSE,TRUE,FALSE,FALSE,FALSE,FALSE,FALSE,FALSE,FALSE,FALSE,hexacorallia,FALSE,FALSE,FALSE,TRUE
cred-green macroalgae,coralnet,macroalgae,mermaid,none,none,none,none,none,none,FALSE,FALSE,FALSE,FALSE,FALSE,FALSE,FALSE,FALSE,FALSE,FALSE,FALSE,FALSE,FALSE,FALSE,FALSE,FALSE,FALSE,FALSE,FALSE,FALSE,FALSE,FALSE,FALSE,FALSE,FALSE,TRUE,FALSE,not_given,FALSE,FALSE,FALSE,TRUE,FALSE,none,FALSE,FALSE,FALSE,FALSE
eunicea spp.,coralnet,eunicea,mermaid,animalia,cnidaria,malacalcyonacea,plexauridae,eunicea,not_given,not_given,not_given,not_given,not_given,not_given,not_given,not_given,not_given,not_given,not_given,not_given,not_given,not_given,not_given,not_given,not_given,not_given,not_given,not_given,not_given,not_given,not_given,not_given,not_given,FALSE,FALSE,FALSE,FALSE,FALSE,FALSE,FALSE,FALSE,FALSE,octocorallia,FALSE,FALSE,FALSE,TRUE
turbinaria (algae),coralnet,turbinaria-algae,mermaid,chromista,ochrophyta,fucales,sargassaceae,turbinaria,not_given,FALSE,FALSE,FALSE,FALSE,FALSE,FALSE,FALSE,FALSE,FALSE,FALSE,FALSE,FALSE,FALSE,FALSE,FALSE,FALSE,FALSE,FALSE,FALSE,FALSE,FALSE,FALSE,FALSE,FALSE,FALSE,TRUE,FALSE,FALSE,FALSE,FALSE,FALSE,TRUE,FALSE,phaeophyceae,FALSE,FALSE,FALSE,FALSE
cred-favites spp,coralnet,favites,mermaid,animalia,cnidaria,scleractinia,merulinidae,favites,not_given,not_given,not_given,not_given,not_given,not_given,not_given,not_given,not_given,not_given,not_given,FALSE,FALSE,not_given,FALSE,not_given,not_given,FALSE,not_given,not_given,not_given,not_given,not_given,FALSE,not_given,FALSE,FALSE,FALSE,FALSE,FALSE,FALSE,FALSE,FALSE,FALSE,hexacorallia,FALSE,FALSE,FALSE,TRUE
calcifying calcareous crustose algae: dhc,coralnet,crustose coralline algae,mermaid,not_given,rhodophyta,corallinales,not_given,not_given,not_given,FALSE,FALSE,FALSE,FALSE,FALSE,FALSE,FALSE,FALSE,FALSE,FALSE,FALSE,FALSE,FALSE,FALSE,FALSE,FALSE,FALSE,FALSE,FALSE,FALSE,FALSE,FALSE,FALSE,FALSE,FALSE,TRUE,FALSE,not_given,FALSE,FALSE,FALSE,FALSE,FALSE,florideophyceae,FALSE,FALSE,not_given,FALSE
red fleshy algae,coralnet,algae covered substrate,coralscapes_v2,none,none,none,none,none,none,FALSE,FALSE,FALSE,FALSE,FALSE,FALSE,FALSE,FALSE,FALSE,FALSE,FALSE,FALSE,FALSE,FALSE,FALSE,FALSE,FALSE,FALSE,FALSE,FALSE,FALSE,FALSE,FALSE,FALSE,FALSE,TRUE,FALSE,FALSE,FALSE,FALSE,FALSE,not_given,FALSE,none,FALSE,FALSE,FALSE,FALSE
turf on rubble,coralnet,turf algae,mermaid,none,none,none,none,none,none,FALSE,FALSE,FALSE,FALSE,FALSE,FALSE,FALSE,FALSE,FALSE,FALSE,FALSE,FALSE,FALSE,FALSE,FALSE,FALSE,FALSE,FALSE,FALSE,FALSE,FALSE,FALSE,FALSE,FALSE,FALSE,TRUE,FALSE,not_given,FALSE,FALSE,FALSE,FALSE,FALSE,none,FALSE,FALSE,not_given,FALSE
diploastrea,coralnet,diploastrea,mermaid,animalia,cnidaria,scleractinia,diploastreidae,diploastrea,not_given,not_given,not_given,not_given,not_given,TRUE,not_given,not_given,not_given,not_given,not_given,FALSE,FALSE,not_given,FALSE,not_given,not_given,FALSE,not_given,not_given,not_given,not_given,not_given,FALSE,not_given,FALSE,FALSE,FALSE,FALSE,FALSE,FALSE,FALSE,FALSE,FALSE,hexacorallia,FALSE,FALSE,FALSE,TRUE
pterogorgia,coralnet,pterogorgia,mermaid,animalia,cnidaria,malacalcyonacea,pterogorgiidae,pterogorgia,not_given,not_given,not_given,not_given,not_given,not_given,not_given,not_given,not_given,not_given,not_given,not_given,not_given,not_given,not_given,not_given,not_given,not_given,not_given,not_given,not_given,not_given,not_given,not_given,not_given,FALSE,FALSE,FALSE,FALSE,FALSE,FALSE,FALSE,FALSE,FALSE,octocorallia,FALSE,FALSE,FALSE,TRUE
montipora (encrusting),coralnet,montipora,mermaid,animalia,cnidaria,scleractinia,acroporidae,montipora,not_given,FALSE,FALSE,not_given,FALSE,not_given,FALSE,TRUE,not_given,not_given,not_given,FALSE,FALSE,not_given,FALSE,FALSE,not_given,FALSE,not_given,FALSE,FALSE,FALSE,FALSE,FALSE,FALSE,FALSE,FALSE,FALSE,FALSE,FALSE,FALSE,FALSE,FALSE,FALSE,hexacorallia,FALSE,FALSE,FALSE,TRUE
worms: polychaetes: tube worms,coralnet,polychaeta,coralnet,animalia,annelida,not_given,not_given,not_given,not_given,FALSE,FALSE,FALSE,FALSE,FALSE,FALSE,FALSE,FALSE,FALSE,FALSE,FALSE,FALSE,FALSE,FALSE,FALSE,FALSE,FALSE,FALSE,FALSE,FALSE,FALSE,FALSE,FALSE,FALSE,FALSE,FALSE,FALSE,FALSE,FALSE,FALSE,FALSE,FALSE,FALSE,polychaeta,FALSE,FALSE,FALSE,TRUE
porites superfusa,coralnet,porites superfusa,mermaid,animalia,cnidaria,scleractinia,poritidae,porites,porites_superfusa,FALSE,not_given,not_given,FALSE,TRUE,FALSE,not_given,not_given,not_given,TRUE,FALSE,FALSE,not_given,FALSE,not_given,not_given,FALSE,not_given,FALSE,FALSE,not_given,FALSE,FALSE,not_given,FALSE,FALSE,FALSE,FALSE,FALSE,FALSE,FALSE,FALSE,FALSE,hexacorallia,FALSE,FALSE,FALSE,TRUE
black fungus disease (bfd),coralnet,,,none,none,none,none,none,none,FALSE,FALSE,FALSE,FALSE,FALSE,FALSE,FALSE,FALSE,FALSE,FALSE,FALSE,FALSE,FALSE,FALSE,FALSE,FALSE,FALSE,FALSE,FALSE,FALSE,FALSE,FALSE,FALSE,FALSE,FALSE,FALSE,FALSE,not_given,FALSE,FALSE,FALSE,FALSE,FALSE,none,FALSE,FALSE,FALSE,FALSE
rock rubble,coralnet,rubble,coralscapes_v2,none,none,none,none,none,none,FALSE,FALSE,FALSE,FALSE,FALSE,FALSE,FALSE,FALSE,FALSE,FALSE,FALSE,FALSE,FALSE,FALSE,FALSE,FALSE,FALSE,FALSE,FALSE,FALSE,FALSE,FALSE,FALSE,FALSE,FALSE,FALSE,FALSE,FALSE,FALSE,FALSE,FALSE,FALSE,FALSE,none,FALSE,not_given,not_given,FALSE
cred-padina spp,coralnet,padina,mermaid,not_given,ochrophyta,dictyotales,dictyotaceae,padina,not_given,FALSE,FALSE,FALSE,FALSE,FALSE,FALSE,FALSE,FALSE,FALSE,FALSE,FALSE,FALSE,FALSE,FALSE,FALSE,FALSE,FALSE,FALSE,FALSE,FALSE,FALSE,FALSE,FALSE,FALSE,FALSE,TRUE,FALSE,not_given,FALSE,FALSE,FALSE,TRUE,FALSE,phaeophyceae,FALSE,FALSE,FALSE,FALSE
astrea,coralnet,astrea,mermaid,animalia,cnidaria,scleractinia,merulinidae,astrea,not_given,FALSE,not_given,not_given,FALSE,not_given,not_given,not_given,not_given,not_given,not_given,FALSE,FALSE,not_given,FALSE,not_given,not_given,FALSE,not_given,FALSE,not_given,not_given,FALSE,FALSE,not_given,FALSE,FALSE,FALSE,FALSE,FALSE,FALSE,FALSE,FALSE,FALSE,hexacorallia,FALSE,FALSE,FALSE,TRUE
hydroid,coralnet,hydroid,mermaid,animalia,cnidaria,not_given,not_given,not_given,not_given,not_given,not_given,not_given,not_given,not_given,not_given,not_given,not_given,not_given,not_given,not_given,not_given,not_given,not_given,not_given,not_given,not_given,not_given,not_given,not_given,not_given,not_given,not_given,not_given,FALSE,FALSE,FALSE,FALSE,FALSE,FALSE,FALSE,FALSE,FALSE,hydrozoa,FALSE,FALSE,FALSE,TRUE
arms-crep-coral,coralnet,other coral alive,coralscapes_v2,animalia,cnidaria,not_given,not_given,not_given,not_given,not_given,not_given,not_given,not_given,not_given,not_given,not_given,not_given,not_given,not_given,not_given,not_given,not_given,not_given,not_given,not_given,not_given,not_given,not_given,not_given,not_given,not_given,not_given,not_given,FALSE,FALSE,FALSE,FALSE,FALSE,FALSE,FALSE,FALSE,FALSE,not_given,FALSE,FALSE,FALSE,TRUE
merulina,coralnet,merulina,mermaid,animalia,cnidaria,scleractinia,merulinidae,merulina,not_given,not_given,not_given,not_given,not_given,not_given,not_given,not_given,not_given,not_given,not_given,FALSE,FALSE,not_given,FALSE,not_given,not_given,FALSE,not_given,not_given,not_given,not_given,not_given,FALSE,not_given,FALSE,FALSE,FALSE,FALSE,FALSE,FALSE,FALSE,FALSE,FALSE,hexacorallia,FALSE,FALSE,FALSE,TRUE
cred-massive hard coral,coralnet,hard coral alive,coralscapes_v2,animalia,cnidaria,scleractinia,not_given,not_given,not_given,FALSE,FALSE,not_given,FALSE,TRUE,not_given,not_given,not_given,not_given,not_given,FALSE,FALSE,not_given,FALSE,FALSE,FALSE,FALSE,not_given,not_given,FALSE,FALSE,not_given,FALSE,FALSE,FALSE,FALSE,FALSE,FALSE,FALSE,FALSE,FALSE,FALSE,FALSE,hexacorallia,FALSE,FALSE,FALSE,TRUE
porites (branching),coralnet,porites alive,coralscapes_v2,animalia,cnidaria,scleractinia,poritidae,porites,not_given,FALSE,not_given,not_given,FALSE,FALSE,FALSE,FALSE,not_given,FALSE,not_given,FALSE,FALSE,FALSE,FALSE,TRUE,not_given,FALSE,FALSE,FALSE,FALSE,not_given,FALSE,FALSE,not_given,FALSE,FALSE,FALSE,FALSE,FALSE,FALSE,FALSE,FALSE,FALSE,hexacorallia,FALSE,FALSE,FALSE,TRUE
erythropodium,coralnet,erythropodium,mermaid,animalia,cnidaria,scleralcyonacea,erythropodiidae,erythropodium,not_given,not_given,not_given,not_given,not_given,not_given,not_given,not_given,not_given,not_given,not_given,not_given,not_given,not_given,not_given,not_given,not_given,not_given,not_given,not_given,not_given,not_given,not_given,not_given,not_given,FALSE,FALSE,FALSE,FALSE,FALSE,FALSE,FALSE,FALSE,FALSE,octocorallia,FALSE,FALSE,FALSE,TRUE
syringodium,coralnet,syringodium,mermaid,plantae,not_given,alismatales,cymodoceaceae,syringodium,not_given,FALSE,FALSE,FALSE,FALSE,FALSE,FALSE,FALSE,FALSE,FALSE,FALSE,FALSE,FALSE,FALSE,FALSE,FALSE,FALSE,FALSE,FALSE,FALSE,FALSE,FALSE,FALSE,FALSE,FALSE,FALSE,FALSE,FALSE,FALSE,FALSE,FALSE,FALSE,FALSE,FALSE,not_given,FALSE,FALSE,FALSE,FALSE
brown fleshy algae,coralnet,phaeophyceae,mermaid,not_given,ochrophyta,not_given,not_given,not_given,not_given,FALSE,FALSE,FALSE,FALSE,FALSE,FALSE,FALSE,FALSE,FALSE,FALSE,FALSE,FALSE,FALSE,FALSE,FALSE,FALSE,FALSE,FALSE,FALSE,FALSE,FALSE,FALSE,FALSE,FALSE,FALSE,TRUE,FALSE,not_given,FALSE,FALSE,FALSE,not_given,FALSE,phaeophyceae,FALSE,FALSE,FALSE,FALSE
arms-barnacle,coralnet,barnacles,coralnet,animalia,arthropoda,not_given,not_given,not_given,not_given,FALSE,FALSE,FALSE,FALSE,FALSE,FALSE,FALSE,FALSE,FALSE,FALSE,FALSE,FALSE,FALSE,FALSE,FALSE,FALSE,FALSE,FALSE,FALSE,FALSE,FALSE,FALSE,FALSE,FALSE,FALSE,FALSE,FALSE,FALSE,FALSE,FALSE,FALSE,FALSE,FALSE,thecostraca,FALSE,FALSE,FALSE,TRUE
gorgonian,coralnet,gorgonia,mermaid,animalia,cnidaria,malacalcyonacea,gorgoniidae,gorgonia,not_given,not_given,not_given,not_given,not_given,not_given,not_given,not_given,not_given,not_given,not_given,not_given,not_given,not_given,not_given,not_given,not_given,not_given,not_given,not_given,not_given,not_given,not_given,not_given,not_given,FALSE,FALSE,FALSE,FALSE,FALSE,FALSE,FALSE,FALSE,FALSE,octocorallia,FALSE,FALSE,FALSE,TRUE
transect tape,coralnet,transect line,coralscapes_v2,none,none,none,none,none,none,FALSE,FALSE,FALSE,FALSE,FALSE,FALSE,FALSE,FALSE,FALSE,FALSE,FALSE,FALSE,FALSE,FALSE,FALSE,FALSE,FALSE,FALSE,FALSE,FALSE,FALSE,FALSE,FALSE,FALSE,FALSE,FALSE,FALSE,TRUE,FALSE,TRUE,TRUE,FALSE,FALSE,none,FALSE,FALSE,FALSE,FALSE
green fleshy algae,coralnet,green algae,mermaid,plantae,not_given,not_given,not_given,not_given,not_given,FALSE,FALSE,FALSE,FALSE,FALSE,FALSE,FALSE,FALSE,FALSE,FALSE,FALSE,FALSE,FALSE,FALSE,FALSE,FALSE,FALSE,FALSE,FALSE,FALSE,FALSE,FALSE,FALSE,FALSE,FALSE,TRUE,FALSE,FALSE,FALSE,FALSE,FALSE,not_given,FALSE,not_given,FALSE,FALSE,FALSE,FALSE
invertebrate,coralnet,invertebrate,mermaid,animalia,not_given,not_given,not_given,not_given,not_given,FALSE,FALSE,FALSE,FALSE,FALSE,FALSE,FALSE,FALSE,FALSE,FALSE,FALSE,FALSE,FALSE,FALSE,FALSE,FALSE,FALSE,FALSE,FALSE,FALSE,FALSE,FALSE,FALSE,FALSE,FALSE,FALSE,FALSE,FALSE,FALSE,FALSE,FALSE,FALSE,FALSE,not_given,FALSE,FALSE,FALSE,TRUE
ascidian,coralnet,ascidian,mermaid,animalia,chordata,not_given,not_given,not_given,not_given,FALSE,FALSE,FALSE,FALSE,FALSE,FALSE,FALSE,FALSE,FALSE,FALSE,FALSE,FALSE,FALSE,FALSE,FALSE,FALSE,FALSE,FALSE,FALSE,FALSE,FALSE,FALSE,FALSE,FALSE,FALSE,FALSE,FALSE,FALSE,FALSE,FALSE,FALSE,FALSE,FALSE,ascidiacea,FALSE,FALSE,FALSE,TRUE
diploria labyrinthiformis,coralnet,diploria labyrinthiformis,mermaid,animalia,cnidaria,scleractinia,mussidae,diploria,diploria_labyrinthiformis,FALSE,FALSE,TRUE,FALSE,TRUE,not_given,not_given,FALSE,FALSE,not_given,FALSE,FALSE,not_given,FALSE,FALSE,not_given,FALSE,TRUE,TRUE,FALSE,FALSE,not_given,not_given,FALSE,FALSE,FALSE,FALSE,FALSE,FALSE,FALSE,FALSE,FALSE,FALSE,hexacorallia,FALSE,FALSE,FALSE,TRUE
cred-leptastrea spp,coralnet,leptastrea,mermaid,animalia,cnidaria,scleractinia,leptastreidae,leptastrea,not_given,not_given,not_given,not_given,not_given,not_given,not_given,not_given,not_given,not_given,not_given,FALSE,FALSE,not_given,FALSE,not_given,not_given,FALSE,not_given,not_given,not_given,not_given,not_given,FALSE,not_given,FALSE,FALSE,FALSE,FALSE,FALSE,FALSE,FALSE,FALSE,FALSE,hexacorallia,FALSE,FALSE,FALSE,TRUE
cred-mobile fauna,coralnet,other animal,coralscapes_v2,animalia,not_given,not_given,not_given,not_given,not_given,FALSE,FALSE,FALSE,FALSE,FALSE,FALSE,FALSE,FALSE,FALSE,FALSE,FALSE,FALSE,FALSE,FALSE,FALSE,FALSE,FALSE,FALSE,FALSE,FALSE,FALSE,FALSE,FALSE,FALSE,FALSE,FALSE,FALSE,FALSE,FALSE,FALSE,FALSE,FALSE,FALSE,not_given,FALSE,FALSE,FALSE,TRUE
cred-pavona spp_massive,coralnet,pavona alive,coralscapes_v2,animalia,cnidaria,scleractinia,agariciidae,pavona,not_given,FALSE,FALSE,not_given,FALSE,TRUE,FALSE,not_given,FALSE,not_given,not_given,FALSE,FALSE,not_given,FALSE,not_given,TRUE,FALSE,not_given,FALSE,FALSE,not_given,FALSE,FALSE,not_given,FALSE,FALSE,FALSE,FALSE,FALSE,FALSE,FALSE,FALSE,FALSE,hexacorallia,FALSE,FALSE,FALSE,TRUE
hard coral digitate,coralnet,branching coral alive,coralscapes_v2,animalia,cnidaria,scleractinia,not_given,not_given,not_given,not_given,not_given,FALSE,not_given,FALSE,not_given,FALSE,not_given,FALSE,not_given,FALSE,FALSE,FALSE,FALSE,TRUE,not_given,FALSE,FALSE,not_given,not_given,TRUE,not_given,FALSE,not_given,FALSE,FALSE,FALSE,FALSE,FALSE,FALSE,FALSE,FALSE,FALSE,hexacorallia,FALSE,FALSE,FALSE,TRUE
meandrina meandrites,coralnet,meandrina meandrites,mermaid,animalia,cnidaria,scleractinia,meandrinidae,meandrina,meandrina_meandrites,FALSE,FALSE,TRUE,FALSE,TRUE,not_given,not_given,FALSE,FALSE,not_given,FALSE,FALSE,TRUE,FALSE,FALSE,not_given,FALSE,TRUE,not_given,FALSE,FALSE,not_given,not_given,FALSE,FALSE,FALSE,FALSE,FALSE,FALSE,FALSE,FALSE,FALSE,FALSE,hexacorallia,FALSE,FALSE,FALSE,TRUE
wand,coralnet,transect tools,coralscapes_v2,none,none,none,none,none,none,FALSE,FALSE,FALSE,FALSE,FALSE,FALSE,FALSE,FALSE,FALSE,FALSE,FALSE,FALSE,FALSE,FALSE,FALSE,FALSE,FALSE,FALSE,FALSE,FALSE,FALSE,FALSE,FALSE,FALSE,FALSE,FALSE,FALSE,TRUE,FALSE,TRUE,FALSE,FALSE,FALSE,none,FALSE,FALSE,FALSE,FALSE
platygyra daedalea,coralnet,platygyra daedalea,mermaid,animalia,cnidaria,scleractinia,merulinidae,platygyra,platygyra_daedalea,FALSE,FALSE,TRUE,FALSE,TRUE,not_given,not_given,FALSE,FALSE,not_given,FALSE,FALSE,not_given,FALSE,FALSE,not_given,FALSE,TRUE,FALSE,FALSE,FALSE,FALSE,not_given,FALSE,FALSE,FALSE,FALSE,FALSE,FALSE,FALSE,FALSE,FALSE,FALSE,hexacorallia,FALSE,FALSE,FALSE,TRUE
halodule wrightii,coralnet,halodule wrightii,mermaid,plantae,not_given,alismatales,cymodoceaceae,halodule,halodule_wrightii,FALSE,FALSE,FALSE,FALSE,FALSE,FALSE,FALSE,FALSE,FALSE,FALSE,FALSE,FALSE,FALSE,FALSE,FALSE,FALSE,FALSE,FALSE,FALSE,FALSE,FALSE,FALSE,FALSE,FALSE,FALSE,FALSE,FALSE,FALSE,FALSE,FALSE,FALSE,FALSE,FALSE,not_given,FALSE,FALSE,FALSE,FALSE
halimeda spp.,coralnet,halimeda,mermaid,plantae,chlorophyta,bryopsidales,halimedaceae,halimeda,not_given,FALSE,FALSE,FALSE,FALSE,FALSE,FALSE,FALSE,FALSE,FALSE,FALSE,FALSE,FALSE,FALSE,FALSE,FALSE,FALSE,FALSE,FALSE,FALSE,FALSE,FALSE,FALSE,FALSE,FALSE,FALSE,TRUE,FALSE,FALSE,FALSE,FALSE,FALSE,TRUE,FALSE,ulvophyceae,FALSE,FALSE,FALSE,FALSE
cladophora,coralnet,cladophora,mermaid,plantae,chlorophyta,cladophorales,cladophoraceae,cladophora,not_given,FALSE,FALSE,FALSE,FALSE,FALSE,FALSE,FALSE,FALSE,FALSE,FALSE,FALSE,FALSE,FALSE,FALSE,FALSE,FALSE,FALSE,FALSE,FALSE,FALSE,FALSE,FALSE,FALSE,FALSE,FALSE,TRUE,FALSE,FALSE,FALSE,FALSE,FALSE,FALSE,FALSE,ulvophyceae,FALSE,FALSE,FALSE,FALSE
arms-crep-red encrusting macroalgae,coralnet,macroalgae,mermaid,none,none,none,none,none,none,FALSE,FALSE,FALSE,FALSE,FALSE,FALSE,FALSE,FALSE,FALSE,FALSE,FALSE,FALSE,FALSE,FALSE,FALSE,FALSE,FALSE,FALSE,FALSE,FALSE,FALSE,FALSE,FALSE,FALSE,FALSE,TRUE,FALSE,not_given,FALSE,FALSE,FALSE,TRUE,FALSE,none,FALSE,FALSE,FALSE,FALSE
cred-isopora spp,coralnet,isopora,mermaid,animalia,cnidaria,scleractinia,acroporidae,isopora,not_given,not_given,not_given,not_given,not_given,not_given,not_given,not_given,not_given,not_given,not_given,FALSE,FALSE,not_given,FALSE,not_given,not_given,FALSE,not_given,not_given,not_given,not_given,not_given,FALSE,not_given,FALSE,FALSE,FALSE,FALSE,FALSE,FALSE,FALSE,FALSE,FALSE,hexacorallia,FALSE,FALSE,FALSE,TRUE
xenia,coralnet,xenia,mermaid,animalia,cnidaria,malacalcyonacea,xeniidae,xenia,not_given,not_given,not_given,not_given,not_given,not_given,not_given,not_given,not_given,not_given,not_given,not_given,not_given,not_given,not_given,not_given,not_given,not_given,not_given,not_given,not_given,not_given,not_given,not_given,not_given,FALSE,FALSE,FALSE,FALSE,FALSE,FALSE,FALSE,FALSE,FALSE,octocorallia,FALSE,FALSE,FALSE,TRUE
leptoria,coralnet,leptoria,mermaid,animalia,cnidaria,scleractinia,merulinidae,leptoria,not_given,not_given,not_given,not_given,not_given,not_given,not_given,not_given,not_given,not_given,not_given,FALSE,FALSE,not_given,FALSE,not_given,not_given,FALSE,not_given,not_given,not_given,not_given,not_given,FALSE,not_given,FALSE,FALSE,FALSE,FALSE,FALSE,FALSE,FALSE,FALSE,FALSE,hexacorallia,FALSE,FALSE,FALSE,TRUE
hard coral (foliose),coralnet,,,animalia,cnidaria,scleractinia,not_given,not_given,not_given,not_given,not_given,not_given,not_given,not_given,not_given,not_given,not_given,TRUE,not_given,FALSE,FALSE,not_given,FALSE,not_given,not_given,FALSE,not_given,not_given,not_given,not_given,not_given,FALSE,not_given,FALSE,FALSE,FALSE,FALSE,FALSE,FALSE,FALSE,FALSE,FALSE,hexacorallia,FALSE,FALSE,FALSE,TRUE
articulated coralline algae,coralnet,crustose coralline algae,mermaid,not_given,rhodophyta,corallinales,not_given,not_given,not_given,FALSE,FALSE,FALSE,FALSE,FALSE,FALSE,FALSE,FALSE,FALSE,FALSE,FALSE,FALSE,FALSE,FALSE,FALSE,FALSE,FALSE,FALSE,FALSE,FALSE,FALSE,FALSE,FALSE,FALSE,FALSE,TRUE,FALSE,not_given,FALSE,FALSE,FALSE,FALSE,FALSE,florideophyceae,FALSE,FALSE,not_given,FALSE
porites porites,coralnet,porites porites,mermaid,animalia,cnidaria,scleractinia,poritidae,porites,porites_porites,FALSE,FALSE,not_given,FALSE,TRUE,FALSE,TRUE,FALSE,FALSE,TRUE,FALSE,FALSE,TRUE,FALSE,TRUE,TRUE,FALSE,FALSE,FALSE,FALSE,FALSE,FALSE,FALSE,FALSE,FALSE,FALSE,FALSE,FALSE,FALSE,FALSE,FALSE,FALSE,FALSE,hexacorallia,FALSE,FALSE,FALSE,TRUE
cred-pachyseris spp,coralnet,pachyseris,mermaid,animalia,cnidaria,scleractinia,agariciidae,pachyseris,not_given,not_given,FALSE,not_given,not_given,not_given,not_given,not_given,FALSE,TRUE,not_given,FALSE,FALSE,not_given,FALSE,not_given,TRUE,FALSE,not_given,not_given,not_given,not_given,not_given,FALSE,not_given,FALSE,FALSE,FALSE,FALSE,FALSE,FALSE,FALSE,FALSE,FALSE,hexacorallia,FALSE,FALSE,FALSE,TRUE
cred-sponge,coralnet,sponge,coralscapes_v2,animalia,porifera,not_given,not_given,not_given,not_given,FALSE,FALSE,FALSE,FALSE,FALSE,FALSE,FALSE,FALSE,FALSE,FALSE,FALSE,FALSE,FALSE,FALSE,FALSE,FALSE,FALSE,FALSE,FALSE,FALSE,FALSE,FALSE,FALSE,FALSE,FALSE,FALSE,FALSE,FALSE,FALSE,FALSE,FALSE,FALSE,FALSE,not_given,FALSE,FALSE,FALSE,TRUE
cred-tape,coralnet,transect line,coralscapes_v2,none,none,none,none,none,none,FALSE,FALSE,FALSE,FALSE,FALSE,FALSE,FALSE,FALSE,FALSE,FALSE,FALSE,FALSE,FALSE,FALSE,FALSE,FALSE,FALSE,FALSE,FALSE,FALSE,FALSE,FALSE,FALSE,FALSE,FALSE,FALSE,FALSE,TRUE,FALSE,TRUE,TRUE,FALSE,FALSE,none,FALSE,FALSE,FALSE,FALSE
red algae,coralnet,rhodophyta,mermaid,not_given,rhodophyta,not_given,not_given,not_given,not_given,FALSE,FALSE,FALSE,FALSE,FALSE,FALSE,FALSE,FALSE,FALSE,FALSE,FALSE,FALSE,FALSE,FALSE,FALSE,FALSE,FALSE,FALSE,FALSE,FALSE,FALSE,FALSE,FALSE,FALSE,FALSE,TRUE,FALSE,not_given,FALSE,FALSE,FALSE,FALSE,FALSE,not_given,FALSE,FALSE,FALSE,FALSE
siderastrea,coralnet,siderastrea,mermaid,animalia,cnidaria,scleractinia,siderastreidae,siderastrea,not_given,not_given,not_given,not_given,not_given,not_given,not_given,not_given,not_given,not_given,not_given,FALSE,FALSE,not_given,FALSE,not_given,not_given,FALSE,not_given,not_given,not_given,not_given,not_given,FALSE,not_given,FALSE,FALSE,FALSE,FALSE,FALSE,FALSE,FALSE,FALSE,FALSE,hexacorallia,FALSE,FALSE,FALSE,TRUE
tape_tws,coralnet,transect line,coralscapes_v2,none,none,none,none,none,none,FALSE,FALSE,FALSE,FALSE,FALSE,FALSE,FALSE,FALSE,FALSE,FALSE,FALSE,FALSE,FALSE,FALSE,FALSE,FALSE,FALSE,FALSE,FALSE,FALSE,FALSE,FALSE,FALSE,FALSE,FALSE,FALSE,FALSE,TRUE,FALSE,TRUE,TRUE,FALSE,FALSE,none,FALSE,FALSE,FALSE,FALSE
cred-leptoria spp,coralnet,leptoria,mermaid,animalia,cnidaria,scleractinia,merulinidae,leptoria,not_given,not_given,not_given,not_given,not_given,not_given,not_given,not_given,not_given,not_given,not_given,FALSE,FALSE,not_given,FALSE,not_given,not_given,FALSE,not_given,not_given,not_given,not_given,not_given,FALSE,not_given,FALSE,FALSE,FALSE,FALSE,FALSE,FALSE,FALSE,FALSE,FALSE,hexacorallia,FALSE,FALSE,FALSE,TRUE
other sessile invertebrates,coralnet,invertebrate,mermaid,animalia,not_given,not_given,not_given,not_given,not_given,FALSE,FALSE,FALSE,FALSE,FALSE,FALSE,FALSE,FALSE,FALSE,FALSE,FALSE,FALSE,FALSE,FALSE,FALSE,FALSE,FALSE,FALSE,FALSE,FALSE,FALSE,FALSE,FALSE,FALSE,FALSE,FALSE,FALSE,FALSE,FALSE,FALSE,FALSE,FALSE,FALSE,not_given,FALSE,FALSE,FALSE,TRUE
corallimorpharia,coralnet,corallimorpharia,mermaid,animalia,cnidaria,corallimorpharia,not_given,not_given,not_given,not_given,not_given,not_given,not_given,not_given,not_given,not_given,not_given,not_given,not_given,not_given,not_given,not_given,not_given,not_given,not_given,not_given,not_given,not_given,not_given,not_given,not_given,not_given,not_given,FALSE,FALSE,FALSE,FALSE,FALSE,FALSE,FALSE,FALSE,FALSE,hexacorallia,FALSE,FALSE,FALSE,TRUE
cnidaria: true anemones,coralnet,anemone,coralscapes_v2,animalia,cnidaria,actiniaria,not_given,not_given,not_given,not_given,not_given,not_given,not_given,not_given,not_given,not_given,not_given,not_given,not_given,not_given,not_given,not_given,not_given,not_given,not_given,not_given,not_given,not_given,not_given,not_given,not_given,not_given,not_given,FALSE,FALSE,FALSE,FALSE,FALSE,FALSE,FALSE,FALSE,FALSE,hexacorallia,FALSE,FALSE,FALSE,TRUE
cred-rubble substrate,coralnet,rubble,coralscapes_v2,none,none,none,none,none,none,FALSE,FALSE,FALSE,FALSE,FALSE,FALSE,FALSE,FALSE,FALSE,FALSE,FALSE,FALSE,FALSE,FALSE,FALSE,FALSE,FALSE,FALSE,FALSE,FALSE,FALSE,FALSE,FALSE,FALSE,FALSE,FALSE,FALSE,FALSE,FALSE,FALSE,FALSE,FALSE,FALSE,none,FALSE,not_given,not_given,FALSE
cred-turbinaria spp,coralnet,turbinaria,coralscapes_v2,animalia,cnidaria,scleractinia,dendrophylliidae,turbinaria,not_given,FALSE,FALSE,FALSE,FALSE,FALSE,FALSE,not_given,FALSE,TRUE,FALSE,FALSE,FALSE,not_given,FALSE,FALSE,TRUE,FALSE,FALSE,FALSE,FALSE,FALSE,FALSE,FALSE,not_given,FALSE,FALSE,FALSE,FALSE,FALSE,FALSE,FALSE,FALSE,FALSE,hexacorallia,FALSE,FALSE,FALSE,TRUE
kelp,coralnet,,,not_given,ochrophyta,laminariales,not_given,not_given,not_given,FALSE,FALSE,FALSE,FALSE,FALSE,FALSE,FALSE,FALSE,FALSE,FALSE,FALSE,FALSE,FALSE,FALSE,FALSE,FALSE,FALSE,FALSE,FALSE,FALSE,FALSE,FALSE,FALSE,FALSE,FALSE,TRUE,FALSE,not_given,FALSE,FALSE,FALSE,TRUE,FALSE,phaeophyceae,FALSE,FALSE,FALSE,FALSE
pavona decussata,coralnet,pavona decussata,mermaid,animalia,cnidaria,scleractinia,agariciidae,pavona,pavona_decussata,FALSE,FALSE,not_given,FALSE,not_given,FALSE,not_given,FALSE,not_given,not_given,FALSE,FALSE,TRUE,FALSE,not_given,TRUE,FALSE,not_given,FALSE,FALSE,not_given,FALSE,FALSE,not_given,FALSE,FALSE,FALSE,FALSE,FALSE,FALSE,FALSE,FALSE,FALSE,hexacorallia,FALSE,FALSE,FALSE,TRUE
ascidian (colonial),coralnet,ascidian,mermaid,animalia,chordata,not_given,not_given,not_given,not_given,FALSE,FALSE,FALSE,FALSE,FALSE,FALSE,FALSE,FALSE,FALSE,FALSE,FALSE,FALSE,FALSE,FALSE,FALSE,FALSE,FALSE,FALSE,FALSE,FALSE,FALSE,FALSE,FALSE,FALSE,FALSE,FALSE,FALSE,FALSE,FALSE,FALSE,FALSE,FALSE,FALSE,ascidiacea,FALSE,FALSE,FALSE,TRUE
poritidae (massive),coralnet,poritidae,mermaid,animalia,cnidaria,scleractinia,poritidae,not_given,not_given,not_given,not_given,not_given,not_given,TRUE,not_given,not_given,not_given,not_given,not_given,FALSE,FALSE,not_given,FALSE,not_given,not_given,FALSE,not_given,not_given,not_given,not_given,not_given,FALSE,not_given,FALSE,FALSE,FALSE,FALSE,FALSE,FALSE,FALSE,FALSE,FALSE,hexacorallia,FALSE,FALSE,FALSE,TRUE
pachyseris,coralnet,pachyseris,mermaid,animalia,cnidaria,scleractinia,agariciidae,pachyseris,not_given,not_given,FALSE,not_given,not_given,not_given,not_given,not_given,FALSE,TRUE,not_given,FALSE,FALSE,not_given,FALSE,not_given,TRUE,FALSE,not_given,not_given,not_given,not_given,not_given,FALSE,not_given,FALSE,FALSE,FALSE,FALSE,FALSE,FALSE,FALSE,FALSE,FALSE,hexacorallia,FALSE,FALSE,FALSE,TRUE
leptoseris,coralnet,leptoseris,mermaid,animalia,cnidaria,scleractinia,agariciidae,leptoseris,not_given,not_given,not_given,not_given,not_given,not_given,not_given,not_given,not_given,not_given,not_given,FALSE,FALSE,not_given,FALSE,not_given,not_given,FALSE,not_given,not_given,not_given,not_given,not_given,FALSE,not_given,FALSE,FALSE,FALSE,FALSE,FALSE,FALSE,FALSE,FALSE,FALSE,hexacorallia,FALSE,FALSE,FALSE,TRUE
other hard coral,coralnet,hard coral alive,coralscapes_v2,animalia,cnidaria,scleractinia,not_given,not_given,not_given,not_given,not_given,not_given,not_given,not_given,not_given,not_given,not_given,not_given,not_given,FALSE,FALSE,not_given,FALSE,not_given,not_given,FALSE,not_given,not_given,not_given,not_given,not_given,FALSE,not_given,FALSE,FALSE,FALSE,FALSE,FALSE,FALSE,FALSE,FALSE,FALSE,hexacorallia,FALSE,FALSE,FALSE,TRUE
cred-platygyra spp,coralnet,platygyra,mermaid,animalia,cnidaria,scleractinia,merulinidae,platygyra,not_given,FALSE,not_given,not_given,FALSE,not_given,not_given,not_given,not_given,not_given,not_given,FALSE,FALSE,not_given,FALSE,not_given,not_given,FALSE,not_given,FALSE,not_given,not_given,FALSE,FALSE,not_given,FALSE,FALSE,FALSE,FALSE,FALSE,FALSE,FALSE,FALSE,FALSE,hexacorallia,FALSE,FALSE,FALSE,TRUE
cred-lobophyllia spp,coralnet,lobophyllia,mermaid,animalia,cnidaria,scleractinia,lobophylliidae,lobophyllia,not_given,FALSE,FALSE,not_given,FALSE,not_given,not_given,not_given,FALSE,FALSE,not_given,FALSE,FALSE,not_given,FALSE,FALSE,FALSE,FALSE,TRUE,TRUE,FALSE,FALSE,FALSE,not_given,FALSE,FALSE,FALSE,FALSE,FALSE,FALSE,FALSE,FALSE,FALSE,FALSE,hexacorallia,FALSE,FALSE,FALSE,TRUE
cred-stylophora spp,coralnet,stylophora alive,coralscapes_v2,animalia,cnidaria,scleractinia,pocilloporidae,stylophora,not_given,not_given,FALSE,not_given,not_given,FALSE,not_given,FALSE,not_given,FALSE,FALSE,FALSE,FALSE,FALSE,FALSE,TRUE,FALSE,FALSE,FALSE,not_given,not_given,not_given,not_given,FALSE,FALSE,FALSE,FALSE,FALSE,FALSE,FALSE,FALSE,FALSE,FALSE,FALSE,hexacorallia,FALSE,FALSE,FALSE,TRUE
cyanobacteria films,coralnet,cyanobacteria,mermaid,bacillati,cyanobacteriota,not_given,not_given,not_given,not_given,FALSE,FALSE,FALSE,FALSE,FALSE,FALSE,FALSE,FALSE,FALSE,FALSE,FALSE,FALSE,FALSE,FALSE,FALSE,FALSE,FALSE,FALSE,FALSE,FALSE,FALSE,FALSE,FALSE,FALSE,FALSE,FALSE,FALSE,FALSE,FALSE,FALSE,FALSE,FALSE,FALSE,not_given,FALSE,FALSE,FALSE,FALSE
porites evermanni,coralnet,porites evermanni,mermaid,animalia,cnidaria,scleractinia,poritidae,porites,porites_evermanni,FALSE,not_given,not_given,FALSE,TRUE,FALSE,not_given,not_given,not_given,TRUE,FALSE,FALSE,not_given,FALSE,not_given,not_given,FALSE,not_given,FALSE,FALSE,not_given,FALSE,FALSE,not_given,FALSE,FALSE,FALSE,FALSE,FALSE,FALSE,FALSE,FALSE,FALSE,hexacorallia,FALSE,FALSE,FALSE,TRUE
tydemania spp.,coralnet,tydemania,mermaid,plantae,chlorophyta,bryopsidales,udoteaceae,tydemania,not_given,FALSE,FALSE,FALSE,FALSE,FALSE,FALSE,FALSE,FALSE,FALSE,FALSE,FALSE,FALSE,FALSE,FALSE,FALSE,FALSE,FALSE,FALSE,FALSE,FALSE,FALSE,FALSE,FALSE,FALSE,FALSE,TRUE,FALSE,FALSE,FALSE,FALSE,FALSE,FALSE,FALSE,ulvophyceae,FALSE,FALSE,FALSE,FALSE
obscured,coralnet,unknown,mermaid,none,none,none,none,none,none,FALSE,FALSE,FALSE,FALSE,FALSE,FALSE,FALSE,FALSE,FALSE,FALSE,FALSE,FALSE,FALSE,FALSE,FALSE,FALSE,FALSE,FALSE,FALSE,FALSE,FALSE,FALSE,FALSE,FALSE,FALSE,FALSE,FALSE,not_given,FALSE,FALSE,FALSE,FALSE,FALSE,none,FALSE,FALSE,FALSE,FALSE
favia,coralnet,favia,mermaid,animalia,cnidaria,scleractinia,faviidae,favia,not_given,not_given,not_given,not_given,not_given,not_given,not_given,not_given,not_given,not_given,not_given,FALSE,FALSE,not_given,FALSE,not_given,not_given,FALSE,not_given,not_given,not_given,not_given,not_given,FALSE,not_given,FALSE,FALSE,FALSE,FALSE,FALSE,FALSE,FALSE,FALSE,FALSE,hexacorallia,FALSE,FALSE,FALSE,TRUE
porifera,coralnet,sponge,coralscapes_v2,animalia,porifera,not_given,not_given,not_given,not_given,FALSE,FALSE,FALSE,FALSE,FALSE,FALSE,FALSE,FALSE,FALSE,FALSE,FALSE,FALSE,FALSE,FALSE,FALSE,FALSE,FALSE,FALSE,FALSE,FALSE,FALSE,FALSE,FALSE,FALSE,FALSE,FALSE,FALSE,FALSE,FALSE,FALSE,FALSE,FALSE,FALSE,not_given,FALSE,FALSE,FALSE,TRUE
cred-millepora spp,coralnet,millepora,coralscapes_v2,animalia,cnidaria,anthoathecata,milleporidae,millepora,not_given,not_given,not_given,not_given,not_given,not_given,not_given,not_given,not_given,not_given,not_given,not_given,not_given,not_given,not_given,not_given,not_given,not_given,not_given,not_given,not_given,not_given,not_given,not_given,not_given,FALSE,FALSE,FALSE,FALSE,FALSE,FALSE,FALSE,FALSE,FALSE,hydrozoa,FALSE,FALSE,FALSE,TRUE
dictyota spp,coralnet,dictyota,mermaid,not_given,ochrophyta,dictyotales,dictyotaceae,dictyota,not_given,FALSE,FALSE,FALSE,FALSE,FALSE,FALSE,FALSE,FALSE,FALSE,FALSE,FALSE,FALSE,FALSE,FALSE,FALSE,FALSE,FALSE,FALSE,FALSE,FALSE,FALSE,FALSE,FALSE,FALSE,FALSE,TRUE,FALSE,not_given,FALSE,FALSE,FALSE,not_given,FALSE,phaeophyceae,FALSE,FALSE,FALSE,FALSE
favia (indo-pacific),coralnet,favia,mermaid,animalia,cnidaria,scleractinia,faviidae,favia,not_given,not_given,not_given,not_given,not_given,not_given,not_given,not_given,not_given,not_given,not_given,FALSE,FALSE,not_given,FALSE,not_given,not_given,FALSE,not_given,not_given,not_given,not_given,not_given,FALSE,not_given,FALSE,FALSE,FALSE,FALSE,FALSE,FALSE,FALSE,FALSE,FALSE,hexacorallia,FALSE,FALSE,FALSE,TRUE
verrucaria,coralnet,,,fungi,ascomycota,verrucariales,verrucariaceae,verrucaria,not_given,FALSE,FALSE,FALSE,FALSE,FALSE,FALSE,FALSE,FALSE,FALSE,FALSE,FALSE,FALSE,FALSE,FALSE,FALSE,FALSE,FALSE,FALSE,FALSE,FALSE,FALSE,FALSE,FALSE,FALSE,FALSE,FALSE,FALSE,FALSE,FALSE,FALSE,FALSE,FALSE,FALSE,eurotiomycetes,FALSE,FALSE,FALSE,FALSE
agaricia tenuifolia,coralnet,agaricia tenuifolia,mermaid,animalia,cnidaria,scleractinia,agariciidae,agaricia,agaricia_tenuifolia,not_given,FALSE,not_given,not_given,not_given,not_given,not_given,FALSE,TRUE,not_given,FALSE,FALSE,not_given,FALSE,not_given,TRUE,FALSE,not_given,not_given,not_given,not_given,not_given,FALSE,not_given,FALSE,FALSE,FALSE,FALSE,FALSE,FALSE,FALSE,FALSE,FALSE,hexacorallia,FALSE,FALSE,FALSE,TRUE
cred-galaxea spp,coralnet,galaxea alive,coralscapes_v2,animalia,cnidaria,scleractinia,euphylliidae,galaxea,not_given,FALSE,FALSE,not_given,FALSE,TRUE,not_given,TRUE,not_given,not_given,not_given,FALSE,FALSE,TRUE,FALSE,FALSE,not_given,FALSE,not_given,not_given,FALSE,FALSE,not_given,FALSE,FALSE,FALSE,FALSE,FALSE,FALSE,FALSE,FALSE,FALSE,FALSE,FALSE,hexacorallia,FALSE,FALSE,FALSE,TRUE
other invertebrates,coralnet,invertebrate,mermaid,animalia,not_given,not_given,not_given,not_given,not_given,FALSE,FALSE,FALSE,FALSE,FALSE,FALSE,FALSE,FALSE,FALSE,FALSE,FALSE,FALSE,FALSE,FALSE,FALSE,FALSE,FALSE,FALSE,FALSE,FALSE,FALSE,FALSE,FALSE,FALSE,FALSE,FALSE,FALSE,FALSE,FALSE,FALSE,FALSE,FALSE,FALSE,not_given,FALSE,FALSE,FALSE,TRUE
macroalgae: large canopy-forming : ecklonia,coralnet,macroalgae,mermaid,none,none,none,none,none,none,FALSE,FALSE,FALSE,FALSE,FALSE,FALSE,FALSE,FALSE,FALSE,FALSE,FALSE,FALSE,FALSE,FALSE,FALSE,FALSE,FALSE,FALSE,FALSE,FALSE,FALSE,FALSE,FALSE,FALSE,FALSE,TRUE,FALSE,not_given,FALSE,FALSE,FALSE,TRUE,FALSE,none,FALSE,FALSE,FALSE,FALSE
recent dead coral,coralnet,other coral dead,coralscapes_v2,animalia,cnidaria,not_given,not_given,not_given,not_given,not_given,not_given,not_given,not_given,not_given,not_given,not_given,not_given,not_given,not_given,not_given,not_given,not_given,not_given,not_given,not_given,not_given,not_given,not_given,not_given,not_given,not_given,not_given,not_given,FALSE,FALSE,FALSE,FALSE,FALSE,FALSE,FALSE,FALSE,FALSE,not_given,FALSE,FALSE,not_given,FALSE
ascidian (solitary),coralnet,ascidian,mermaid,animalia,chordata,not_given,not_given,not_given,not_given,FALSE,FALSE,FALSE,FALSE,FALSE,FALSE,FALSE,FALSE,FALSE,FALSE,FALSE,FALSE,FALSE,FALSE,FALSE,FALSE,FALSE,FALSE,FALSE,FALSE,FALSE,FALSE,FALSE,FALSE,FALSE,FALSE,FALSE,FALSE,FALSE,FALSE,FALSE,FALSE,FALSE,ascidiacea,FALSE,FALSE,FALSE,TRUE
algae (foliose),coralnet,algae covered substrate,coralscapes_v2,none,none,none,none,none,none,FALSE,FALSE,FALSE,FALSE,FALSE,FALSE,FALSE,FALSE,FALSE,FALSE,FALSE,FALSE,FALSE,FALSE,FALSE,FALSE,FALSE,FALSE,FALSE,FALSE,FALSE,FALSE,FALSE,FALSE,FALSE,TRUE,FALSE,FALSE,FALSE,FALSE,FALSE,not_given,FALSE,none,FALSE,FALSE,FALSE,FALSE
barnacles,coralnet,,,animalia,arthropoda,not_given,not_given,not_given,not_given,FALSE,FALSE,FALSE,FALSE,FALSE,FALSE,FALSE,FALSE,FALSE,FALSE,FALSE,FALSE,FALSE,FALSE,FALSE,FALSE,FALSE,FALSE,FALSE,FALSE,FALSE,FALSE,FALSE,FALSE,FALSE,FALSE,FALSE,FALSE,FALSE,FALSE,FALSE,FALSE,FALSE,thecostraca,FALSE,FALSE,FALSE,TRUE
acropora cervicornis,coralnet,acropora cervicornis,mermaid,animalia,cnidaria,scleractinia,acroporidae,acropora,acropora_cervicornis,FALSE,not_given,FALSE,FALSE,FALSE,FALSE,FALSE,not_given,FALSE,FALSE,FALSE,FALSE,FALSE,FALSE,TRUE,FALSE,FALSE,FALSE,FALSE,TRUE,not_given,FALSE,FALSE,FALSE,FALSE,FALSE,FALSE,FALSE,FALSE,FALSE,FALSE,FALSE,FALSE,hexacorallia,FALSE,FALSE,FALSE,TRUE
bryozoan,coralnet,bryozoan,mermaid,animalia,bryozoa,not_given,not_given,not_given,not_given,FALSE,FALSE,FALSE,FALSE,FALSE,FALSE,FALSE,FALSE,FALSE,FALSE,FALSE,FALSE,FALSE,FALSE,FALSE,FALSE,FALSE,FALSE,FALSE,FALSE,FALSE,FALSE,FALSE,FALSE,FALSE,FALSE,FALSE,FALSE,FALSE,FALSE,FALSE,FALSE,FALSE,not_given,FALSE,FALSE,FALSE,TRUE
coral rubble,coralnet,rubble,coralscapes_v2,none,none,none,none,none,none,FALSE,FALSE,FALSE,FALSE,FALSE,FALSE,FALSE,FALSE,FALSE,FALSE,FALSE,FALSE,FALSE,FALSE,FALSE,FALSE,FALSE,FALSE,FALSE,FALSE,FALSE,FALSE,FALSE,FALSE,FALSE,FALSE,FALSE,FALSE,FALSE,FALSE,FALSE,FALSE,FALSE,none,FALSE,not_given,not_given,FALSE
acropora palmata,coralnet,acropora palmata,mermaid,animalia,cnidaria,scleractinia,acroporidae,acropora,acropora_palmata,FALSE,FALSE,FALSE,FALSE,FALSE,FALSE,FALSE,FALSE,FALSE,FALSE,FALSE,FALSE,FALSE,FALSE,TRUE,TRUE,FALSE,FALSE,FALSE,FALSE,FALSE,FALSE,FALSE,not_given,FALSE,FALSE,FALSE,FALSE,FALSE,FALSE,FALSE,FALSE,FALSE,hexacorallia,FALSE,FALSE,FALSE,TRUE
cred-asparagopsis spp,coralnet,asparagopsis,mermaid,not_given,rhodophyta,bonnemaisoniales,bonnemaisoniaceae,asparagopsis,not_given,FALSE,FALSE,FALSE,FALSE,FALSE,FALSE,FALSE,FALSE,FALSE,FALSE,FALSE,FALSE,FALSE,FALSE,FALSE,FALSE,FALSE,FALSE,FALSE,FALSE,FALSE,FALSE,FALSE,FALSE,FALSE,TRUE,FALSE,not_given,FALSE,FALSE,FALSE,FALSE,FALSE,florideophyceae,FALSE,FALSE,FALSE,FALSE
cred-dictyosphaeria spp,coralnet,dictyosphaeria,mermaid,plantae,chlorophyta,cladophorales,siphonocladaceae,dictyosphaeria,not_given,FALSE,FALSE,FALSE,FALSE,FALSE,FALSE,FALSE,FALSE,FALSE,FALSE,FALSE,FALSE,FALSE,FALSE,FALSE,FALSE,FALSE,FALSE,FALSE,FALSE,FALSE,FALSE,FALSE,FALSE,FALSE,TRUE,FALSE,FALSE,FALSE,FALSE,FALSE,FALSE,FALSE,ulvophyceae,FALSE,FALSE,FALSE,FALSE
silt,coralnet,sand,coralscapes_v2,none,none,none,none,none,none,FALSE,FALSE,FALSE,FALSE,FALSE,FALSE,FALSE,FALSE,FALSE,FALSE,FALSE,FALSE,FALSE,FALSE,FALSE,FALSE,FALSE,FALSE,FALSE,FALSE,FALSE,FALSE,FALSE,FALSE,FALSE,FALSE,FALSE,FALSE,FALSE,FALSE,FALSE,FALSE,FALSE,none,FALSE,TRUE,FALSE,FALSE
porites furcata,coralnet,porites furcata,mermaid,animalia,cnidaria,scleractinia,poritidae,porites,porites_furcata,FALSE,not_given,not_given,FALSE,FALSE,FALSE,FALSE,not_given,FALSE,TRUE,FALSE,FALSE,TRUE,FALSE,TRUE,not_given,FALSE,FALSE,FALSE,FALSE,not_given,FALSE,FALSE,not_given,FALSE,FALSE,FALSE,FALSE,FALSE,FALSE,FALSE,FALSE,FALSE,hexacorallia,FALSE,FALSE,FALSE,TRUE
plating coral,coralnet,thin plate/encrusting coral alive,coralscapes_v2,animalia,cnidaria,scleractinia,not_given,not_given,not_given,FALSE,FALSE,not_given,FALSE,not_given,not_given,TRUE,FALSE,not_given,not_given,FALSE,FALSE,not_given,FALSE,FALSE,TRUE,FALSE,not_given,not_given,FALSE,FALSE,not_given,FALSE,FALSE,FALSE,FALSE,FALSE,FALSE,FALSE,FALSE,FALSE,FALSE,FALSE,hexacorallia,FALSE,FALSE,FALSE,TRUE
acanthophora spicifera,coralnet,acanthophora spicifera,mermaid,not_given,rhodophyta,ceramiales,rhodomelaceae,acanthophora,acanthophora_spicifera,FALSE,FALSE,FALSE,FALSE,FALSE,FALSE,FALSE,FALSE,FALSE,FALSE,FALSE,FALSE,FALSE,FALSE,FALSE,FALSE,FALSE,FALSE,FALSE,FALSE,FALSE,FALSE,FALSE,FALSE,FALSE,TRUE,FALSE,not_given,FALSE,FALSE,FALSE,FALSE,FALSE,florideophyceae,FALSE,FALSE,FALSE,FALSE
seriatopora,coralnet,seriatopora alive,coralscapes_v2,animalia,cnidaria,scleractinia,pocilloporidae,seriatopora,not_given,FALSE,FALSE,FALSE,FALSE,FALSE,FALSE,FALSE,not_given,FALSE,FALSE,FALSE,FALSE,FALSE,FALSE,TRUE,FALSE,FALSE,FALSE,FALSE,not_given,not_given,FALSE,FALSE,FALSE,FALSE,FALSE,FALSE,FALSE,FALSE,FALSE,FALSE,FALSE,FALSE,hexacorallia,FALSE,FALSE,FALSE,TRUE
turbinaria (coral),coralnet,turbinaria,coralscapes_v2,animalia,cnidaria,scleractinia,dendrophylliidae,turbinaria,not_given,FALSE,FALSE,FALSE,FALSE,FALSE,FALSE,not_given,FALSE,TRUE,FALSE,FALSE,FALSE,not_given,FALSE,FALSE,TRUE,FALSE,FALSE,FALSE,FALSE,FALSE,FALSE,FALSE,not_given,FALSE,FALSE,FALSE,FALSE,FALSE,FALSE,FALSE,FALSE,FALSE,hexacorallia,FALSE,FALSE,FALSE,TRUE
madracis decactis,coralnet,madracis decactis,mermaid,animalia,cnidaria,scleractinia,pocilloporidae,madracis,madracis_decactis,FALSE,FALSE,not_given,FALSE,TRUE,not_given,TRUE,not_given,not_given,TRUE,FALSE,FALSE,TRUE,FALSE,FALSE,not_given,FALSE,not_given,not_given,FALSE,FALSE,not_given,FALSE,FALSE,FALSE,FALSE,FALSE,FALSE,FALSE,FALSE,FALSE,FALSE,FALSE,hexacorallia,FALSE,FALSE,FALSE,TRUE
calcifying algae: other,coralnet,calcifying algae,coralnet,none,none,none,none,none,none,FALSE,FALSE,FALSE,FALSE,FALSE,FALSE,FALSE,FALSE,FALSE,FALSE,FALSE,FALSE,FALSE,FALSE,FALSE,FALSE,FALSE,FALSE,FALSE,FALSE,FALSE,FALSE,FALSE,FALSE,FALSE,TRUE,FALSE,not_given,FALSE,FALSE,FALSE,not_given,FALSE,none,FALSE,FALSE,FALSE,FALSE
cred-zoanthid,coralnet,zoanthid,mermaid,animalia,cnidaria,zoantharia,not_given,not_given,not_given,not_given,not_given,not_given,not_given,not_given,not_given,not_given,not_given,not_given,not_given,not_given,not_given,not_given,not_given,not_given,not_given,not_given,not_given,not_given,not_given,not_given,not_given,not_given,not_given,FALSE,FALSE,FALSE,FALSE,FALSE,FALSE,FALSE,FALSE,FALSE,hexacorallia,FALSE,FALSE,FALSE,TRUE
dictyopteris,coralnet,dictyopteris,mermaid,not_given,ochrophyta,dictyotales,dictyotaceae,dictyopteris,not_given,FALSE,FALSE,FALSE,FALSE,FALSE,FALSE,FALSE,FALSE,FALSE,FALSE,FALSE,FALSE,FALSE,FALSE,FALSE,FALSE,FALSE,FALSE,FALSE,FALSE,FALSE,FALSE,FALSE,FALSE,FALSE,TRUE,FALSE,not_given,FALSE,FALSE,FALSE,not_given,FALSE,phaeophyceae,FALSE,FALSE,FALSE,FALSE
cred-foliose hard coral,coralnet,hard coral (foliose),coralnet,animalia,cnidaria,scleractinia,not_given,not_given,not_given,not_given,not_given,not_given,not_given,not_given,not_given,not_given,not_given,TRUE,not_given,FALSE,FALSE,not_given,FALSE,not_given,not_given,FALSE,not_given,not_given,not_given,not_given,not_given,FALSE,not_given,FALSE,FALSE,FALSE,FALSE,FALSE,FALSE,FALSE,FALSE,FALSE,hexacorallia,FALSE,FALSE,FALSE,TRUE
codium,coralnet,codium,mermaid,plantae,chlorophyta,bryopsidales,codiaceae,codium,not_given,FALSE,FALSE,FALSE,FALSE,FALSE,FALSE,FALSE,FALSE,FALSE,FALSE,FALSE,FALSE,FALSE,FALSE,FALSE,FALSE,FALSE,FALSE,FALSE,FALSE,FALSE,FALSE,FALSE,FALSE,FALSE,TRUE,FALSE,FALSE,FALSE,FALSE,FALSE,FALSE,FALSE,ulvophyceae,FALSE,FALSE,FALSE,FALSE
cred-tunicate,coralnet,tunicate,mermaid,animalia,chordata,not_given,not_given,not_given,not_given,FALSE,FALSE,FALSE,FALSE,FALSE,FALSE,FALSE,FALSE,FALSE,FALSE,FALSE,FALSE,FALSE,FALSE,FALSE,FALSE,FALSE,FALSE,FALSE,FALSE,FALSE,FALSE,FALSE,FALSE,FALSE,FALSE,FALSE,FALSE,FALSE,FALSE,FALSE,FALSE,FALSE,not_given,FALSE,FALSE,FALSE,TRUE
cred-hydnophora spp,coralnet,hydnophora,mermaid,animalia,cnidaria,scleractinia,merulinidae,hydnophora,not_given,FALSE,not_given,not_given,FALSE,not_given,not_given,not_given,not_given,not_given,not_given,FALSE,FALSE,not_given,FALSE,not_given,not_given,FALSE,not_given,FALSE,not_given,not_given,FALSE,FALSE,not_given,FALSE,FALSE,FALSE,FALSE,FALSE,FALSE,FALSE,FALSE,FALSE,hexacorallia,FALSE,FALSE,FALSE,TRUE
lobophytum,coralnet,lobophytum,mermaid,animalia,cnidaria,malacalcyonacea,alcyoniidae,lobophytum,not_given,not_given,not_given,not_given,not_given,not_given,not_given,not_given,not_given,not_given,not_given,not_given,not_given,not_given,not_given,not_given,not_given,not_given,not_given,not_given,not_given,not_given,not_given,not_given,not_given,FALSE,FALSE,FALSE,FALSE,FALSE,FALSE,FALSE,FALSE,FALSE,octocorallia,FALSE,FALSE,FALSE,TRUE
asparagopsis taxiformis,coralnet,asparagopsis taxiformis,mermaid,not_given,rhodophyta,bonnemaisoniales,bonnemaisoniaceae,asparagopsis,asparagopsis_taxiformis,FALSE,FALSE,FALSE,FALSE,FALSE,FALSE,FALSE,FALSE,FALSE,FALSE,FALSE,FALSE,FALSE,FALSE,FALSE,FALSE,FALSE,FALSE,FALSE,FALSE,FALSE,FALSE,FALSE,FALSE,FALSE,TRUE,FALSE,not_given,FALSE,FALSE,FALSE,FALSE,FALSE,florideophyceae,FALSE,FALSE,FALSE,FALSE
arms-crep-foraminifera,coralnet,foraminifera,mermaid,not_given,retaria,not_given,not_given,not_given,not_given,FALSE,FALSE,FALSE,FALSE,FALSE,FALSE,FALSE,FALSE,FALSE,FALSE,FALSE,FALSE,FALSE,FALSE,FALSE,FALSE,FALSE,FALSE,FALSE,FALSE,FALSE,FALSE,FALSE,FALSE,FALSE,FALSE,FALSE,not_given,FALSE,FALSE,FALSE,FALSE,FALSE,not_given,FALSE,FALSE,FALSE,FALSE
padina boergesenii,coralnet,padina boergesenii,mermaid,not_given,ochrophyta,dictyotales,dictyotaceae,padina,padina_boergesenii,FALSE,FALSE,FALSE,FALSE,FALSE,FALSE,FALSE,FALSE,FALSE,FALSE,FALSE,FALSE,FALSE,FALSE,FALSE,FALSE,FALSE,FALSE,FALSE,FALSE,FALSE,FALSE,FALSE,FALSE,FALSE,TRUE,FALSE,not_given,FALSE,FALSE,FALSE,TRUE,FALSE,phaeophyceae,FALSE,FALSE,FALSE,FALSE
dictyosphaeria,coralnet,dictyosphaeria,mermaid,plantae,chlorophyta,cladophorales,siphonocladaceae,dictyosphaeria,not_given,FALSE,FALSE,FALSE,FALSE,FALSE,FALSE,FALSE,FALSE,FALSE,FALSE,FALSE,FALSE,FALSE,FALSE,FALSE,FALSE,FALSE,FALSE,FALSE,FALSE,FALSE,FALSE,FALSE,FALSE,FALSE,TRUE,FALSE,FALSE,FALSE,FALSE,FALSE,FALSE,FALSE,ulvophyceae,FALSE,FALSE,FALSE,FALSE
arms-crep-green encrusting macroalgae,coralnet,macroalgae,mermaid,none,none,none,none,none,none,FALSE,FALSE,FALSE,FALSE,FALSE,FALSE,FALSE,FALSE,FALSE,FALSE,FALSE,FALSE,FALSE,FALSE,FALSE,FALSE,FALSE,FALSE,FALSE,FALSE,FALSE,FALSE,FALSE,FALSE,FALSE,TRUE,FALSE,not_given,FALSE,FALSE,FALSE,TRUE,FALSE,none,FALSE,FALSE,FALSE,FALSE
cred-cyphastrea spp,coralnet,cyphastrea,mermaid,animalia,cnidaria,scleractinia,merulinidae,cyphastrea,not_given,not_given,not_given,not_given,not_given,not_given,not_given,not_given,not_given,not_given,not_given,FALSE,FALSE,not_given,FALSE,not_given,not_given,FALSE,not_given,not_given,not_given,not_given,not_given,FALSE,not_given,FALSE,FALSE,FALSE,FALSE,FALSE,FALSE,FALSE,FALSE,FALSE,hexacorallia,FALSE,FALSE,FALSE,TRUE
acropora (corymbose),coralnet,acropora alive,coralscapes_v2,animalia,cnidaria,scleractinia,acroporidae,acropora,not_given,FALSE,TRUE,FALSE,FALSE,FALSE,FALSE,FALSE,not_given,FALSE,FALSE,FALSE,FALSE,FALSE,FALSE,TRUE,FALSE,FALSE,FALSE,FALSE,FALSE,not_given,FALSE,FALSE,FALSE,FALSE,FALSE,FALSE,FALSE,FALSE,FALSE,FALSE,FALSE,FALSE,hexacorallia,FALSE,FALSE,FALSE,TRUE
cred-dictyopteris/dictyota spp,coralnet,dictyotaceae,mermaid,not_given,ochrophyta,dictyotales,dictyotaceae,not_given,not_given,FALSE,FALSE,FALSE,FALSE,FALSE,FALSE,FALSE,FALSE,FALSE,FALSE,FALSE,FALSE,FALSE,FALSE,FALSE,FALSE,FALSE,FALSE,FALSE,FALSE,FALSE,FALSE,FALSE,FALSE,FALSE,TRUE,FALSE,not_given,FALSE,FALSE,FALSE,not_given,FALSE,phaeophyceae,FALSE,FALSE,FALSE,FALSE
porites monticulosa,coralnet,porites monticulosa,mermaid,animalia,cnidaria,scleractinia,poritidae,porites,porites_monticulosa,FALSE,FALSE,not_given,FALSE,TRUE,FALSE,TRUE,FALSE,FALSE,TRUE,FALSE,FALSE,FALSE,FALSE,TRUE,TRUE,FALSE,FALSE,FALSE,FALSE,FALSE,FALSE,FALSE,FALSE,FALSE,FALSE,FALSE,FALSE,FALSE,FALSE,FALSE,FALSE,FALSE,hexacorallia,FALSE,FALSE,FALSE,TRUE
cred-branching hard coral,coralnet,branching coral alive,coralscapes_v2,animalia,cnidaria,scleractinia,not_given,not_given,not_given,not_given,not_given,FALSE,not_given,FALSE,not_given,FALSE,not_given,FALSE,not_given,FALSE,FALSE,FALSE,FALSE,TRUE,not_given,FALSE,FALSE,not_given,not_given,not_given,not_given,FALSE,not_given,FALSE,FALSE,FALSE,FALSE,FALSE,FALSE,FALSE,FALSE,FALSE,hexacorallia,FALSE,FALSE,FALSE,TRUE
lobophyllia,coralnet,lobophyllia,mermaid,animalia,cnidaria,scleractinia,lobophylliidae,lobophyllia,not_given,FALSE,FALSE,not_given,FALSE,not_given,not_given,not_given,FALSE,FALSE,not_given,FALSE,FALSE,not_given,FALSE,FALSE,FALSE,FALSE,TRUE,TRUE,FALSE,FALSE,FALSE,not_given,FALSE,FALSE,FALSE,FALSE,FALSE,FALSE,FALSE,FALSE,FALSE,FALSE,hexacorallia,FALSE,FALSE,FALSE,TRUE
porites lobata bleached,coralnet,,,animalia,cnidaria,scleractinia,poritidae,porites,porites_lobata,FALSE,not_given,not_given,FALSE,TRUE,FALSE,not_given,not_given,not_given,not_given,FALSE,FALSE,not_given,FALSE,not_given,not_given,FALSE,not_given,FALSE,FALSE,not_given,FALSE,FALSE,not_given,TRUE,FALSE,FALSE,FALSE,FALSE,FALSE,FALSE,FALSE,FALSE,hexacorallia,FALSE,FALSE,FALSE,TRUE
galaxaura,coralnet,galaxaura,mermaid,not_given,rhodophyta,nemaliales,galaxauraceae,galaxaura,not_given,FALSE,FALSE,FALSE,FALSE,FALSE,FALSE,FALSE,FALSE,FALSE,FALSE,FALSE,FALSE,FALSE,FALSE,FALSE,FALSE,FALSE,FALSE,FALSE,FALSE,FALSE,FALSE,FALSE,FALSE,FALSE,TRUE,FALSE,not_given,FALSE,FALSE,FALSE,FALSE,FALSE,florideophyceae,FALSE,FALSE,FALSE,FALSE
cred-free-living hard coral,coralnet,hard coral (free-living),coralnet,animalia,cnidaria,scleractinia,not_given,not_given,not_given,not_given,not_given,not_given,not_given,not_given,not_given,not_given,not_given,not_given,not_given,FALSE,FALSE,not_given,FALSE,not_given,not_given,FALSE,not_given,not_given,not_given,not_given,TRUE,FALSE,not_given,FALSE,FALSE,FALSE,FALSE,FALSE,FALSE,FALSE,FALSE,FALSE,hexacorallia,FALSE,FALSE,FALSE,TRUE
symphyllia,coralnet,symphyllia,mermaid,animalia,cnidaria,scleractinia,lobophylliidae,symphyllia,not_given,FALSE,FALSE,TRUE,FALSE,TRUE,not_given,not_given,FALSE,FALSE,not_given,FALSE,FALSE,TRUE,FALSE,FALSE,not_given,FALSE,TRUE,TRUE,FALSE,FALSE,not_given,not_given,FALSE,FALSE,FALSE,FALSE,FALSE,FALSE,FALSE,FALSE,FALSE,FALSE,hexacorallia,FALSE,FALSE,FALSE,TRUE
zooanthid,coralnet,zoanthid,mermaid,animalia,cnidaria,zoantharia,not_given,not_given,not_given,not_given,not_given,not_given,not_given,not_given,not_given,not_given,not_given,not_given,not_given,not_given,not_given,not_given,not_given,not_given,not_given,not_given,not_given,not_given,not_given,not_given,not_given,not_given,not_given,FALSE,FALSE,FALSE,FALSE,FALSE,FALSE,FALSE,FALSE,FALSE,hexacorallia,FALSE,FALSE,FALSE,TRUE
microbial mats,coralnet,microbial mats,mermaid,none,none,none,none,none,none,FALSE,FALSE,FALSE,FALSE,FALSE,FALSE,FALSE,FALSE,FALSE,FALSE,FALSE,FALSE,FALSE,FALSE,FALSE,FALSE,FALSE,FALSE,FALSE,FALSE,FALSE,FALSE,FALSE,FALSE,FALSE,FALSE,FALSE,not_given,FALSE,FALSE,FALSE,FALSE,FALSE,none,FALSE,FALSE,FALSE,FALSE
hypnea musciformis,coralnet,hypnea musciformis,mermaid,not_given,rhodophyta,gigartinales,cystocloniaceae,hypnea,hypnea_musciformis,FALSE,FALSE,FALSE,FALSE,FALSE,FALSE,FALSE,FALSE,FALSE,FALSE,FALSE,FALSE,FALSE,FALSE,FALSE,FALSE,FALSE,FALSE,FALSE,FALSE,FALSE,FALSE,FALSE,FALSE,FALSE,TRUE,FALSE,not_given,FALSE,FALSE,FALSE,FALSE,FALSE,florideophyceae,FALSE,FALSE,FALSE,FALSE
substrate: unconsolidated (soft): sand/mud,coralnet,sand,coralscapes_v2,none,none,none,none,none,none,FALSE,FALSE,FALSE,FALSE,FALSE,FALSE,FALSE,FALSE,FALSE,FALSE,FALSE,FALSE,FALSE,FALSE,FALSE,FALSE,FALSE,FALSE,FALSE,FALSE,FALSE,FALSE,FALSE,FALSE,FALSE,FALSE,FALSE,FALSE,FALSE,FALSE,FALSE,FALSE,FALSE,none,FALSE,not_given,not_given,FALSE
mobile invertebrates	1,coralnet,mobile invertebrates,coralnet,animalia,not_given,not_given,not_given,not_given,not_given,FALSE,FALSE,FALSE,FALSE,FALSE,FALSE,FALSE,FALSE,FALSE,FALSE,FALSE,FALSE,FALSE,FALSE,FALSE,FALSE,FALSE,FALSE,FALSE,FALSE,FALSE,FALSE,FALSE,FALSE,FALSE,FALSE,FALSE,FALSE,FALSE,FALSE,FALSE,FALSE,FALSE,not_given,FALSE,FALSE,FALSE,TRUE
tunicate (colonial),coralnet,tunicate,mermaid,animalia,chordata,not_given,not_given,not_given,not_given,FALSE,FALSE,FALSE,FALSE,FALSE,FALSE,FALSE,FALSE,FALSE,FALSE,FALSE,FALSE,FALSE,FALSE,FALSE,FALSE,FALSE,FALSE,FALSE,FALSE,FALSE,FALSE,FALSE,FALSE,FALSE,FALSE,FALSE,FALSE,FALSE,FALSE,FALSE,FALSE,FALSE,not_given,FALSE,FALSE,FALSE,TRUE
benthic microalgae on sand,coralnet,turf algae,mermaid,none,none,none,none,none,none,FALSE,FALSE,FALSE,FALSE,FALSE,FALSE,FALSE,FALSE,FALSE,FALSE,FALSE,FALSE,FALSE,FALSE,FALSE,FALSE,FALSE,FALSE,FALSE,FALSE,FALSE,FALSE,FALSE,FALSE,FALSE,TRUE,FALSE,not_given,FALSE,FALSE,FALSE,FALSE,FALSE,none,FALSE,FALSE,not_given,FALSE
cred-coscinaraea spp,coralnet,coscinaraea,mermaid,animalia,cnidaria,scleractinia,coscinaraeidae,coscinaraea,not_given,not_given,not_given,not_given,not_given,not_given,not_given,not_given,not_given,not_given,not_given,FALSE,FALSE,not_given,FALSE,not_given,not_given,FALSE,not_given,not_given,not_given,not_given,not_given,FALSE,not_given,FALSE,FALSE,FALSE,FALSE,FALSE,FALSE,FALSE,FALSE,FALSE,hexacorallia,FALSE,FALSE,FALSE,TRUE
montipora flabellata,coralnet,montipora flabellata,mermaid,animalia,cnidaria,scleractinia,acroporidae,montipora,montipora_flabellata,FALSE,FALSE,not_given,FALSE,not_given,FALSE,TRUE,FALSE,not_given,not_given,FALSE,FALSE,not_given,FALSE,FALSE,TRUE,FALSE,not_given,FALSE,FALSE,FALSE,FALSE,FALSE,FALSE,FALSE,FALSE,FALSE,FALSE,FALSE,FALSE,FALSE,FALSE,FALSE,hexacorallia,FALSE,FALSE,FALSE,TRUE
zoanthids,coralnet,zoanthid,mermaid,animalia,cnidaria,zoantharia,not_given,not_given,not_given,not_given,not_given,not_given,not_given,not_given,not_given,not_given,not_given,not_given,not_given,not_given,not_given,not_given,not_given,not_given,not_given,not_given,not_given,not_given,not_given,not_given,not_given,not_given,not_given,FALSE,FALSE,FALSE,FALSE,FALSE,FALSE,FALSE,FALSE,FALSE,hexacorallia,FALSE,FALSE,FALSE,TRUE
avrainvillea,coralnet,avrainvillea,mermaid,plantae,chlorophyta,bryopsidales,dichotomosiphonaceae,avrainvillea,not_given,FALSE,FALSE,FALSE,FALSE,FALSE,FALSE,FALSE,FALSE,FALSE,FALSE,FALSE,FALSE,FALSE,FALSE,FALSE,FALSE,FALSE,FALSE,FALSE,FALSE,FALSE,FALSE,FALSE,FALSE,FALSE,TRUE,FALSE,FALSE,FALSE,FALSE,FALSE,FALSE,FALSE,ulvophyceae,FALSE,FALSE,FALSE,FALSE
sarcophyton,coralnet,leather coral alive,coralscapes_v2,animalia,cnidaria,malacalcyonacea,sarcophytidae,sarcophyton,not_given,not_given,not_given,not_given,not_given,not_given,not_given,not_given,not_given,not_given,not_given,not_given,not_given,not_given,not_given,not_given,not_given,not_given,not_given,not_given,not_given,not_given,not_given,not_given,not_given,FALSE,FALSE,FALSE,FALSE,FALSE,FALSE,FALSE,FALSE,FALSE,octocorallia,FALSE,FALSE,FALSE,TRUE
gardineroseris,coralnet,gardineroseris,mermaid,animalia,cnidaria,scleractinia,agariciidae,gardineroseris,not_given,FALSE,FALSE,not_given,FALSE,TRUE,not_given,TRUE,not_given,not_given,not_given,FALSE,FALSE,TRUE,FALSE,FALSE,not_given,FALSE,not_given,not_given,FALSE,FALSE,not_given,FALSE,FALSE,FALSE,FALSE,FALSE,FALSE,FALSE,FALSE,FALSE,FALSE,FALSE,hexacorallia,FALSE,FALSE,FALSE,TRUE
montastraea,coralnet,montastraea,mermaid,animalia,cnidaria,scleractinia,montastraeidae,montastraea,not_given,not_given,FALSE,not_given,not_given,TRUE,not_given,not_given,FALSE,not_given,not_given,FALSE,FALSE,not_given,FALSE,not_given,TRUE,FALSE,not_given,not_given,not_given,not_given,not_given,FALSE,not_given,TRUE,FALSE,FALSE,FALSE,FALSE,FALSE,FALSE,FALSE,FALSE,hexacorallia,FALSE,FALSE,FALSE,TRUE
padina spp.,coralnet,padina,mermaid,not_given,ochrophyta,dictyotales,dictyotaceae,padina,not_given,FALSE,FALSE,FALSE,FALSE,FALSE,FALSE,FALSE,FALSE,FALSE,FALSE,FALSE,FALSE,FALSE,FALSE,FALSE,FALSE,FALSE,FALSE,FALSE,FALSE,FALSE,FALSE,FALSE,FALSE,FALSE,TRUE,FALSE,not_given,FALSE,FALSE,FALSE,TRUE,FALSE,phaeophyceae,FALSE,FALSE,FALSE,FALSE
cred-fungia spp,coralnet,fungia,mermaid,animalia,cnidaria,scleractinia,fungiidae,fungia,not_given,TRUE,FALSE,FALSE,TRUE,FALSE,not_given,not_given,not_given,not_given,not_given,TRUE,FALSE,not_given,FALSE,FALSE,not_given,FALSE,FALSE,FALSE,FALSE,FALSE,TRUE,FALSE,FALSE,FALSE,FALSE,FALSE,FALSE,FALSE,FALSE,FALSE,FALSE,FALSE,hexacorallia,FALSE,FALSE,FALSE,TRUE
pavona varians,coralnet,pavona varians,mermaid,animalia,cnidaria,scleractinia,agariciidae,pavona,pavona_varians,FALSE,FALSE,not_given,FALSE,not_given,FALSE,TRUE,FALSE,not_given,not_given,FALSE,FALSE,TRUE,FALSE,FALSE,TRUE,FALSE,not_given,FALSE,FALSE,FALSE,FALSE,FALSE,FALSE,FALSE,FALSE,FALSE,FALSE,FALSE,FALSE,FALSE,FALSE,FALSE,hexacorallia,FALSE,FALSE,FALSE,TRUE
anemone,coralnet,anemone,coralscapes_v2,animalia,cnidaria,actiniaria,not_given,not_given,not_given,not_given,not_given,not_given,not_given,not_given,not_given,not_given,not_given,not_given,not_given,not_given,not_given,not_given,not_given,not_given,not_given,not_given,not_given,not_given,not_given,not_given,not_given,not_given,not_given,FALSE,FALSE,FALSE,FALSE,FALSE,FALSE,FALSE,FALSE,FALSE,hexacorallia,FALSE,FALSE,FALSE,TRUE
spyridia filamentosa,coralnet,spyridia filamentosa,mermaid,plantae,rhodophyta,ceramiales,callithamniaceae,spyridia,spyridia_filamentosa,FALSE,FALSE,FALSE,FALSE,FALSE,FALSE,FALSE,FALSE,FALSE,FALSE,FALSE,FALSE,FALSE,FALSE,FALSE,FALSE,FALSE,FALSE,FALSE,FALSE,FALSE,FALSE,FALSE,FALSE,FALSE,TRUE,FALSE,FALSE,FALSE,FALSE,FALSE,FALSE,FALSE,florideophyceae,FALSE,FALSE,FALSE,FALSE
hard coral (submassive),coralnet,hard coral alive,coralscapes_v2,animalia,cnidaria,scleractinia,not_given,not_given,not_given,not_given,not_given,not_given,not_given,not_given,not_given,not_given,not_given,not_given,not_given,FALSE,FALSE,TRUE,FALSE,not_given,not_given,FALSE,not_given,not_given,not_given,not_given,not_given,FALSE,not_given,FALSE,FALSE,FALSE,FALSE,FALSE,FALSE,FALSE,FALSE,FALSE,hexacorallia,FALSE,FALSE,FALSE,TRUE
acropora corymbose/tabular/plate,coralnet,acropora alive,coralscapes_v2,animalia,cnidaria,scleractinia,acroporidae,acropora,not_given,FALSE,not_given,FALSE,FALSE,FALSE,FALSE,FALSE,not_given,FALSE,FALSE,FALSE,FALSE,FALSE,FALSE,TRUE,not_given,FALSE,FALSE,FALSE,not_given,not_given,FALSE,FALSE,not_given,FALSE,FALSE,FALSE,FALSE,FALSE,FALSE,FALSE,FALSE,FALSE,hexacorallia,FALSE,FALSE,FALSE,TRUE
"porites compressa, recently dead",coralnet,,,animalia,cnidaria,scleractinia,poritidae,porites,porites_compressa,FALSE,not_given,not_given,FALSE,FALSE,FALSE,FALSE,not_given,FALSE,TRUE,FALSE,FALSE,TRUE,FALSE,TRUE,not_given,FALSE,FALSE,FALSE,FALSE,not_given,FALSE,FALSE,not_given,FALSE,FALSE,FALSE,FALSE,FALSE,FALSE,FALSE,FALSE,FALSE,hexacorallia,FALSE,FALSE,not_given,FALSE
cover - abundance of cyanobacteria,coralnet,cyanobacteria,mermaid,bacillati,cyanobacteriota,not_given,not_given,not_given,not_given,FALSE,FALSE,FALSE,FALSE,FALSE,FALSE,FALSE,FALSE,FALSE,FALSE,FALSE,FALSE,FALSE,FALSE,FALSE,FALSE,FALSE,FALSE,FALSE,FALSE,FALSE,FALSE,FALSE,FALSE,FALSE,FALSE,FALSE,FALSE,FALSE,FALSE,FALSE,FALSE,FALSE,not_given,FALSE,FALSE,FALSE,FALSE
muricea spp.,coralnet,muricea,mermaid,animalia,cnidaria,malacalcyonacea,plexauridae,muricea,not_given,not_given,not_given,not_given,not_given,not_given,not_given,not_given,not_given,not_given,not_given,not_given,not_given,not_given,not_given,not_given,not_given,not_given,not_given,not_given,not_given,not_given,not_given,not_given,not_given,FALSE,FALSE,FALSE,FALSE,FALSE,FALSE,FALSE,FALSE,FALSE,octocorallia,FALSE,FALSE,FALSE,TRUE
pseudodiploria clivosa,coralnet,pseudodiploria clivosa,mermaid,animalia,cnidaria,scleractinia,mussidae,pseudodiploria,pseudodiploria_clivosa,FALSE,FALSE,TRUE,FALSE,TRUE,not_given,not_given,FALSE,FALSE,not_given,FALSE,FALSE,not_given,FALSE,FALSE,not_given,FALSE,TRUE,not_given,FALSE,FALSE,not_given,not_given,FALSE,FALSE,FALSE,FALSE,FALSE,FALSE,FALSE,FALSE,FALSE,FALSE,hexacorallia,FALSE,FALSE,FALSE,TRUE
stephanocoenia intersepta,coralnet,stephanocoenia intersepta,mermaid,animalia,cnidaria,scleractinia,astrocoeniidae,stephanocoenia,stephanocoenia_intersepta,not_given,not_given,not_given,not_given,TRUE,not_given,not_given,not_given,not_given,not_given,FALSE,FALSE,TRUE,FALSE,not_given,not_given,FALSE,not_given,not_given,not_given,not_given,not_given,FALSE,not_given,FALSE,FALSE,FALSE,FALSE,FALSE,FALSE,FALSE,FALSE,FALSE,hexacorallia,FALSE,FALSE,FALSE,TRUE
cred-diploastrea spp,coralnet,diploastrea,mermaid,animalia,cnidaria,scleractinia,diploastreidae,diploastrea,not_given,not_given,not_given,not_given,not_given,TRUE,not_given,not_given,not_given,not_given,not_given,FALSE,FALSE,not_given,FALSE,not_given,not_given,FALSE,not_given,not_given,not_given,not_given,not_given,FALSE,not_given,FALSE,FALSE,FALSE,FALSE,FALSE,FALSE,FALSE,FALSE,FALSE,hexacorallia,FALSE,FALSE,FALSE,TRUE
"brown algae, unidentified",coralnet,phaeophyceae,mermaid,not_given,ochrophyta,not_given,not_given,not_given,not_given,FALSE,FALSE,FALSE,FALSE,FALSE,FALSE,FALSE,FALSE,FALSE,FALSE,FALSE,FALSE,FALSE,FALSE,FALSE,FALSE,FALSE,FALSE,FALSE,FALSE,FALSE,FALSE,FALSE,FALSE,FALSE,TRUE,FALSE,not_given,FALSE,FALSE,FALSE,not_given,FALSE,phaeophyceae,FALSE,FALSE,FALSE,FALSE
macroalgae: large canopy-forming : brown,coralnet,macroalgae,mermaid,none,none,none,none,none,none,FALSE,FALSE,FALSE,FALSE,FALSE,FALSE,FALSE,FALSE,FALSE,FALSE,FALSE,FALSE,FALSE,FALSE,FALSE,FALSE,FALSE,FALSE,FALSE,FALSE,FALSE,FALSE,FALSE,FALSE,FALSE,TRUE,FALSE,not_given,FALSE,FALSE,FALSE,TRUE,FALSE,none,FALSE,FALSE,FALSE,FALSE
molluscs: gastropods,coralnet,,,animalia,mollusca,not_given,not_given,not_given,not_given,FALSE,FALSE,FALSE,FALSE,FALSE,FALSE,FALSE,FALSE,FALSE,FALSE,FALSE,FALSE,FALSE,FALSE,FALSE,FALSE,FALSE,FALSE,FALSE,FALSE,FALSE,FALSE,FALSE,FALSE,FALSE,FALSE,FALSE,FALSE,FALSE,FALSE,FALSE,FALSE,FALSE,gastropoda,FALSE,FALSE,FALSE,TRUE
limestone_stable_substrate,coralnet,hard substrate,coralscapes_v2,none,none,none,none,none,none,FALSE,FALSE,FALSE,FALSE,FALSE,FALSE,FALSE,FALSE,FALSE,FALSE,FALSE,FALSE,FALSE,FALSE,FALSE,FALSE,FALSE,FALSE,FALSE,FALSE,FALSE,FALSE,FALSE,FALSE,FALSE,FALSE,FALSE,FALSE,FALSE,FALSE,FALSE,FALSE,FALSE,none,FALSE,FALSE,TRUE,FALSE
pocillopora grandis (eydouxi),coralnet,pocillopora grandis,mermaid,animalia,cnidaria,scleractinia,pocilloporidae,pocillopora,pocillopora_grandis,FALSE,not_given,FALSE,FALSE,FALSE,FALSE,FALSE,not_given,FALSE,TRUE,FALSE,FALSE,FALSE,FALSE,TRUE,FALSE,FALSE,FALSE,FALSE,not_given,not_given,FALSE,FALSE,FALSE,FALSE,FALSE,FALSE,FALSE,FALSE,FALSE,FALSE,FALSE,FALSE,hexacorallia,FALSE,FALSE,FALSE,TRUE
cred-caulerpa spp,coralnet,caulerpa,mermaid,plantae,chlorophyta,bryopsidales,caulerpaceae,caulerpa,not_given,FALSE,FALSE,FALSE,FALSE,FALSE,FALSE,FALSE,FALSE,FALSE,FALSE,FALSE,FALSE,FALSE,FALSE,FALSE,FALSE,FALSE,FALSE,FALSE,FALSE,FALSE,FALSE,FALSE,FALSE,FALSE,TRUE,FALSE,FALSE,FALSE,FALSE,FALSE,FALSE,FALSE,ulvophyceae,FALSE,FALSE,FALSE,FALSE
crep-t1 tape/wand,coralnet,transect tools,coralscapes_v2,none,none,none,none,none,none,FALSE,FALSE,FALSE,FALSE,FALSE,FALSE,FALSE,FALSE,FALSE,FALSE,FALSE,FALSE,FALSE,FALSE,FALSE,FALSE,FALSE,FALSE,FALSE,FALSE,FALSE,FALSE,FALSE,FALSE,FALSE,FALSE,FALSE,TRUE,FALSE,TRUE,FALSE,FALSE,FALSE,none,FALSE,FALSE,FALSE,FALSE
calcareous algae,coralnet,crustose coralline algae,mermaid,not_given,rhodophyta,corallinales,not_given,not_given,not_given,FALSE,FALSE,FALSE,FALSE,FALSE,FALSE,FALSE,FALSE,FALSE,FALSE,FALSE,FALSE,FALSE,FALSE,FALSE,FALSE,FALSE,FALSE,FALSE,FALSE,FALSE,FALSE,FALSE,FALSE,FALSE,TRUE,FALSE,not_given,FALSE,FALSE,FALSE,FALSE,FALSE,florideophyceae,FALSE,FALSE,not_given,FALSE
dysidea sp,coralnet,dysidea,mermaid,animalia,porifera,dictyoceratida,dysideidae,dysidea,not_given,FALSE,FALSE,FALSE,FALSE,FALSE,FALSE,FALSE,FALSE,FALSE,FALSE,FALSE,FALSE,FALSE,FALSE,FALSE,FALSE,FALSE,FALSE,FALSE,FALSE,FALSE,FALSE,FALSE,FALSE,FALSE,FALSE,FALSE,FALSE,FALSE,FALSE,FALSE,FALSE,FALSE,demospongiae,FALSE,FALSE,FALSE,TRUE
cred-brown macroalgae,coralnet,phaeophyceae,mermaid,not_given,ochrophyta,not_given,not_given,not_given,not_given,FALSE,FALSE,FALSE,FALSE,FALSE,FALSE,FALSE,FALSE,FALSE,FALSE,FALSE,FALSE,FALSE,FALSE,FALSE,FALSE,FALSE,FALSE,FALSE,FALSE,FALSE,FALSE,FALSE,FALSE,FALSE,TRUE,FALSE,not_given,FALSE,FALSE,FALSE,TRUE,FALSE,phaeophyceae,FALSE,FALSE,FALSE,FALSE
hard coral tabular,coralnet,hard coral alive,coralscapes_v2,animalia,cnidaria,scleractinia,not_given,not_given,not_given,not_given,FALSE,not_given,not_given,not_given,not_given,not_given,FALSE,not_given,not_given,FALSE,FALSE,not_given,FALSE,not_given,not_given,FALSE,not_given,not_given,not_given,not_given,not_given,FALSE,TRUE,FALSE,FALSE,FALSE,FALSE,FALSE,FALSE,FALSE,FALSE,FALSE,hexacorallia,FALSE,FALSE,FALSE,TRUE
tridacna: giant clam,coralnet,giant clam,coralscapes_v2,animalia,mollusca,cardiida,cardiidae,tridacna,not_given,FALSE,FALSE,FALSE,FALSE,FALSE,FALSE,FALSE,FALSE,FALSE,FALSE,FALSE,FALSE,FALSE,FALSE,FALSE,FALSE,FALSE,FALSE,FALSE,FALSE,FALSE,FALSE,FALSE,FALSE,FALSE,FALSE,FALSE,FALSE,FALSE,FALSE,FALSE,FALSE,FALSE,bivalvia,FALSE,FALSE,FALSE,TRUE
chondrilla spp.,coralnet,chondrilla,mermaid,plantae,not_given,asterales,asteraceae,chondrilla,not_given,FALSE,FALSE,FALSE,FALSE,FALSE,FALSE,FALSE,FALSE,FALSE,FALSE,FALSE,FALSE,FALSE,FALSE,FALSE,FALSE,FALSE,FALSE,FALSE,FALSE,FALSE,FALSE,FALSE,FALSE,FALSE,FALSE,FALSE,FALSE,FALSE,FALSE,FALSE,FALSE,FALSE,not_given,FALSE,FALSE,FALSE,FALSE
meandroid (brain) corals,coralnet,brain coral alive,coralscapes_v2,animalia,cnidaria,scleractinia,not_given,not_given,not_given,FALSE,FALSE,TRUE,FALSE,TRUE,not_given,not_given,FALSE,FALSE,not_given,FALSE,FALSE,TRUE,FALSE,FALSE,FALSE,FALSE,TRUE,not_given,FALSE,FALSE,not_given,not_given,FALSE,FALSE,FALSE,FALSE,FALSE,FALSE,FALSE,FALSE,FALSE,FALSE,hexacorallia,FALSE,FALSE,FALSE,TRUE
caulerpa racemosa,coralnet,caulerpa racemosa,mermaid,plantae,chlorophyta,bryopsidales,caulerpaceae,caulerpa,caulerpa_racemosa,FALSE,FALSE,FALSE,FALSE,FALSE,FALSE,FALSE,FALSE,FALSE,FALSE,FALSE,FALSE,FALSE,FALSE,FALSE,FALSE,FALSE,FALSE,FALSE,FALSE,FALSE,FALSE,FALSE,FALSE,FALSE,TRUE,FALSE,FALSE,FALSE,FALSE,FALSE,FALSE,FALSE,ulvophyceae,FALSE,FALSE,FALSE,FALSE
bivalve,coralnet,bivalvia,mermaid,animalia,mollusca,not_given,not_given,not_given,not_given,FALSE,FALSE,FALSE,FALSE,FALSE,FALSE,FALSE,FALSE,FALSE,FALSE,FALSE,FALSE,FALSE,FALSE,FALSE,FALSE,FALSE,FALSE,FALSE,FALSE,FALSE,FALSE,FALSE,FALSE,FALSE,FALSE,FALSE,FALSE,FALSE,FALSE,FALSE,FALSE,FALSE,bivalvia,FALSE,FALSE,FALSE,TRUE
porites lutea,coralnet,porites lutea,mermaid,animalia,cnidaria,scleractinia,poritidae,porites,porites_lutea,FALSE,not_given,not_given,FALSE,TRUE,FALSE,not_given,not_given,not_given,not_given,FALSE,FALSE,not_given,FALSE,not_given,not_given,FALSE,not_given,FALSE,FALSE,not_given,FALSE,FALSE,not_given,FALSE,FALSE,FALSE,FALSE,FALSE,FALSE,FALSE,FALSE,FALSE,hexacorallia,FALSE,FALSE,FALSE,TRUE
rock crustose coralline algae,coralnet,crustose coralline algae,mermaid,not_given,rhodophyta,corallinales,not_given,not_given,not_given,FALSE,FALSE,FALSE,FALSE,FALSE,FALSE,FALSE,FALSE,FALSE,FALSE,FALSE,FALSE,FALSE,FALSE,FALSE,FALSE,FALSE,FALSE,FALSE,FALSE,FALSE,FALSE,FALSE,FALSE,FALSE,TRUE,FALSE,not_given,FALSE,FALSE,FALSE,FALSE,FALSE,florideophyceae,FALSE,FALSE,not_given,FALSE
cred-psammocora spp,coralnet,psammocora,mermaid,animalia,cnidaria,scleractinia,psammocoridae,psammocora,not_given,not_given,not_given,not_given,not_given,not_given,not_given,not_given,not_given,not_given,not_given,FALSE,FALSE,not_given,FALSE,not_given,not_given,FALSE,not_given,not_given,not_given,not_given,not_given,FALSE,not_given,FALSE,FALSE,FALSE,FALSE,FALSE,FALSE,FALSE,FALSE,FALSE,hexacorallia,FALSE,FALSE,FALSE,TRUE
leptastrea purpurea,coralnet,leptastrea purpurea,mermaid,animalia,cnidaria,scleractinia,leptastreidae,leptastrea,leptastrea_purpurea,FALSE,FALSE,not_given,FALSE,TRUE,not_given,TRUE,not_given,not_given,not_given,FALSE,FALSE,not_given,FALSE,FALSE,not_given,FALSE,not_given,not_given,FALSE,FALSE,not_given,FALSE,FALSE,FALSE,FALSE,FALSE,FALSE,FALSE,FALSE,FALSE,FALSE,FALSE,hexacorallia,FALSE,FALSE,FALSE,TRUE
madracis auretenra,coralnet,madracis auretenra,mermaid,animalia,cnidaria,scleractinia,pocilloporidae,madracis,madracis_auretenra,not_given,not_given,not_given,not_given,FALSE,not_given,FALSE,TRUE,FALSE,not_given,FALSE,FALSE,FALSE,FALSE,TRUE,not_given,FALSE,FALSE,not_given,not_given,not_given,not_given,FALSE,not_given,FALSE,FALSE,FALSE,FALSE,FALSE,FALSE,FALSE,FALSE,FALSE,hexacorallia,FALSE,FALSE,FALSE,TRUE
cred-echinopora spp,coralnet,echinopora,mermaid,animalia,cnidaria,scleractinia,merulinidae,echinopora,not_given,not_given,not_given,not_given,not_given,not_given,not_given,not_given,not_given,not_given,not_given,FALSE,FALSE,not_given,FALSE,not_given,not_given,FALSE,not_given,not_given,not_given,not_given,not_given,FALSE,not_given,FALSE,FALSE,FALSE,FALSE,FALSE,FALSE,FALSE,FALSE,FALSE,hexacorallia,FALSE,FALSE,FALSE,TRUE
pavona decussata_divaricata_frondifera,coralnet,pavona alive,coralscapes_v2,animalia,cnidaria,scleractinia,agariciidae,pavona,not_given,FALSE,FALSE,not_given,FALSE,not_given,FALSE,not_given,FALSE,not_given,not_given,FALSE,FALSE,not_given,FALSE,not_given,TRUE,FALSE,not_given,FALSE,FALSE,not_given,FALSE,FALSE,not_given,FALSE,FALSE,FALSE,FALSE,FALSE,FALSE,FALSE,FALSE,FALSE,hexacorallia,FALSE,FALSE,FALSE,TRUE
calcifying algae: halimeda,coralnet,halimeda,mermaid,plantae,chlorophyta,bryopsidales,halimedaceae,halimeda,not_given,FALSE,FALSE,FALSE,FALSE,FALSE,FALSE,FALSE,FALSE,FALSE,FALSE,FALSE,FALSE,FALSE,FALSE,FALSE,FALSE,FALSE,FALSE,FALSE,FALSE,FALSE,FALSE,FALSE,FALSE,FALSE,TRUE,FALSE,FALSE,FALSE,FALSE,FALSE,TRUE,FALSE,ulvophyceae,FALSE,FALSE,FALSE,FALSE
gorgonia ventalina,coralnet,gorgonia ventalina,mermaid,animalia,cnidaria,malacalcyonacea,gorgoniidae,gorgonia,gorgonia_ventalina,not_given,not_given,not_given,not_given,not_given,not_given,not_given,not_given,not_given,not_given,not_given,not_given,not_given,not_given,not_given,not_given,not_given,not_given,not_given,not_given,not_given,not_given,not_given,not_given,FALSE,FALSE,FALSE,FALSE,FALSE,FALSE,FALSE,FALSE,FALSE,octocorallia,FALSE,FALSE,FALSE,TRUE
sargassum fluitans,coralnet,sargassum fluitans,mermaid,not_given,ochrophyta,fucales,sargassaceae,sargassum,sargassum_fluitans,FALSE,FALSE,FALSE,FALSE,FALSE,FALSE,FALSE,FALSE,FALSE,FALSE,FALSE,FALSE,FALSE,FALSE,FALSE,FALSE,FALSE,FALSE,FALSE,FALSE,FALSE,FALSE,FALSE,FALSE,FALSE,TRUE,FALSE,not_given,FALSE,FALSE,FALSE,not_given,FALSE,phaeophyceae,FALSE,FALSE,FALSE,FALSE
asparagopsis,coralnet,asparagopsis,mermaid,not_given,rhodophyta,bonnemaisoniales,bonnemaisoniaceae,asparagopsis,not_given,FALSE,FALSE,FALSE,FALSE,FALSE,FALSE,FALSE,FALSE,FALSE,FALSE,FALSE,FALSE,FALSE,FALSE,FALSE,FALSE,FALSE,FALSE,FALSE,FALSE,FALSE,FALSE,FALSE,FALSE,FALSE,TRUE,FALSE,not_given,FALSE,FALSE,FALSE,FALSE,FALSE,florideophyceae,FALSE,FALSE,FALSE,FALSE
cca: on dead coral,coralnet,crustose coralline algae,mermaid,not_given,rhodophyta,corallinales,not_given,not_given,not_given,FALSE,FALSE,FALSE,FALSE,FALSE,FALSE,FALSE,FALSE,FALSE,FALSE,FALSE,FALSE,FALSE,FALSE,FALSE,FALSE,FALSE,FALSE,FALSE,FALSE,FALSE,FALSE,FALSE,FALSE,FALSE,TRUE,FALSE,not_given,FALSE,FALSE,FALSE,FALSE,FALSE,florideophyceae,FALSE,FALSE,not_given,FALSE
cyanobacterium sp.,coralnet,cyanobacteria,mermaid,bacillati,cyanobacteriota,not_given,not_given,not_given,not_given,FALSE,FALSE,FALSE,FALSE,FALSE,FALSE,FALSE,FALSE,FALSE,FALSE,FALSE,FALSE,FALSE,FALSE,FALSE,FALSE,FALSE,FALSE,FALSE,FALSE,FALSE,FALSE,FALSE,FALSE,FALSE,FALSE,FALSE,FALSE,FALSE,FALSE,FALSE,FALSE,FALSE,not_given,FALSE,FALSE,FALSE,FALSE
clionid spp.,coralnet,cliona,mermaid,animalia,porifera,clionaida,clionaidae,cliona,not_given,FALSE,FALSE,FALSE,FALSE,FALSE,FALSE,FALSE,FALSE,FALSE,FALSE,FALSE,FALSE,FALSE,FALSE,FALSE,FALSE,FALSE,FALSE,FALSE,FALSE,FALSE,FALSE,FALSE,FALSE,FALSE,FALSE,FALSE,FALSE,FALSE,FALSE,FALSE,FALSE,FALSE,demospongiae,FALSE,FALSE,FALSE,TRUE
cred-goniopora/alveopora spp,coralnet,hard coral alive,coralscapes_v2,animalia,cnidaria,scleractinia,not_given,not_given,not_given,not_given,not_given,not_given,not_given,not_given,not_given,not_given,not_given,not_given,not_given,FALSE,FALSE,not_given,TRUE,not_given,not_given,FALSE,not_given,not_given,not_given,not_given,not_given,FALSE,not_given,FALSE,FALSE,FALSE,FALSE,FALSE,FALSE,FALSE,FALSE,FALSE,hexacorallia,FALSE,FALSE,FALSE,TRUE
agariciidae,coralnet,agariciidae,mermaid,animalia,cnidaria,scleractinia,agariciidae,not_given,not_given,not_given,not_given,not_given,not_given,not_given,not_given,not_given,not_given,not_given,not_given,FALSE,FALSE,not_given,FALSE,not_given,not_given,FALSE,not_given,not_given,not_given,not_given,not_given,FALSE,not_given,FALSE,FALSE,FALSE,FALSE,FALSE,FALSE,FALSE,FALSE,FALSE,hexacorallia,FALSE,FALSE,FALSE,TRUE
dendrogyra cylindrus,coralnet,dendrogyra cylindrus,mermaid,animalia,cnidaria,scleractinia,meandrinidae,dendrogyra,dendrogyra_cylindrus,FALSE,FALSE,not_given,FALSE,TRUE,not_given,TRUE,not_given,not_given,TRUE,FALSE,FALSE,not_given,FALSE,FALSE,not_given,FALSE,not_given,not_given,FALSE,FALSE,not_given,FALSE,FALSE,FALSE,FALSE,FALSE,FALSE,FALSE,FALSE,FALSE,FALSE,FALSE,hexacorallia,FALSE,FALSE,FALSE,TRUE
chrysocystis fragilis,coralnet,chrysocystis fragilis,mermaid,chromista,ochrophyta,sarcinochrysidales,chrysocystaceae,chrysocystis,chrysocystis_fragilis,FALSE,FALSE,FALSE,FALSE,FALSE,FALSE,FALSE,FALSE,FALSE,FALSE,FALSE,FALSE,FALSE,FALSE,FALSE,FALSE,FALSE,FALSE,FALSE,FALSE,FALSE,FALSE,FALSE,FALSE,FALSE,FALSE,FALSE,FALSE,FALSE,FALSE,FALSE,FALSE,FALSE,pelagophyceae,FALSE,FALSE,FALSE,FALSE
sea anemone,coralnet,anemone,coralscapes_v2,animalia,cnidaria,actiniaria,not_given,not_given,not_given,not_given,not_given,not_given,not_given,not_given,not_given,not_given,not_given,not_given,not_given,not_given,not_given,not_given,not_given,not_given,not_given,not_given,not_given,not_given,not_given,not_given,not_given,not_given,not_given,FALSE,FALSE,FALSE,FALSE,FALSE,FALSE,FALSE,FALSE,FALSE,hexacorallia,FALSE,FALSE,FALSE,TRUE
arms-crep-soft worm tube,coralnet,hard substrate,coralscapes_v2,none,none,none,none,none,none,FALSE,FALSE,FALSE,FALSE,FALSE,FALSE,FALSE,FALSE,FALSE,FALSE,FALSE,FALSE,FALSE,FALSE,FALSE,FALSE,FALSE,FALSE,FALSE,FALSE,FALSE,FALSE,FALSE,FALSE,FALSE,FALSE,FALSE,FALSE,FALSE,FALSE,FALSE,FALSE,FALSE,none,FALSE,FALSE,TRUE,FALSE
acanthastrea,coralnet,acanthastrea,mermaid,animalia,cnidaria,scleractinia,lobophylliidae,acanthastrea,not_given,FALSE,FALSE,not_given,FALSE,TRUE,not_given,TRUE,not_given,not_given,not_given,FALSE,FALSE,not_given,FALSE,FALSE,FALSE,FALSE,not_given,not_given,FALSE,FALSE,not_given,not_given,FALSE,FALSE,FALSE,FALSE,FALSE,FALSE,FALSE,FALSE,FALSE,FALSE,hexacorallia,FALSE,FALSE,FALSE,TRUE
cladiella,coralnet,cladiella,mermaid,animalia,cnidaria,malacalcyonacea,alcyoniidae,cladiella,not_given,not_given,not_given,not_given,not_given,not_given,not_given,not_given,not_given,not_given,not_given,not_given,not_given,not_given,not_given,not_given,not_given,not_given,not_given,not_given,not_given,not_given,not_given,not_given,not_given,FALSE,FALSE,FALSE,FALSE,FALSE,FALSE,FALSE,FALSE,FALSE,octocorallia,FALSE,FALSE,FALSE,TRUE
acropora (plating),coralnet,table acropora alive,coralscapes_v2,animalia,cnidaria,scleractinia,acroporidae,acropora,not_given,FALSE,FALSE,FALSE,FALSE,FALSE,FALSE,FALSE,FALSE,FALSE,FALSE,FALSE,FALSE,FALSE,FALSE,TRUE,TRUE,FALSE,FALSE,FALSE,FALSE,FALSE,FALSE,FALSE,TRUE,FALSE,FALSE,FALSE,FALSE,FALSE,FALSE,FALSE,FALSE,FALSE,hexacorallia,FALSE,FALSE,FALSE,TRUE
palythoa sp,coralnet,palythoa,mermaid,animalia,cnidaria,zoantharia,sphenopidae,palythoa,not_given,not_given,not_given,not_given,not_given,not_given,not_given,not_given,not_given,not_given,not_given,not_given,not_given,not_given,not_given,not_given,not_given,not_given,not_given,not_given,not_given,not_given,not_given,not_given,not_given,FALSE,FALSE,FALSE,FALSE,FALSE,FALSE,FALSE,FALSE,FALSE,hexacorallia,FALSE,FALSE,FALSE,TRUE
fish,coralnet,fish,coralscapes_v2,animalia,chordata,none,none,none,not_given,FALSE,FALSE,FALSE,FALSE,FALSE,FALSE,FALSE,FALSE,FALSE,FALSE,FALSE,FALSE,FALSE,FALSE,FALSE,FALSE,FALSE,FALSE,FALSE,FALSE,FALSE,FALSE,FALSE,FALSE,FALSE,FALSE,FALSE,FALSE,FALSE,FALSE,FALSE,FALSE,FALSE,none,FALSE,FALSE,FALSE,TRUE
bleached montipora flabellata,coralnet,,,animalia,cnidaria,scleractinia,acroporidae,montipora,montipora_flabellata,FALSE,FALSE,not_given,FALSE,FALSE,FALSE,TRUE,FALSE,not_given,not_given,FALSE,FALSE,FALSE,FALSE,FALSE,TRUE,FALSE,not_given,FALSE,FALSE,FALSE,FALSE,FALSE,FALSE,TRUE,FALSE,FALSE,FALSE,FALSE,FALSE,FALSE,FALSE,FALSE,hexacorallia,FALSE,FALSE,FALSE,TRUE
goniastrea stelligera,coralnet,goniastrea stelligera,mermaid,animalia,cnidaria,scleractinia,merulinidae,goniastrea,goniastrea_stelligera,not_given,not_given,not_given,not_given,not_given,not_given,not_given,not_given,not_given,not_given,FALSE,FALSE,not_given,FALSE,not_given,FALSE,FALSE,not_given,not_given,not_given,not_given,not_given,FALSE,FALSE,FALSE,FALSE,FALSE,FALSE,FALSE,FALSE,FALSE,FALSE,FALSE,hexacorallia,FALSE,FALSE,FALSE,TRUE
mycedium,coralnet,mycedium,mermaid,animalia,cnidaria,scleractinia,merulinidae,mycedium,not_given,not_given,not_given,not_given,not_given,not_given,not_given,not_given,not_given,not_given,not_given,FALSE,FALSE,not_given,FALSE,not_given,not_given,FALSE,not_given,not_given,not_given,not_given,not_given,FALSE,not_given,FALSE,FALSE,FALSE,FALSE,FALSE,FALSE,FALSE,FALSE,FALSE,hexacorallia,FALSE,FALSE,FALSE,TRUE
montipora patula bleached,coralnet,,,animalia,cnidaria,scleractinia,acroporidae,montipora,montipora_patula,FALSE,FALSE,not_given,FALSE,not_given,FALSE,TRUE,FALSE,not_given,not_given,FALSE,FALSE,not_given,FALSE,FALSE,TRUE,FALSE,not_given,FALSE,FALSE,FALSE,FALSE,FALSE,FALSE,TRUE,FALSE,FALSE,FALSE,FALSE,FALSE,FALSE,FALSE,FALSE,hexacorallia,FALSE,FALSE,FALSE,TRUE
"red algae, crustose coralline",coralnet,crustose coralline algae,mermaid,not_given,rhodophyta,corallinales,not_given,not_given,not_given,FALSE,FALSE,FALSE,FALSE,FALSE,FALSE,FALSE,FALSE,FALSE,FALSE,FALSE,FALSE,FALSE,FALSE,FALSE,FALSE,FALSE,FALSE,FALSE,FALSE,FALSE,FALSE,FALSE,FALSE,FALSE,TRUE,FALSE,not_given,FALSE,FALSE,FALSE,FALSE,FALSE,florideophyceae,FALSE,FALSE,not_given,FALSE
aplysina spp.,coralnet,aplysina,mermaid,animalia,porifera,verongiida,aplysinidae,aplysina,not_given,FALSE,FALSE,FALSE,FALSE,FALSE,FALSE,FALSE,FALSE,FALSE,FALSE,FALSE,FALSE,FALSE,FALSE,FALSE,FALSE,FALSE,FALSE,FALSE,FALSE,FALSE,FALSE,FALSE,FALSE,FALSE,FALSE,FALSE,FALSE,FALSE,FALSE,FALSE,FALSE,FALSE,demospongiae,FALSE,FALSE,FALSE,TRUE
turf_filamentous,coralnet,turf algae,mermaid,none,none,none,none,none,none,FALSE,FALSE,FALSE,FALSE,FALSE,FALSE,FALSE,FALSE,FALSE,FALSE,FALSE,FALSE,FALSE,FALSE,FALSE,FALSE,FALSE,FALSE,FALSE,FALSE,FALSE,FALSE,FALSE,FALSE,FALSE,TRUE,FALSE,not_given,FALSE,FALSE,FALSE,FALSE,FALSE,none,FALSE,FALSE,not_given,FALSE
agaricia humilis,coralnet,agaricia humilis,mermaid,animalia,cnidaria,scleractinia,agariciidae,agaricia,agaricia_humilis,FALSE,FALSE,not_given,FALSE,not_given,not_given,TRUE,not_given,not_given,not_given,FALSE,FALSE,TRUE,FALSE,FALSE,not_given,FALSE,not_given,not_given,FALSE,FALSE,not_given,FALSE,FALSE,FALSE,FALSE,FALSE,FALSE,FALSE,FALSE,FALSE,FALSE,FALSE,hexacorallia,FALSE,FALSE,FALSE,TRUE
tube or rod sponge,coralnet,sponge,coralscapes_v2,animalia,porifera,not_given,not_given,not_given,not_given,FALSE,FALSE,FALSE,FALSE,FALSE,FALSE,FALSE,FALSE,FALSE,FALSE,FALSE,FALSE,FALSE,FALSE,FALSE,FALSE,FALSE,FALSE,FALSE,FALSE,FALSE,FALSE,FALSE,FALSE,FALSE,FALSE,FALSE,FALSE,FALSE,FALSE,FALSE,FALSE,FALSE,not_given,FALSE,FALSE,FALSE,TRUE
arms-crep-unclassified/unknown,coralnet,unknown,mermaid,none,none,none,none,none,none,FALSE,FALSE,FALSE,FALSE,FALSE,FALSE,FALSE,FALSE,FALSE,FALSE,FALSE,FALSE,FALSE,FALSE,FALSE,FALSE,FALSE,FALSE,FALSE,FALSE,FALSE,FALSE,FALSE,FALSE,FALSE,FALSE,FALSE,not_given,FALSE,FALSE,FALSE,FALSE,FALSE,none,FALSE,FALSE,FALSE,FALSE
cred-merulina spp,coralnet,merulina,mermaid,animalia,cnidaria,scleractinia,merulinidae,merulina,not_given,not_given,not_given,not_given,not_given,not_given,not_given,not_given,not_given,not_given,not_given,FALSE,FALSE,not_given,FALSE,not_given,not_given,FALSE,not_given,not_given,not_given,not_given,not_given,FALSE,not_given,FALSE,FALSE,FALSE,FALSE,FALSE,FALSE,FALSE,FALSE,FALSE,hexacorallia,FALSE,FALSE,FALSE,TRUE
stypopodium sp.,coralnet,stypopodium,mermaid,not_given,ochrophyta,dictyotales,dictyotaceae,stypopodium,not_given,FALSE,FALSE,FALSE,FALSE,FALSE,FALSE,FALSE,FALSE,FALSE,FALSE,FALSE,FALSE,FALSE,FALSE,FALSE,FALSE,FALSE,FALSE,FALSE,FALSE,FALSE,FALSE,FALSE,FALSE,FALSE,TRUE,FALSE,not_given,FALSE,FALSE,FALSE,FALSE,FALSE,phaeophyceae,FALSE,FALSE,FALSE,FALSE
acropora spp._staghorn,coralnet,acropora alive,coralscapes_v2,animalia,cnidaria,scleractinia,acroporidae,acropora,not_given,FALSE,not_given,FALSE,FALSE,FALSE,FALSE,FALSE,not_given,FALSE,FALSE,FALSE,FALSE,FALSE,FALSE,TRUE,not_given,FALSE,FALSE,FALSE,not_given,not_given,FALSE,FALSE,not_given,FALSE,FALSE,FALSE,FALSE,FALSE,FALSE,FALSE,FALSE,FALSE,hexacorallia,FALSE,FALSE,FALSE,TRUE
echinophyllia,coralnet,echinophyllia,mermaid,animalia,cnidaria,scleractinia,lobophylliidae,echinophyllia,not_given,not_given,not_given,not_given,not_given,not_given,not_given,not_given,not_given,not_given,not_given,FALSE,FALSE,not_given,FALSE,not_given,not_given,FALSE,not_given,not_given,not_given,not_given,not_given,not_given,not_given,FALSE,FALSE,FALSE,FALSE,FALSE,FALSE,FALSE,FALSE,FALSE,hexacorallia,FALSE,FALSE,FALSE,TRUE
non-acropora submassive,coralnet,hard coral alive,coralscapes_v2,animalia,cnidaria,scleractinia,not_given,not_given,not_given,not_given,not_given,not_given,not_given,not_given,not_given,not_given,not_given,not_given,not_given,FALSE,FALSE,TRUE,FALSE,not_given,not_given,FALSE,not_given,not_given,not_given,not_given,not_given,FALSE,not_given,FALSE,FALSE,FALSE,FALSE,FALSE,FALSE,FALSE,FALSE,FALSE,hexacorallia,FALSE,FALSE,FALSE,TRUE
cred-heliopora spp,coralnet,heliopora,mermaid,animalia,cnidaria,scleralcyonacea,helioporidae,heliopora,not_given,not_given,not_given,not_given,not_given,not_given,not_given,not_given,not_given,not_given,not_given,not_given,not_given,not_given,not_given,not_given,not_given,not_given,not_given,not_given,not_given,not_given,not_given,not_given,not_given,FALSE,FALSE,FALSE,FALSE,FALSE,FALSE,FALSE,FALSE,FALSE,octocorallia,FALSE,FALSE,FALSE,TRUE
cred-giant clam,coralnet,giant clam,coralscapes_v2,animalia,mollusca,cardiida,cardiidae,tridacna,not_given,FALSE,FALSE,FALSE,FALSE,FALSE,FALSE,FALSE,FALSE,FALSE,FALSE,FALSE,FALSE,FALSE,FALSE,FALSE,FALSE,FALSE,FALSE,FALSE,FALSE,FALSE,FALSE,FALSE,FALSE,FALSE,FALSE,FALSE,FALSE,FALSE,FALSE,FALSE,FALSE,FALSE,bivalvia,FALSE,FALSE,FALSE,TRUE
siderastrea radians,coralnet,siderastrea radians,mermaid,animalia,cnidaria,scleractinia,siderastreidae,siderastrea,siderastrea_radians,not_given,not_given,not_given,not_given,TRUE,not_given,not_given,not_given,not_given,not_given,FALSE,FALSE,TRUE,FALSE,not_given,not_given,FALSE,not_given,not_given,not_given,not_given,not_given,FALSE,not_given,FALSE,FALSE,FALSE,FALSE,FALSE,FALSE,FALSE,FALSE,FALSE,hexacorallia,FALSE,FALSE,FALSE,TRUE
hydrozoa,coralnet,hydrozoa,mermaid,animalia,cnidaria,not_given,not_given,not_given,not_given,not_given,not_given,not_given,not_given,not_given,not_given,not_given,not_given,not_given,not_given,not_given,not_given,not_given,not_given,not_given,not_given,not_given,not_given,not_given,not_given,not_given,not_given,not_given,not_given,FALSE,FALSE,FALSE,FALSE,FALSE,FALSE,FALSE,FALSE,FALSE,hydrozoa,FALSE,FALSE,FALSE,TRUE
blue-green algae,coralnet,algae covered substrate,coralscapes_v2,none,none,none,none,none,none,FALSE,FALSE,FALSE,FALSE,FALSE,FALSE,FALSE,FALSE,FALSE,FALSE,FALSE,FALSE,FALSE,FALSE,FALSE,FALSE,FALSE,FALSE,FALSE,FALSE,FALSE,FALSE,FALSE,FALSE,FALSE,TRUE,FALSE,FALSE,FALSE,FALSE,FALSE,not_given,FALSE,none,FALSE,FALSE,FALSE,FALSE
rope sponge,coralnet,sponge,coralscapes_v2,animalia,porifera,not_given,not_given,not_given,not_given,FALSE,FALSE,FALSE,FALSE,FALSE,FALSE,FALSE,FALSE,FALSE,FALSE,FALSE,FALSE,FALSE,FALSE,FALSE,FALSE,FALSE,FALSE,FALSE,FALSE,FALSE,FALSE,FALSE,FALSE,FALSE,FALSE,FALSE,FALSE,FALSE,FALSE,FALSE,FALSE,FALSE,not_given,FALSE,FALSE,FALSE,TRUE
green diplosoma,coralnet,diplosoma,mermaid,animalia,chordata,aplousobranchia,didemnidae,diplosoma,not_given,FALSE,FALSE,FALSE,FALSE,FALSE,FALSE,FALSE,FALSE,FALSE,FALSE,FALSE,FALSE,FALSE,FALSE,FALSE,FALSE,FALSE,FALSE,FALSE,FALSE,FALSE,FALSE,FALSE,FALSE,FALSE,FALSE,FALSE,FALSE,FALSE,FALSE,FALSE,FALSE,FALSE,ascidiacea,FALSE,FALSE,FALSE,TRUE
cred-phymastrea spp,coralnet,favites,mermaid,animalia,cnidaria,scleractinia,merulinidae,favites,not_given,not_given,not_given,not_given,not_given,not_given,not_given,not_given,not_given,not_given,not_given,FALSE,FALSE,not_given,FALSE,not_given,not_given,FALSE,not_given,not_given,not_given,not_given,not_given,FALSE,not_given,FALSE,FALSE,FALSE,FALSE,FALSE,FALSE,FALSE,FALSE,FALSE,hexacorallia,FALSE,FALSE,FALSE,TRUE
eusmilia fastigiata,coralnet,eusmilia fastigiata,mermaid,animalia,cnidaria,scleractinia,meandrinidae,eusmilia,eusmilia_fastigiata,FALSE,FALSE,not_given,FALSE,TRUE,not_given,not_given,FALSE,FALSE,not_given,FALSE,FALSE,not_given,FALSE,FALSE,not_given,FALSE,TRUE,TRUE,FALSE,FALSE,not_given,TRUE,FALSE,FALSE,FALSE,FALSE,FALSE,FALSE,FALSE,FALSE,FALSE,FALSE,hexacorallia,FALSE,FALSE,FALSE,TRUE
heliopora coerulea,coralnet,heliopora coerulea,mermaid,animalia,cnidaria,scleralcyonacea,helioporidae,heliopora,heliopora_coerulea,not_given,not_given,not_given,not_given,not_given,not_given,not_given,not_given,not_given,not_given,not_given,not_given,not_given,not_given,not_given,not_given,not_given,not_given,not_given,not_given,not_given,not_given,not_given,not_given,FALSE,FALSE,FALSE,FALSE,FALSE,FALSE,FALSE,FALSE,FALSE,octocorallia,FALSE,FALSE,FALSE,TRUE
"green algae, unidentified",coralnet,green algae,mermaid,plantae,not_given,not_given,not_given,not_given,not_given,FALSE,FALSE,FALSE,FALSE,FALSE,FALSE,FALSE,FALSE,FALSE,FALSE,FALSE,FALSE,FALSE,FALSE,FALSE,FALSE,FALSE,FALSE,FALSE,FALSE,FALSE,FALSE,FALSE,FALSE,FALSE,TRUE,FALSE,FALSE,FALSE,FALSE,FALSE,not_given,FALSE,not_given,FALSE,FALSE,FALSE,FALSE
crep-t3a amansia spp,coralnet,amansia,mermaid,not_given,rhodophyta,ceramiales,rhodomelaceae,amansia,not_given,FALSE,FALSE,FALSE,FALSE,FALSE,FALSE,FALSE,FALSE,FALSE,FALSE,FALSE,FALSE,FALSE,FALSE,FALSE,FALSE,FALSE,FALSE,FALSE,FALSE,FALSE,FALSE,FALSE,FALSE,FALSE,TRUE,FALSE,not_given,FALSE,FALSE,FALSE,FALSE,FALSE,florideophyceae,FALSE,FALSE,FALSE,FALSE
sargassum spp.,coralnet,sargassum,mermaid,not_given,ochrophyta,fucales,sargassaceae,sargassum,not_given,FALSE,FALSE,FALSE,FALSE,FALSE,FALSE,FALSE,FALSE,FALSE,FALSE,FALSE,FALSE,FALSE,FALSE,FALSE,FALSE,FALSE,FALSE,FALSE,FALSE,FALSE,FALSE,FALSE,FALSE,FALSE,TRUE,FALSE,not_given,FALSE,FALSE,FALSE,not_given,FALSE,phaeophyceae,FALSE,FALSE,FALSE,FALSE
hard coral plate,coralnet,thin plate/encrusting coral alive,coralscapes_v2,animalia,cnidaria,scleractinia,not_given,not_given,not_given,FALSE,FALSE,not_given,FALSE,not_given,not_given,TRUE,FALSE,not_given,not_given,FALSE,FALSE,not_given,FALSE,FALSE,TRUE,FALSE,not_given,not_given,FALSE,FALSE,not_given,FALSE,FALSE,FALSE,FALSE,FALSE,FALSE,FALSE,FALSE,FALSE,FALSE,FALSE,hexacorallia,FALSE,FALSE,FALSE,TRUE
cred-acanthastrea spp,coralnet,acanthastrea,mermaid,animalia,cnidaria,scleractinia,lobophylliidae,acanthastrea,not_given,FALSE,FALSE,not_given,FALSE,not_given,not_given,not_given,not_given,not_given,not_given,FALSE,FALSE,not_given,FALSE,FALSE,FALSE,FALSE,not_given,not_given,FALSE,FALSE,not_given,not_given,not_given,FALSE,FALSE,FALSE,FALSE,FALSE,FALSE,FALSE,FALSE,FALSE,hexacorallia,FALSE,FALSE,FALSE,TRUE
cred-echinophyllia spp,coralnet,echinophyllia,mermaid,animalia,cnidaria,scleractinia,lobophylliidae,echinophyllia,not_given,not_given,not_given,not_given,not_given,not_given,not_given,not_given,not_given,not_given,not_given,FALSE,FALSE,not_given,FALSE,not_given,not_given,FALSE,not_given,not_given,not_given,not_given,not_given,not_given,not_given,FALSE,FALSE,FALSE,FALSE,FALSE,FALSE,FALSE,FALSE,FALSE,hexacorallia,FALSE,FALSE,FALSE,TRUE
bleached porites compressa,coralnet,,,animalia,cnidaria,scleractinia,poritidae,porites,porites_compressa,FALSE,not_given,not_given,FALSE,FALSE,FALSE,FALSE,not_given,FALSE,TRUE,FALSE,FALSE,TRUE,FALSE,TRUE,not_given,FALSE,FALSE,FALSE,FALSE,not_given,FALSE,FALSE,not_given,TRUE,FALSE,FALSE,FALSE,FALSE,FALSE,FALSE,FALSE,FALSE,hexacorallia,FALSE,FALSE,FALSE,TRUE
sandy_substrate,coralnet,sand,coralscapes_v2,none,none,none,none,none,none,FALSE,FALSE,FALSE,FALSE,FALSE,FALSE,FALSE,FALSE,FALSE,FALSE,FALSE,FALSE,FALSE,FALSE,FALSE,FALSE,FALSE,FALSE,FALSE,FALSE,FALSE,FALSE,FALSE,FALSE,FALSE,FALSE,FALSE,FALSE,FALSE,FALSE,FALSE,FALSE,FALSE,none,FALSE,TRUE,FALSE,FALSE
agaricia spp.,coralnet,agaricia,mermaid,animalia,cnidaria,scleractinia,agariciidae,agaricia,not_given,not_given,not_given,not_given,not_given,not_given,not_given,not_given,not_given,not_given,not_given,FALSE,FALSE,not_given,FALSE,not_given,not_given,FALSE,not_given,not_given,not_given,not_given,not_given,FALSE,not_given,FALSE,FALSE,FALSE,FALSE,FALSE,FALSE,FALSE,FALSE,FALSE,hexacorallia,FALSE,FALSE,FALSE,TRUE
holothuria,coralnet,holothuria,mermaid,animalia,echinodermata,holothuriida,holothuriidae,holothuria,not_given,FALSE,FALSE,FALSE,FALSE,FALSE,FALSE,FALSE,FALSE,FALSE,FALSE,FALSE,FALSE,FALSE,FALSE,FALSE,FALSE,FALSE,FALSE,FALSE,FALSE,FALSE,FALSE,FALSE,FALSE,FALSE,FALSE,FALSE,FALSE,FALSE,FALSE,FALSE,FALSE,FALSE,holothuroidea,FALSE,FALSE,FALSE,TRUE
lyngbya spp.,coralnet,lyngbya,mermaid,bacillati,cyanobacteriota,oscillatoriales,oscillatoriaceae,lyngbya,not_given,FALSE,FALSE,FALSE,FALSE,FALSE,FALSE,FALSE,FALSE,FALSE,FALSE,FALSE,FALSE,FALSE,FALSE,FALSE,FALSE,FALSE,FALSE,FALSE,FALSE,FALSE,FALSE,FALSE,FALSE,FALSE,FALSE,FALSE,FALSE,FALSE,FALSE,FALSE,FALSE,FALSE,cyanophyceae,FALSE,FALSE,FALSE,FALSE
echinoderms: sea urchin: regular urchins,coralnet,sea urchin,coralscapes_v2,animalia,echinodermata,not_given,not_given,not_given,not_given,FALSE,FALSE,FALSE,FALSE,FALSE,FALSE,FALSE,FALSE,FALSE,FALSE,FALSE,FALSE,FALSE,FALSE,FALSE,FALSE,FALSE,FALSE,FALSE,FALSE,FALSE,FALSE,FALSE,FALSE,FALSE,FALSE,FALSE,FALSE,FALSE,FALSE,FALSE,FALSE,FALSE,echinoidea,FALSE,FALSE,FALSE,TRUE
cyanobacteria smothering dead coral,coralnet,cyanobacteria,mermaid,bacillati,cyanobacteriota,not_given,not_given,not_given,not_given,FALSE,FALSE,FALSE,FALSE,FALSE,FALSE,FALSE,FALSE,FALSE,FALSE,FALSE,FALSE,FALSE,FALSE,FALSE,FALSE,FALSE,FALSE,FALSE,FALSE,FALSE,FALSE,FALSE,FALSE,FALSE,FALSE,FALSE,FALSE,FALSE,FALSE,FALSE,FALSE,FALSE,not_given,FALSE,FALSE,FALSE,FALSE
macroalgae: laminate,coralnet,macroalgae,mermaid,none,none,none,none,none,none,FALSE,FALSE,FALSE,FALSE,FALSE,FALSE,FALSE,FALSE,FALSE,FALSE,FALSE,FALSE,FALSE,FALSE,FALSE,FALSE,FALSE,FALSE,FALSE,FALSE,FALSE,FALSE,FALSE,FALSE,FALSE,TRUE,FALSE,not_given,FALSE,FALSE,FALSE,TRUE,FALSE,none,FALSE,FALSE,FALSE,FALSE
cred-anemone,coralnet,anemone,coralscapes_v2,animalia,cnidaria,actiniaria,not_given,not_given,not_given,not_given,not_given,not_given,not_given,not_given,not_given,not_given,not_given,not_given,not_given,not_given,not_given,not_given,not_given,not_given,not_given,not_given,not_given,not_given,not_given,not_given,not_given,not_given,not_given,FALSE,FALSE,FALSE,FALSE,FALSE,FALSE,FALSE,FALSE,FALSE,hexacorallia,FALSE,FALSE,FALSE,TRUE
dichocoenia stokesi,coralnet,dichocoenia stokesii,mermaid,animalia,cnidaria,scleractinia,meandrinidae,dichocoenia,dichocoenia_stokesii,FALSE,FALSE,TRUE,FALSE,TRUE,not_given,not_given,FALSE,FALSE,not_given,FALSE,FALSE,TRUE,FALSE,FALSE,not_given,FALSE,TRUE,TRUE,FALSE,FALSE,not_given,not_given,FALSE,FALSE,FALSE,FALSE,FALSE,FALSE,FALSE,FALSE,FALSE,FALSE,hexacorallia,FALSE,FALSE,FALSE,TRUE
cred-leptoseris spp,coralnet,leptoseris,mermaid,animalia,cnidaria,scleractinia,agariciidae,leptoseris,not_given,not_given,not_given,not_given,not_given,not_given,not_given,not_given,not_given,not_given,not_given,FALSE,FALSE,not_given,FALSE,not_given,not_given,FALSE,not_given,not_given,not_given,not_given,not_given,FALSE,not_given,FALSE,FALSE,FALSE,FALSE,FALSE,FALSE,FALSE,FALSE,FALSE,hexacorallia,FALSE,FALSE,FALSE,TRUE
discosoma,coralnet,discosoma,mermaid,animalia,cnidaria,corallimorpharia,discosomidae,discosoma,not_given,not_given,not_given,not_given,not_given,not_given,not_given,not_given,not_given,not_given,not_given,not_given,not_given,not_given,not_given,not_given,not_given,not_given,not_given,not_given,not_given,not_given,not_given,not_given,not_given,FALSE,FALSE,FALSE,FALSE,FALSE,FALSE,FALSE,FALSE,FALSE,hexacorallia,FALSE,FALSE,FALSE,TRUE
tubastrea,coralnet,tubastraea,mermaid,animalia,cnidaria,scleractinia,dendrophylliidae,tubastraea,not_given,not_given,not_given,not_given,not_given,not_given,not_given,not_given,not_given,not_given,not_given,FALSE,FALSE,not_given,FALSE,not_given,not_given,FALSE,not_given,not_given,not_given,not_given,not_given,FALSE,not_given,FALSE,FALSE,FALSE,FALSE,FALSE,FALSE,FALSE,FALSE,FALSE,hexacorallia,FALSE,FALSE,FALSE,TRUE
coscinaraea,coralnet,coscinaraea,mermaid,animalia,cnidaria,scleractinia,coscinaraeidae,coscinaraea,not_given,not_given,not_given,not_given,not_given,not_given,not_given,not_given,not_given,not_given,not_given,FALSE,FALSE,not_given,FALSE,not_given,not_given,FALSE,not_given,not_given,not_given,not_given,not_given,FALSE,not_given,FALSE,FALSE,FALSE,FALSE,FALSE,FALSE,FALSE,FALSE,FALSE,hexacorallia,FALSE,FALSE,FALSE,TRUE
herpolitha,coralnet,herpolitha,mermaid,animalia,cnidaria,scleractinia,fungiidae,herpolitha,not_given,FALSE,FALSE,FALSE,TRUE,FALSE,not_given,not_given,not_given,not_given,not_given,FALSE,FALSE,not_given,FALSE,FALSE,not_given,FALSE,FALSE,FALSE,FALSE,FALSE,TRUE,FALSE,FALSE,FALSE,FALSE,FALSE,FALSE,FALSE,FALSE,FALSE,FALSE,FALSE,hexacorallia,FALSE,FALSE,FALSE,TRUE
sponges: erect forms,coralnet,sponge,coralscapes_v2,animalia,porifera,not_given,not_given,not_given,not_given,FALSE,FALSE,FALSE,FALSE,FALSE,FALSE,FALSE,FALSE,FALSE,FALSE,FALSE,FALSE,FALSE,FALSE,FALSE,FALSE,FALSE,FALSE,FALSE,FALSE,FALSE,FALSE,FALSE,FALSE,FALSE,FALSE,FALSE,FALSE,FALSE,FALSE,FALSE,FALSE,FALSE,not_given,FALSE,FALSE,FALSE,TRUE
udotea spp.,coralnet,udotea,mermaid,plantae,chlorophyta,bryopsidales,udoteaceae,udotea,not_given,FALSE,FALSE,FALSE,FALSE,FALSE,FALSE,FALSE,FALSE,FALSE,FALSE,FALSE,FALSE,FALSE,FALSE,FALSE,FALSE,FALSE,FALSE,FALSE,FALSE,FALSE,FALSE,FALSE,FALSE,FALSE,TRUE,FALSE,FALSE,FALSE,FALSE,FALSE,FALSE,FALSE,ulvophyceae,FALSE,FALSE,FALSE,FALSE
bleached acropora branching,coralnet,acropora bleached,coralscapes_v2,animalia,cnidaria,scleractinia,acroporidae,acropora,not_given,FALSE,not_given,FALSE,FALSE,FALSE,FALSE,FALSE,not_given,FALSE,FALSE,FALSE,FALSE,FALSE,FALSE,TRUE,not_given,FALSE,FALSE,FALSE,not_given,not_given,FALSE,FALSE,not_given,TRUE,FALSE,FALSE,FALSE,FALSE,FALSE,FALSE,FALSE,FALSE,hexacorallia,FALSE,FALSE,FALSE,TRUE
dictyosphaeria cavernosa,coralnet,,,plantae,chlorophyta,cladophorales,siphonocladaceae,dictyosphaeria,dictyosphaeria_cavernosa,FALSE,FALSE,FALSE,FALSE,FALSE,FALSE,FALSE,FALSE,FALSE,FALSE,FALSE,FALSE,FALSE,FALSE,FALSE,FALSE,FALSE,FALSE,FALSE,FALSE,FALSE,FALSE,FALSE,FALSE,FALSE,TRUE,FALSE,FALSE,FALSE,FALSE,FALSE,FALSE,FALSE,ulvophyceae,FALSE,FALSE,FALSE,FALSE
sponge (massive),coralnet,sponge,coralscapes_v2,animalia,porifera,not_given,not_given,not_given,not_given,FALSE,FALSE,FALSE,FALSE,FALSE,FALSE,FALSE,FALSE,FALSE,FALSE,FALSE,FALSE,FALSE,FALSE,FALSE,FALSE,FALSE,FALSE,FALSE,FALSE,FALSE,FALSE,FALSE,FALSE,FALSE,FALSE,FALSE,FALSE,FALSE,FALSE,FALSE,FALSE,FALSE,not_given,FALSE,FALSE,FALSE,TRUE
mussismilia hispida,coralnet,,,animalia,cnidaria,scleractinia,mussidae,mussismilia,mussismilia_hispida,not_given,not_given,not_given,not_given,TRUE,not_given,not_given,not_given,not_given,not_given,FALSE,FALSE,not_given,FALSE,not_given,not_given,FALSE,not_given,not_given,not_given,not_given,not_given,FALSE,not_given,FALSE,FALSE,FALSE,FALSE,FALSE,FALSE,FALSE,FALSE,FALSE,hexacorallia,FALSE,FALSE,FALSE,TRUE
kappaphycus sp.,coralnet,,,not_given,rhodophyta,gigartinales,solieriaceae,kappaphycus,not_given,FALSE,FALSE,FALSE,FALSE,FALSE,FALSE,FALSE,FALSE,FALSE,FALSE,FALSE,FALSE,FALSE,FALSE,FALSE,FALSE,FALSE,FALSE,FALSE,FALSE,FALSE,FALSE,FALSE,FALSE,FALSE,TRUE,FALSE,not_given,FALSE,FALSE,FALSE,FALSE,FALSE,florideophyceae,FALSE,FALSE,FALSE,FALSE
mussismilia braziliensis,coralnet,,,animalia,cnidaria,scleractinia,mussidae,mussismilia,mussismilia_braziliensis,not_given,not_given,not_given,not_given,TRUE,not_given,not_given,not_given,not_given,not_given,FALSE,FALSE,not_given,FALSE,not_given,not_given,FALSE,not_given,not_given,not_given,not_given,not_given,FALSE,not_given,FALSE,FALSE,FALSE,FALSE,FALSE,FALSE,FALSE,FALSE,FALSE,hexacorallia,FALSE,FALSE,FALSE,TRUE
ascidiacea,coralnet,ascidian,mermaid,animalia,chordata,not_given,not_given,not_given,not_given,FALSE,FALSE,FALSE,FALSE,FALSE,FALSE,FALSE,FALSE,FALSE,FALSE,FALSE,FALSE,FALSE,FALSE,FALSE,FALSE,FALSE,FALSE,FALSE,FALSE,FALSE,FALSE,FALSE,FALSE,FALSE,FALSE,FALSE,FALSE,FALSE,FALSE,FALSE,FALSE,FALSE,ascidiacea,FALSE,FALSE,FALSE,TRUE
pavona duerdeni,coralnet,pavona duerdeni,mermaid,animalia,cnidaria,scleractinia,agariciidae,pavona,pavona_duerdeni,FALSE,not_given,not_given,FALSE,TRUE,FALSE,not_given,not_given,not_given,not_given,FALSE,FALSE,not_given,FALSE,not_given,not_given,FALSE,not_given,FALSE,FALSE,not_given,FALSE,FALSE,not_given,FALSE,FALSE,FALSE,FALSE,FALSE,FALSE,FALSE,FALSE,FALSE,hexacorallia,FALSE,FALSE,FALSE,TRUE
mussismilia harttii,coralnet,,,animalia,cnidaria,scleractinia,mussidae,mussismilia,mussismilia_harttii,FALSE,FALSE,not_given,FALSE,TRUE,not_given,not_given,FALSE,FALSE,not_given,FALSE,FALSE,not_given,FALSE,FALSE,not_given,FALSE,TRUE,TRUE,FALSE,FALSE,not_given,TRUE,FALSE,FALSE,FALSE,FALSE,FALSE,FALSE,FALSE,FALSE,FALSE,FALSE,hexacorallia,FALSE,FALSE,FALSE,TRUE
sea cucumber,coralnet,sea cucumber,coralscapes_v2,animalia,echinodermata,not_given,not_given,not_given,not_given,FALSE,FALSE,FALSE,FALSE,FALSE,FALSE,FALSE,FALSE,FALSE,FALSE,FALSE,FALSE,FALSE,FALSE,FALSE,FALSE,FALSE,FALSE,FALSE,FALSE,FALSE,FALSE,FALSE,FALSE,FALSE,FALSE,FALSE,FALSE,FALSE,FALSE,FALSE,FALSE,FALSE,holothuroidea,FALSE,FALSE,FALSE,TRUE
acropora (encrusting),coralnet,acropora alive,coralscapes_v2,animalia,cnidaria,scleractinia,acroporidae,acropora,not_given,FALSE,FALSE,FALSE,FALSE,FALSE,FALSE,TRUE,not_given,FALSE,FALSE,FALSE,FALSE,FALSE,FALSE,TRUE,not_given,FALSE,FALSE,FALSE,FALSE,FALSE,FALSE,FALSE,FALSE,FALSE,FALSE,FALSE,FALSE,FALSE,FALSE,FALSE,FALSE,FALSE,hexacorallia,FALSE,FALSE,FALSE,TRUE
bleached branching coral,coralnet,branching coral bleached,coralscapes_v2,animalia,cnidaria,scleractinia,not_given,not_given,not_given,not_given,not_given,FALSE,not_given,FALSE,not_given,FALSE,not_given,FALSE,not_given,FALSE,FALSE,FALSE,FALSE,TRUE,not_given,FALSE,FALSE,not_given,not_given,not_given,not_given,FALSE,not_given,TRUE,FALSE,FALSE,FALSE,FALSE,FALSE,FALSE,FALSE,FALSE,hexacorallia,FALSE,FALSE,FALSE,TRUE
bleached hard coral encrusting,coralnet,,,animalia,cnidaria,scleractinia,not_given,not_given,not_given,FALSE,FALSE,not_given,FALSE,not_given,not_given,TRUE,not_given,not_given,not_given,FALSE,FALSE,not_given,FALSE,FALSE,not_given,FALSE,not_given,not_given,FALSE,FALSE,not_given,FALSE,FALSE,TRUE,FALSE,FALSE,FALSE,FALSE,FALSE,FALSE,FALSE,FALSE,hexacorallia,FALSE,FALSE,FALSE,TRUE
neomeris,coralnet,neomeris,mermaid,plantae,chlorophyta,dasycladales,dasycladaceae,neomeris,not_given,FALSE,FALSE,FALSE,FALSE,FALSE,FALSE,FALSE,FALSE,FALSE,FALSE,FALSE,FALSE,FALSE,FALSE,FALSE,FALSE,FALSE,FALSE,FALSE,FALSE,FALSE,FALSE,FALSE,FALSE,FALSE,TRUE,FALSE,FALSE,FALSE,FALSE,FALSE,FALSE,FALSE,ulvophyceae,FALSE,FALSE,FALSE,FALSE
cred-columnar hard coral,coralnet,hard coral alive,coralscapes_v2,animalia,cnidaria,scleractinia,not_given,not_given,not_given,not_given,not_given,not_given,not_given,not_given,not_given,not_given,not_given,not_given,TRUE,FALSE,FALSE,not_given,FALSE,not_given,not_given,FALSE,not_given,not_given,not_given,not_given,not_given,FALSE,not_given,FALSE,FALSE,FALSE,FALSE,FALSE,FALSE,FALSE,FALSE,FALSE,hexacorallia,FALSE,FALSE,FALSE,TRUE
agaricia lamarcki,coralnet,agaricia lamarcki,mermaid,animalia,cnidaria,scleractinia,agariciidae,agaricia,agaricia_lamarcki,FALSE,FALSE,not_given,FALSE,not_given,not_given,TRUE,FALSE,not_given,not_given,FALSE,FALSE,not_given,FALSE,FALSE,TRUE,FALSE,not_given,not_given,FALSE,FALSE,not_given,FALSE,FALSE,FALSE,FALSE,FALSE,FALSE,FALSE,FALSE,FALSE,FALSE,FALSE,hexacorallia,FALSE,FALSE,FALSE,TRUE
montastrea cavernosa,coralnet,montastraea cavernosa,mermaid,animalia,cnidaria,scleractinia,montastraeidae,montastraea,montastraea_cavernosa,not_given,FALSE,not_given,not_given,TRUE,not_given,not_given,FALSE,not_given,not_given,FALSE,FALSE,not_given,FALSE,not_given,TRUE,FALSE,not_given,not_given,not_given,not_given,not_given,FALSE,not_given,FALSE,FALSE,FALSE,FALSE,FALSE,FALSE,FALSE,FALSE,FALSE,hexacorallia,FALSE,FALSE,FALSE,TRUE
muriceopsis spp.,coralnet,,,animalia,cnidaria,malacalcyonacea,plexauridae,muriceopsis,not_given,not_given,not_given,not_given,not_given,not_given,not_given,not_given,not_given,not_given,not_given,not_given,not_given,not_given,not_given,not_given,not_given,not_given,not_given,not_given,not_given,not_given,not_given,not_given,not_given,FALSE,FALSE,FALSE,FALSE,FALSE,FALSE,FALSE,FALSE,FALSE,octocorallia,FALSE,FALSE,FALSE,TRUE
other soft coral,coralnet,soft coral (malacalcyonacea) alive,coralscapes_v2,animalia,cnidaria,malacalcyonacea,not_given,not_given,not_given,not_given,not_given,not_given,not_given,not_given,not_given,not_given,not_given,not_given,not_given,not_given,not_given,not_given,not_given,not_given,not_given,not_given,not_given,not_given,not_given,not_given,not_given,not_given,not_given,FALSE,FALSE,FALSE,FALSE,FALSE,FALSE,FALSE,FALSE,FALSE,octocorallia,FALSE,FALSE,FALSE,TRUE
antipatharia,coralnet,antipatharia,mermaid,animalia,cnidaria,antipatharia,not_given,not_given,not_given,not_given,not_given,not_given,not_given,not_given,not_given,not_given,not_given,not_given,not_given,not_given,not_given,not_given,not_given,not_given,not_given,not_given,not_given,not_given,not_given,not_given,not_given,not_given,not_given,FALSE,FALSE,FALSE,FALSE,FALSE,FALSE,FALSE,FALSE,FALSE,hexacorallia,FALSE,FALSE,FALSE,TRUE
dasya sp,coralnet,,,plantae,rhodophyta,ceramiales,delesseriaceae,dasya,not_given,FALSE,FALSE,FALSE,FALSE,FALSE,FALSE,FALSE,FALSE,FALSE,FALSE,FALSE,FALSE,FALSE,FALSE,FALSE,FALSE,FALSE,FALSE,FALSE,FALSE,FALSE,FALSE,FALSE,FALSE,FALSE,TRUE,FALSE,FALSE,FALSE,FALSE,FALSE,FALSE,FALSE,florideophyceae,FALSE,FALSE,FALSE,FALSE
hard coral corymbose,coralnet,hard coral alive,coralscapes_v2,animalia,cnidaria,scleractinia,not_given,not_given,not_given,not_given,TRUE,not_given,not_given,FALSE,not_given,not_given,not_given,FALSE,not_given,FALSE,FALSE,FALSE,FALSE,not_given,FALSE,FALSE,not_given,not_given,FALSE,not_given,not_given,FALSE,FALSE,FALSE,FALSE,FALSE,FALSE,FALSE,FALSE,FALSE,FALSE,FALSE,hexacorallia,FALSE,FALSE,FALSE,TRUE
macroalgae: globose / saccate,coralnet,macroalgae,mermaid,none,none,none,none,none,none,FALSE,FALSE,FALSE,FALSE,FALSE,FALSE,FALSE,FALSE,FALSE,FALSE,FALSE,FALSE,FALSE,FALSE,FALSE,FALSE,FALSE,FALSE,FALSE,FALSE,FALSE,FALSE,FALSE,FALSE,FALSE,TRUE,FALSE,not_given,FALSE,FALSE,FALSE,TRUE,FALSE,none,FALSE,FALSE,FALSE,FALSE
bleached pocillopora meandrina,coralnet,,,animalia,cnidaria,scleractinia,pocilloporidae,pocillopora,pocillopora_meandrina,FALSE,not_given,FALSE,FALSE,FALSE,FALSE,FALSE,TRUE,FALSE,FALSE,FALSE,FALSE,FALSE,FALSE,TRUE,FALSE,FALSE,FALSE,FALSE,not_given,not_given,FALSE,FALSE,FALSE,TRUE,FALSE,FALSE,FALSE,FALSE,FALSE,FALSE,FALSE,FALSE,hexacorallia,FALSE,FALSE,FALSE,TRUE
cred-pavona spp_foliose,coralnet,pavona alive,coralscapes_v2,animalia,cnidaria,scleractinia,agariciidae,pavona,not_given,FALSE,FALSE,not_given,FALSE,not_given,FALSE,not_given,FALSE,TRUE,not_given,FALSE,FALSE,not_given,FALSE,not_given,TRUE,FALSE,not_given,FALSE,FALSE,not_given,FALSE,FALSE,not_given,FALSE,FALSE,FALSE,FALSE,FALSE,FALSE,FALSE,FALSE,FALSE,hexacorallia,FALSE,FALSE,FALSE,TRUE
nephthya,coralnet,nephtheidae,mermaid,animalia,cnidaria,malacalcyonacea,nephtheidae,not_given,not_given,not_given,not_given,not_given,not_given,not_given,not_given,not_given,not_given,not_given,not_given,not_given,not_given,not_given,not_given,not_given,not_given,not_given,not_given,not_given,not_given,not_given,not_given,not_given,not_given,FALSE,FALSE,FALSE,FALSE,FALSE,FALSE,FALSE,FALSE,FALSE,octocorallia,FALSE,FALSE,FALSE,TRUE
briareum asbestinum,coralnet,,,animalia,cnidaria,scleralcyonacea,briareidae,briareum,briareum_asbestinum,not_given,not_given,not_given,not_given,not_given,not_given,not_given,not_given,not_given,not_given,not_given,not_given,not_given,not_given,not_given,not_given,not_given,not_given,not_given,not_given,not_given,not_given,not_given,not_given,FALSE,FALSE,FALSE,FALSE,FALSE,FALSE,FALSE,FALSE,FALSE,octocorallia,FALSE,FALSE,FALSE,TRUE
dictyosphaeria versluysii,coralnet,,,plantae,chlorophyta,cladophorales,siphonocladaceae,dictyosphaeria,dictyosphaeria_versluysii,FALSE,FALSE,FALSE,FALSE,FALSE,FALSE,FALSE,FALSE,FALSE,FALSE,FALSE,FALSE,FALSE,FALSE,FALSE,FALSE,FALSE,FALSE,FALSE,FALSE,FALSE,FALSE,FALSE,FALSE,FALSE,TRUE,FALSE,FALSE,FALSE,FALSE,FALSE,FALSE,FALSE,ulvophyceae,FALSE,FALSE,FALSE,FALSE
bleached porites (massive),coralnet,porites bleached,coralscapes_v2,animalia,cnidaria,scleractinia,poritidae,porites,not_given,FALSE,not_given,not_given,FALSE,TRUE,FALSE,not_given,not_given,not_given,not_given,FALSE,FALSE,not_given,FALSE,not_given,not_given,FALSE,FALSE,FALSE,FALSE,not_given,FALSE,FALSE,not_given,TRUE,FALSE,FALSE,FALSE,FALSE,FALSE,FALSE,FALSE,FALSE,hexacorallia,FALSE,FALSE,FALSE,TRUE
acropora (arborescent table),coralnet,table acropora alive,coralscapes_v2,animalia,cnidaria,scleractinia,acroporidae,acropora,not_given,FALSE,FALSE,FALSE,FALSE,FALSE,FALSE,FALSE,FALSE,FALSE,FALSE,FALSE,FALSE,FALSE,FALSE,TRUE,TRUE,FALSE,FALSE,FALSE,TRUE,FALSE,FALSE,FALSE,TRUE,FALSE,FALSE,FALSE,FALSE,FALSE,FALSE,FALSE,FALSE,FALSE,hexacorallia,FALSE,FALSE,FALSE,TRUE
sea fans/plumes,coralnet,gorgoniidae,mermaid,animalia,cnidaria,malacalcyonacea,gorgoniidae,not_given,not_given,not_given,not_given,not_given,not_given,not_given,not_given,not_given,not_given,not_given,not_given,not_given,not_given,not_given,not_given,not_given,not_given,not_given,not_given,not_given,not_given,not_given,not_given,not_given,not_given,FALSE,FALSE,FALSE,FALSE,FALSE,FALSE,FALSE,FALSE,FALSE,octocorallia,FALSE,FALSE,FALSE,TRUE
cred-avrainvillea spp,coralnet,avrainvillea,mermaid,plantae,chlorophyta,bryopsidales,dichotomosiphonaceae,avrainvillea,not_given,FALSE,FALSE,FALSE,FALSE,FALSE,FALSE,FALSE,FALSE,FALSE,FALSE,FALSE,FALSE,FALSE,FALSE,FALSE,FALSE,FALSE,FALSE,FALSE,FALSE,FALSE,FALSE,FALSE,FALSE,FALSE,TRUE,FALSE,FALSE,FALSE,FALSE,FALSE,FALSE,FALSE,ulvophyceae,FALSE,FALSE,FALSE,FALSE
hard coral (free-living),coralnet,,,animalia,cnidaria,scleractinia,not_given,not_given,not_given,not_given,not_given,not_given,not_given,not_given,not_given,not_given,not_given,not_given,not_given,FALSE,FALSE,not_given,FALSE,not_given,not_given,FALSE,not_given,not_given,not_given,not_given,TRUE,FALSE,not_given,FALSE,FALSE,FALSE,FALSE,FALSE,FALSE,FALSE,FALSE,FALSE,hexacorallia,FALSE,FALSE,FALSE,TRUE
psammocora stellata,coralnet,psammocora stellata,mermaid,animalia,cnidaria,scleractinia,psammocoridae,psammocora,psammocora_stellata,not_given,FALSE,not_given,not_given,FALSE,not_given,TRUE,not_given,FALSE,not_given,FALSE,FALSE,TRUE,FALSE,TRUE,not_given,FALSE,FALSE,not_given,FALSE,FALSE,not_given,FALSE,FALSE,FALSE,FALSE,FALSE,FALSE,FALSE,FALSE,FALSE,FALSE,FALSE,hexacorallia,FALSE,FALSE,FALSE,TRUE
physogyra,coralnet,physogyra,mermaid,animalia,cnidaria,scleractinia,plerogyridae,physogyra,not_given,FALSE,FALSE,TRUE,FALSE,TRUE,not_given,not_given,FALSE,FALSE,not_given,FALSE,FALSE,not_given,FALSE,FALSE,not_given,FALSE,TRUE,not_given,FALSE,FALSE,not_given,not_given,FALSE,FALSE,FALSE,FALSE,FALSE,FALSE,FALSE,FALSE,FALSE,FALSE,hexacorallia,FALSE,FALSE,FALSE,TRUE
porites annae,coralnet,porites annae,mermaid,animalia,cnidaria,scleractinia,poritidae,porites,porites_annae,FALSE,FALSE,not_given,FALSE,FALSE,FALSE,FALSE,FALSE,FALSE,TRUE,FALSE,FALSE,TRUE,FALSE,TRUE,TRUE,FALSE,FALSE,FALSE,FALSE,not_given,FALSE,FALSE,not_given,FALSE,FALSE,FALSE,FALSE,FALSE,FALSE,FALSE,FALSE,FALSE,hexacorallia,FALSE,FALSE,FALSE,TRUE
macroalgae: articulated calcareous: red,coralnet,calcifying algae,coralnet,none,none,none,none,none,none,FALSE,FALSE,FALSE,FALSE,FALSE,FALSE,FALSE,FALSE,FALSE,FALSE,FALSE,FALSE,FALSE,FALSE,FALSE,FALSE,FALSE,FALSE,FALSE,FALSE,FALSE,FALSE,FALSE,FALSE,FALSE,TRUE,FALSE,not_given,FALSE,FALSE,FALSE,TRUE,FALSE,none,FALSE,FALSE,FALSE,FALSE
chlorodesmis sp.,coralnet,chlorodesmis,mermaid,plantae,chlorophyta,bryopsidales,udoteaceae,chlorodesmis,not_given,FALSE,FALSE,FALSE,FALSE,FALSE,FALSE,FALSE,FALSE,FALSE,FALSE,FALSE,FALSE,FALSE,FALSE,FALSE,FALSE,FALSE,FALSE,FALSE,FALSE,FALSE,FALSE,FALSE,FALSE,FALSE,TRUE,FALSE,FALSE,FALSE,FALSE,FALSE,FALSE,FALSE,ulvophyceae,FALSE,FALSE,FALSE,FALSE
gracilaria/rhodymenia,coralnet,,,not_given,rhodophyta,not_given,not_given,not_given,not_given,FALSE,FALSE,FALSE,FALSE,FALSE,FALSE,FALSE,FALSE,FALSE,FALSE,FALSE,FALSE,FALSE,FALSE,FALSE,FALSE,FALSE,FALSE,FALSE,FALSE,FALSE,FALSE,FALSE,FALSE,FALSE,TRUE,FALSE,not_given,FALSE,FALSE,FALSE,FALSE,FALSE,florideophyceae,FALSE,FALSE,FALSE,FALSE
boodlea,coralnet,boodlea,mermaid,plantae,chlorophyta,cladophorales,boodleaceae,boodlea,not_given,FALSE,FALSE,FALSE,FALSE,FALSE,FALSE,FALSE,FALSE,FALSE,FALSE,FALSE,FALSE,FALSE,FALSE,FALSE,FALSE,FALSE,FALSE,FALSE,FALSE,FALSE,FALSE,FALSE,FALSE,FALSE,TRUE,FALSE,FALSE,FALSE,FALSE,FALSE,FALSE,FALSE,ulvophyceae,FALSE,FALSE,FALSE,FALSE
sponges: terpios,coralnet,,,animalia,porifera,suberitida,suberitidae,terpios,not_given,FALSE,FALSE,FALSE,FALSE,FALSE,FALSE,FALSE,FALSE,FALSE,FALSE,FALSE,FALSE,FALSE,FALSE,FALSE,FALSE,FALSE,FALSE,FALSE,FALSE,FALSE,FALSE,FALSE,FALSE,FALSE,FALSE,FALSE,FALSE,FALSE,FALSE,FALSE,FALSE,FALSE,demospongiae,FALSE,FALSE,FALSE,TRUE
trash,coralnet,trash,coralscapes_v2,none,none,none,none,none,none,FALSE,FALSE,FALSE,FALSE,FALSE,FALSE,FALSE,FALSE,FALSE,FALSE,FALSE,FALSE,FALSE,FALSE,FALSE,FALSE,FALSE,FALSE,FALSE,FALSE,FALSE,FALSE,FALSE,FALSE,FALSE,FALSE,FALSE,TRUE,TRUE,FALSE,FALSE,FALSE,FALSE,none,FALSE,FALSE,FALSE,FALSE
erythropodium caribaeorum,coralnet,erythropodium caribaeorum,mermaid,animalia,cnidaria,scleralcyonacea,erythropodiidae,erythropodium,erythropodium_caribaeorum,not_given,not_given,not_given,not_given,not_given,not_given,not_given,not_given,not_given,not_given,not_given,not_given,not_given,not_given,not_given,not_given,not_given,not_given,not_given,not_given,not_given,not_given,not_given,not_given,FALSE,FALSE,FALSE,FALSE,FALSE,FALSE,FALSE,FALSE,FALSE,octocorallia,FALSE,FALSE,FALSE,TRUE
porites compressa algal overgrowth,coralnet,,,animalia,cnidaria,scleractinia,poritidae,porites,porites_compressa,FALSE,not_given,not_given,FALSE,FALSE,FALSE,FALSE,not_given,FALSE,TRUE,FALSE,FALSE,TRUE,FALSE,TRUE,not_given,FALSE,FALSE,FALSE,FALSE,not_given,FALSE,FALSE,not_given,FALSE,TRUE,FALSE,FALSE,FALSE,FALSE,FALSE,not_given,FALSE,hexacorallia,FALSE,FALSE,FALSE,TRUE
briareum,coralnet,briareum,mermaid,animalia,cnidaria,scleralcyonacea,briareidae,briareum,not_given,not_given,not_given,not_given,not_given,not_given,not_given,not_given,not_given,not_given,not_given,not_given,not_given,not_given,not_given,not_given,not_given,not_given,not_given,not_given,not_given,not_given,not_given,not_given,not_given,FALSE,FALSE,FALSE,FALSE,FALSE,FALSE,FALSE,FALSE,FALSE,octocorallia,FALSE,FALSE,FALSE,TRUE
bleached pocillopora,coralnet,pocillopora bleached,coralscapes_v2,animalia,cnidaria,scleractinia,pocilloporidae,pocillopora,not_given,FALSE,not_given,FALSE,FALSE,FALSE,FALSE,FALSE,not_given,FALSE,FALSE,FALSE,FALSE,FALSE,FALSE,TRUE,FALSE,FALSE,FALSE,FALSE,not_given,FALSE,FALSE,FALSE,FALSE,TRUE,FALSE,FALSE,FALSE,FALSE,FALSE,FALSE,FALSE,FALSE,hexacorallia,FALSE,FALSE,FALSE,TRUE
plexaurella spp.,coralnet,,,animalia,cnidaria,malacalcyonacea,plexauridae,plexaurella,not_given,not_given,not_given,not_given,not_given,not_given,not_given,not_given,not_given,not_given,not_given,not_given,not_given,not_given,not_given,not_given,not_given,not_given,not_given,not_given,not_given,not_given,not_given,not_given,not_given,FALSE,FALSE,FALSE,FALSE,FALSE,FALSE,FALSE,FALSE,FALSE,octocorallia,FALSE,FALSE,FALSE,TRUE
hydroids,coralnet,hydroid,mermaid,animalia,cnidaria,not_given,not_given,not_given,not_given,not_given,not_given,not_given,not_given,not_given,not_given,not_given,not_given,not_given,not_given,not_given,not_given,not_given,not_given,not_given,not_given,not_given,not_given,not_given,not_given,not_given,not_given,not_given,not_given,FALSE,FALSE,FALSE,FALSE,FALSE,FALSE,FALSE,FALSE,FALSE,hydrozoa,FALSE,FALSE,FALSE,TRUE
worms: polychaetes,coralnet,polychaeta,coralnet,animalia,annelida,not_given,not_given,not_given,not_given,FALSE,FALSE,FALSE,FALSE,FALSE,FALSE,FALSE,FALSE,FALSE,FALSE,FALSE,FALSE,FALSE,FALSE,FALSE,FALSE,FALSE,FALSE,FALSE,FALSE,FALSE,FALSE,FALSE,FALSE,FALSE,FALSE,FALSE,FALSE,FALSE,FALSE,FALSE,FALSE,FALSE,polychaeta,FALSE,FALSE,FALSE,TRUE
cred-seagrass,coralnet,seagrass,coralscapes_v2,plantae,not_given,alismatales,not_given,not_given,not_given,FALSE,FALSE,FALSE,FALSE,FALSE,FALSE,FALSE,FALSE,FALSE,FALSE,FALSE,FALSE,FALSE,FALSE,FALSE,FALSE,FALSE,FALSE,FALSE,FALSE,FALSE,FALSE,FALSE,FALSE,FALSE,FALSE,FALSE,FALSE,FALSE,FALSE,FALSE,FALSE,FALSE,not_given,FALSE,FALSE,FALSE,FALSE
sponge: cliona,coralnet,cliona,mermaid,animalia,porifera,clionaida,clionaidae,cliona,not_given,FALSE,FALSE,FALSE,FALSE,FALSE,FALSE,FALSE,FALSE,FALSE,FALSE,FALSE,FALSE,FALSE,FALSE,FALSE,FALSE,FALSE,FALSE,FALSE,FALSE,FALSE,FALSE,FALSE,FALSE,FALSE,FALSE,FALSE,FALSE,FALSE,FALSE,FALSE,FALSE,FALSE,demospongiae,FALSE,FALSE,FALSE,TRUE
echinoderms: sea stars,coralnet,asteroidea,mermaid,animalia,echinodermata,not_given,not_given,not_given,not_given,FALSE,FALSE,FALSE,FALSE,FALSE,FALSE,FALSE,FALSE,FALSE,FALSE,FALSE,FALSE,FALSE,FALSE,FALSE,FALSE,FALSE,FALSE,FALSE,FALSE,FALSE,FALSE,FALSE,FALSE,FALSE,FALSE,FALSE,FALSE,FALSE,FALSE,FALSE,FALSE,FALSE,asteroidea,FALSE,FALSE,FALSE,TRUE
cca growing on rubble,coralnet,crustose coralline algae,mermaid,not_given,rhodophyta,corallinales,not_given,not_given,not_given,FALSE,FALSE,FALSE,FALSE,FALSE,FALSE,FALSE,FALSE,FALSE,FALSE,FALSE,FALSE,FALSE,FALSE,FALSE,FALSE,FALSE,FALSE,FALSE,FALSE,FALSE,FALSE,FALSE,FALSE,FALSE,TRUE,FALSE,not_given,FALSE,FALSE,FALSE,FALSE,FALSE,florideophyceae,FALSE,FALSE,not_given,FALSE
cred-unclassified sessile invertebrate,coralnet,invertebrate,mermaid,animalia,not_given,not_given,not_given,not_given,not_given,FALSE,FALSE,FALSE,FALSE,FALSE,FALSE,FALSE,FALSE,FALSE,FALSE,FALSE,FALSE,FALSE,FALSE,FALSE,FALSE,FALSE,FALSE,FALSE,FALSE,FALSE,FALSE,FALSE,FALSE,FALSE,FALSE,FALSE,FALSE,FALSE,FALSE,FALSE,FALSE,FALSE,not_given,FALSE,FALSE,FALSE,TRUE
mobile invertebrates,coralnet,,,animalia,not_given,not_given,not_given,not_given,not_given,FALSE,FALSE,FALSE,FALSE,FALSE,FALSE,FALSE,FALSE,FALSE,FALSE,FALSE,FALSE,FALSE,FALSE,FALSE,FALSE,FALSE,FALSE,FALSE,FALSE,FALSE,FALSE,FALSE,FALSE,FALSE,FALSE,FALSE,FALSE,FALSE,FALSE,FALSE,FALSE,FALSE,not_given,FALSE,FALSE,FALSE,TRUE
liagora,coralnet,liagora,mermaid,plantae,rhodophyta,nemaliales,liagoraceae,liagora,not_given,FALSE,FALSE,FALSE,FALSE,FALSE,FALSE,FALSE,FALSE,FALSE,FALSE,FALSE,FALSE,FALSE,FALSE,FALSE,FALSE,FALSE,FALSE,FALSE,FALSE,FALSE,FALSE,FALSE,FALSE,FALSE,TRUE,FALSE,FALSE,FALSE,FALSE,FALSE,FALSE,FALSE,florideophyceae,FALSE,FALSE,FALSE,FALSE
plesiastrea,coralnet,plesiastrea,mermaid,animalia,cnidaria,scleractinia,plesiastreidae,plesiastrea,not_given,not_given,not_given,not_given,not_given,not_given,not_given,not_given,not_given,not_given,not_given,FALSE,FALSE,not_given,FALSE,not_given,not_given,FALSE,not_given,not_given,not_given,not_given,not_given,FALSE,not_given,FALSE,FALSE,FALSE,FALSE,FALSE,FALSE,FALSE,FALSE,FALSE,hexacorallia,FALSE,FALSE,FALSE,TRUE
tunicates,coralnet,tunicate,mermaid,animalia,chordata,not_given,not_given,not_given,not_given,FALSE,FALSE,FALSE,FALSE,FALSE,FALSE,FALSE,FALSE,FALSE,FALSE,FALSE,FALSE,FALSE,FALSE,FALSE,FALSE,FALSE,FALSE,FALSE,FALSE,FALSE,FALSE,FALSE,FALSE,FALSE,FALSE,FALSE,FALSE,FALSE,FALSE,FALSE,FALSE,FALSE,not_given,FALSE,FALSE,FALSE,TRUE
cred-oulophyllia spp,coralnet,oulophyllia,mermaid,animalia,cnidaria,scleractinia,merulinidae,oulophyllia,not_given,FALSE,FALSE,TRUE,FALSE,TRUE,not_given,not_given,FALSE,FALSE,not_given,FALSE,FALSE,TRUE,FALSE,FALSE,not_given,FALSE,TRUE,not_given,FALSE,FALSE,not_given,not_given,FALSE,FALSE,FALSE,FALSE,FALSE,FALSE,FALSE,FALSE,FALSE,FALSE,hexacorallia,FALSE,FALSE,FALSE,TRUE
galaxea fascicularis,coralnet,galaxea fascicularis,mermaid,animalia,cnidaria,scleractinia,euphylliidae,galaxea,galaxea_fascicularis,not_given,not_given,not_given,not_given,TRUE,not_given,not_given,not_given,not_given,not_given,FALSE,FALSE,TRUE,FALSE,not_given,not_given,FALSE,not_given,not_given,not_given,not_given,not_given,FALSE,not_given,FALSE,FALSE,FALSE,FALSE,FALSE,FALSE,FALSE,FALSE,FALSE,hexacorallia,FALSE,FALSE,FALSE,TRUE
palmophyllum crassum,coralnet,,,not_given,prasinodermophyta,palmophyllales,palmophyllaceae,palmophyllum,palmophyllum_crassum,FALSE,FALSE,FALSE,FALSE,FALSE,FALSE,FALSE,FALSE,FALSE,FALSE,FALSE,FALSE,FALSE,FALSE,FALSE,FALSE,FALSE,FALSE,FALSE,FALSE,FALSE,FALSE,FALSE,FALSE,FALSE,FALSE,FALSE,not_given,FALSE,FALSE,FALSE,FALSE,FALSE,palmophyllophyceae,FALSE,FALSE,FALSE,FALSE
leptastrea transversa,coralnet,leptastrea transversa,mermaid,animalia,cnidaria,scleractinia,leptastreidae,leptastrea,leptastrea_transversa,FALSE,FALSE,not_given,FALSE,TRUE,not_given,TRUE,not_given,not_given,not_given,FALSE,FALSE,not_given,FALSE,FALSE,not_given,FALSE,not_given,not_given,FALSE,FALSE,not_given,FALSE,FALSE,FALSE,FALSE,FALSE,FALSE,FALSE,FALSE,FALSE,FALSE,FALSE,hexacorallia,FALSE,FALSE,FALSE,TRUE
madracis,coralnet,madracis,mermaid,animalia,cnidaria,scleractinia,pocilloporidae,madracis,not_given,not_given,not_given,not_given,not_given,not_given,not_given,not_given,not_given,not_given,not_given,FALSE,FALSE,not_given,FALSE,not_given,not_given,FALSE,not_given,not_given,not_given,not_given,not_given,FALSE,not_given,FALSE,FALSE,FALSE,FALSE,FALSE,FALSE,FALSE,FALSE,FALSE,hexacorallia,FALSE,FALSE,FALSE,TRUE
trididemnum spp.,coralnet,,,animalia,chordata,aplousobranchia,didemnidae,trididemnum,not_given,FALSE,FALSE,FALSE,FALSE,FALSE,FALSE,FALSE,FALSE,FALSE,FALSE,FALSE,FALSE,FALSE,FALSE,FALSE,FALSE,FALSE,FALSE,FALSE,FALSE,FALSE,FALSE,FALSE,FALSE,FALSE,FALSE,FALSE,FALSE,FALSE,FALSE,FALSE,FALSE,FALSE,ascidiacea,FALSE,FALSE,FALSE,TRUE
sandy mud,coralnet,sand,coralscapes_v2,none,none,none,none,none,none,FALSE,FALSE,FALSE,FALSE,FALSE,FALSE,FALSE,FALSE,FALSE,FALSE,FALSE,FALSE,FALSE,FALSE,FALSE,FALSE,FALSE,FALSE,FALSE,FALSE,FALSE,FALSE,FALSE,FALSE,FALSE,FALSE,FALSE,FALSE,FALSE,FALSE,FALSE,FALSE,FALSE,none,FALSE,TRUE,FALSE,FALSE
sponges: massive forms: barrels,coralnet,sponge,coralscapes_v2,animalia,porifera,not_given,not_given,not_given,not_given,FALSE,FALSE,FALSE,FALSE,FALSE,FALSE,FALSE,FALSE,FALSE,FALSE,FALSE,FALSE,FALSE,FALSE,FALSE,FALSE,FALSE,FALSE,FALSE,FALSE,FALSE,FALSE,FALSE,FALSE,FALSE,FALSE,FALSE,FALSE,FALSE,FALSE,FALSE,FALSE,FALSE,not_given,FALSE,FALSE,FALSE,TRUE
wrangelia penicillata,coralnet,,,not_given,rhodophyta,ceramiales,wrangeliaceae,wrangelia,wrangelia_penicillata,FALSE,FALSE,FALSE,FALSE,FALSE,FALSE,FALSE,FALSE,FALSE,FALSE,FALSE,FALSE,FALSE,FALSE,FALSE,FALSE,FALSE,FALSE,FALSE,FALSE,FALSE,FALSE,FALSE,FALSE,FALSE,TRUE,FALSE,not_given,FALSE,FALSE,FALSE,FALSE,FALSE,florideophyceae,FALSE,FALSE,FALSE,FALSE
soft bleached,coralnet,soft coral (malacalcyonacea) bleached,coralscapes_v2,animalia,cnidaria,malacalcyonacea,not_given,not_given,not_given,not_given,not_given,not_given,not_given,not_given,not_given,not_given,not_given,not_given,not_given,not_given,not_given,not_given,not_given,not_given,not_given,not_given,not_given,not_given,not_given,not_given,not_given,not_given,not_given,TRUE,FALSE,FALSE,FALSE,FALSE,FALSE,FALSE,FALSE,FALSE,octocorallia,FALSE,FALSE,FALSE,TRUE
nutrient indicator algae,coralnet,nutrient indicator algae,mermaid,none,none,none,none,none,none,FALSE,FALSE,FALSE,FALSE,FALSE,FALSE,FALSE,FALSE,FALSE,FALSE,FALSE,FALSE,FALSE,FALSE,FALSE,FALSE,FALSE,FALSE,FALSE,FALSE,FALSE,FALSE,FALSE,FALSE,FALSE,TRUE,FALSE,not_given,FALSE,FALSE,FALSE,FALSE,FALSE,none,FALSE,FALSE,FALSE,FALSE
pseudosiderastrea,coralnet,pseudosiderastrea,mermaid,animalia,cnidaria,scleractinia,siderastreidae,pseudosiderastrea,not_given,FALSE,FALSE,not_given,FALSE,TRUE,not_given,TRUE,not_given,not_given,not_given,FALSE,FALSE,TRUE,FALSE,FALSE,not_given,FALSE,not_given,not_given,FALSE,FALSE,not_given,FALSE,FALSE,FALSE,FALSE,FALSE,FALSE,FALSE,FALSE,FALSE,FALSE,FALSE,hexacorallia,FALSE,FALSE,FALSE,TRUE
agaricia,coralnet,agaricia,mermaid,animalia,cnidaria,scleractinia,agariciidae,agaricia,not_given,not_given,not_given,not_given,not_given,not_given,not_given,not_given,not_given,not_given,not_given,FALSE,FALSE,not_given,FALSE,not_given,not_given,FALSE,not_given,not_given,not_given,not_given,not_given,FALSE,not_given,FALSE,FALSE,FALSE,FALSE,FALSE,FALSE,FALSE,FALSE,FALSE,hexacorallia,FALSE,FALSE,FALSE,TRUE
stylocoeniella,coralnet,stylocoeniella,mermaid,animalia,cnidaria,scleractinia,astrocoeniidae,stylocoeniella,not_given,FALSE,FALSE,not_given,FALSE,not_given,not_given,TRUE,not_given,not_given,not_given,FALSE,FALSE,not_given,FALSE,FALSE,not_given,FALSE,not_given,not_given,FALSE,FALSE,not_given,FALSE,FALSE,FALSE,FALSE,FALSE,FALSE,FALSE,FALSE,FALSE,FALSE,FALSE,hexacorallia,FALSE,FALSE,FALSE,TRUE
tubipora,coralnet,tubipora,mermaid,animalia,cnidaria,malacalcyonacea,tubiporidae,tubipora,not_given,not_given,not_given,not_given,not_given,not_given,not_given,not_given,not_given,not_given,not_given,not_given,not_given,not_given,not_given,not_given,not_given,not_given,not_given,not_given,not_given,not_given,not_given,not_given,not_given,FALSE,FALSE,FALSE,FALSE,FALSE,FALSE,FALSE,FALSE,FALSE,octocorallia,FALSE,FALSE,FALSE,TRUE
macroalgae: erect fine branching,coralnet,macroalgae,mermaid,none,none,none,none,none,none,FALSE,FALSE,FALSE,FALSE,FALSE,FALSE,FALSE,FALSE,FALSE,FALSE,FALSE,FALSE,FALSE,FALSE,FALSE,FALSE,FALSE,FALSE,FALSE,FALSE,FALSE,FALSE,FALSE,FALSE,FALSE,TRUE,FALSE,not_given,FALSE,FALSE,FALSE,TRUE,FALSE,none,FALSE,FALSE,FALSE,FALSE
arms_othermollusk,coralnet,molluscs,coralnet,animalia,mollusca,not_given,not_given,not_given,not_given,FALSE,FALSE,FALSE,FALSE,FALSE,FALSE,FALSE,FALSE,FALSE,FALSE,FALSE,FALSE,FALSE,FALSE,FALSE,FALSE,FALSE,FALSE,FALSE,FALSE,FALSE,FALSE,FALSE,FALSE,FALSE,FALSE,FALSE,FALSE,FALSE,FALSE,FALSE,FALSE,FALSE,not_given,FALSE,FALSE,FALSE,TRUE
non-acropora foliose,coralnet,thin plate/encrusting coral alive,coralscapes_v2,animalia,cnidaria,scleractinia,not_given,not_given,not_given,FALSE,FALSE,not_given,FALSE,not_given,not_given,TRUE,FALSE,TRUE,not_given,FALSE,FALSE,not_given,FALSE,FALSE,TRUE,FALSE,not_given,not_given,FALSE,FALSE,not_given,FALSE,FALSE,FALSE,FALSE,FALSE,FALSE,FALSE,FALSE,FALSE,FALSE,FALSE,hexacorallia,FALSE,FALSE,FALSE,TRUE
benthic invertebrate,coralnet,invertebrate,mermaid,animalia,not_given,not_given,not_given,not_given,not_given,FALSE,FALSE,FALSE,FALSE,FALSE,FALSE,FALSE,FALSE,FALSE,FALSE,FALSE,FALSE,FALSE,FALSE,FALSE,FALSE,FALSE,FALSE,FALSE,FALSE,FALSE,FALSE,FALSE,FALSE,FALSE,FALSE,FALSE,FALSE,FALSE,FALSE,FALSE,FALSE,FALSE,not_given,FALSE,FALSE,FALSE,TRUE
halomitra,coralnet,halomitra,mermaid,animalia,cnidaria,scleractinia,fungiidae,halomitra,not_given,TRUE,FALSE,not_given,FALSE,not_given,not_given,not_given,FALSE,not_given,not_given,FALSE,FALSE,not_given,FALSE,FALSE,TRUE,FALSE,not_given,not_given,FALSE,FALSE,TRUE,FALSE,FALSE,FALSE,FALSE,FALSE,FALSE,FALSE,FALSE,FALSE,FALSE,FALSE,hexacorallia,FALSE,FALSE,FALSE,TRUE
sandolitha,coralnet,sandalolitha,mermaid,animalia,cnidaria,scleractinia,fungiidae,sandalolitha,not_given,FALSE,FALSE,not_given,FALSE,not_given,not_given,not_given,not_given,not_given,not_given,FALSE,FALSE,not_given,FALSE,FALSE,not_given,FALSE,not_given,not_given,FALSE,FALSE,not_given,FALSE,FALSE,FALSE,FALSE,FALSE,FALSE,FALSE,FALSE,FALSE,FALSE,FALSE,hexacorallia,FALSE,FALSE,FALSE,TRUE
cred-hydrocoral,coralnet,hydrocoral,mermaid,animalia,cnidaria,not_given,not_given,not_given,not_given,not_given,not_given,not_given,not_given,not_given,not_given,not_given,not_given,not_given,not_given,not_given,not_given,not_given,not_given,not_given,not_given,not_given,not_given,not_given,not_given,not_given,not_given,not_given,not_given,FALSE,FALSE,FALSE,FALSE,FALSE,FALSE,FALSE,FALSE,FALSE,hydrozoa,FALSE,FALSE,FALSE,TRUE
dendronephthya,coralnet,dendronephthya,mermaid,animalia,cnidaria,malacalcyonacea,nephtheidae,dendronephthya,not_given,not_given,not_given,not_given,not_given,not_given,not_given,not_given,not_given,not_given,not_given,not_given,not_given,not_given,not_given,not_given,not_given,not_given,not_given,not_given,not_given,not_given,not_given,not_given,not_given,FALSE,FALSE,FALSE,FALSE,FALSE,FALSE,FALSE,FALSE,FALSE,octocorallia,FALSE,FALSE,FALSE,TRUE
cred-plerogyra spp,coralnet,plerogyra,mermaid,animalia,cnidaria,scleractinia,plerogyridae,plerogyra,not_given,FALSE,FALSE,not_given,FALSE,TRUE,not_given,not_given,FALSE,FALSE,not_given,FALSE,FALSE,not_given,FALSE,FALSE,not_given,FALSE,TRUE,not_given,FALSE,FALSE,not_given,not_given,FALSE,FALSE,FALSE,FALSE,FALSE,FALSE,FALSE,FALSE,FALSE,FALSE,hexacorallia,FALSE,FALSE,FALSE,TRUE
cred-symphyllia spp,coralnet,symphyllia,mermaid,animalia,cnidaria,scleractinia,lobophylliidae,symphyllia,not_given,FALSE,FALSE,TRUE,FALSE,TRUE,not_given,not_given,FALSE,FALSE,not_given,FALSE,FALSE,TRUE,FALSE,FALSE,not_given,FALSE,TRUE,TRUE,FALSE,FALSE,not_given,not_given,FALSE,FALSE,FALSE,FALSE,FALSE,FALSE,FALSE,FALSE,FALSE,FALSE,hexacorallia,FALSE,FALSE,FALSE,TRUE
crep-t3a galaxaura spp,coralnet,galaxaura,mermaid,not_given,rhodophyta,nemaliales,galaxauraceae,galaxaura,not_given,FALSE,FALSE,FALSE,FALSE,FALSE,FALSE,FALSE,FALSE,FALSE,FALSE,FALSE,FALSE,FALSE,FALSE,FALSE,FALSE,FALSE,FALSE,FALSE,FALSE,FALSE,FALSE,FALSE,FALSE,FALSE,TRUE,FALSE,not_given,FALSE,FALSE,FALSE,FALSE,FALSE,florideophyceae,FALSE,FALSE,FALSE,FALSE
cyphastrea ocellina,coralnet,cyphastrea ocellina,mermaid,animalia,cnidaria,scleractinia,merulinidae,cyphastrea,cyphastrea_ocellina,FALSE,FALSE,not_given,FALSE,TRUE,not_given,TRUE,not_given,not_given,not_given,FALSE,FALSE,not_given,FALSE,FALSE,not_given,FALSE,not_given,not_given,FALSE,FALSE,not_given,FALSE,FALSE,FALSE,FALSE,FALSE,FALSE,FALSE,FALSE,FALSE,FALSE,FALSE,hexacorallia,FALSE,FALSE,FALSE,TRUE
cred-neomeris spp,coralnet,neomeris,mermaid,plantae,chlorophyta,dasycladales,dasycladaceae,neomeris,not_given,FALSE,FALSE,FALSE,FALSE,FALSE,FALSE,FALSE,FALSE,FALSE,FALSE,FALSE,FALSE,FALSE,FALSE,FALSE,FALSE,FALSE,FALSE,FALSE,FALSE,FALSE,FALSE,FALSE,FALSE,FALSE,TRUE,FALSE,FALSE,FALSE,FALSE,FALSE,FALSE,FALSE,ulvophyceae,FALSE,FALSE,FALSE,FALSE
pectinia,coralnet,pectinia,mermaid,animalia,cnidaria,scleractinia,merulinidae,pectinia,not_given,FALSE,FALSE,not_given,FALSE,not_given,not_given,TRUE,FALSE,not_given,not_given,FALSE,FALSE,not_given,FALSE,FALSE,TRUE,FALSE,not_given,not_given,FALSE,FALSE,not_given,FALSE,FALSE,FALSE,FALSE,FALSE,FALSE,FALSE,FALSE,FALSE,FALSE,FALSE,hexacorallia,FALSE,FALSE,FALSE,TRUE
ctenactis,coralnet,ctenactis,mermaid,animalia,cnidaria,scleractinia,fungiidae,ctenactis,not_given,FALSE,FALSE,FALSE,TRUE,FALSE,not_given,not_given,not_given,not_given,not_given,TRUE,FALSE,not_given,FALSE,FALSE,not_given,FALSE,FALSE,FALSE,FALSE,FALSE,TRUE,FALSE,FALSE,FALSE,FALSE,FALSE,FALSE,FALSE,FALSE,FALSE,FALSE,FALSE,hexacorallia,FALSE,FALSE,FALSE,TRUE
plesiastrea versipora,coralnet,plesiastrea versipora,mermaid,animalia,cnidaria,scleractinia,plesiastreidae,plesiastrea,plesiastrea_versipora,not_given,not_given,not_given,not_given,TRUE,not_given,not_given,not_given,not_given,not_given,FALSE,FALSE,TRUE,FALSE,not_given,not_given,FALSE,not_given,not_given,not_given,not_given,not_given,FALSE,not_given,FALSE,FALSE,FALSE,FALSE,FALSE,FALSE,FALSE,FALSE,FALSE,hexacorallia,FALSE,FALSE,FALSE,TRUE
recently killed coral,coralnet,other coral dead,coralscapes_v2,animalia,cnidaria,not_given,not_given,not_given,not_given,not_given,not_given,not_given,not_given,not_given,not_given,not_given,not_given,not_given,not_given,not_given,not_given,not_given,not_given,not_given,not_given,not_given,not_given,not_given,not_given,not_given,not_given,not_given,not_given,FALSE,FALSE,FALSE,FALSE,FALSE,FALSE,FALSE,FALSE,FALSE,not_given,FALSE,FALSE,not_given,FALSE
stylaster sp.,coralnet,stylaster,mermaid,animalia,cnidaria,anthoathecata,stylasteridae,stylaster,not_given,not_given,not_given,not_given,not_given,not_given,not_given,not_given,not_given,not_given,not_given,not_given,not_given,not_given,not_given,not_given,not_given,not_given,not_given,not_given,not_given,not_given,not_given,not_given,not_given,FALSE,FALSE,FALSE,FALSE,FALSE,FALSE,FALSE,FALSE,FALSE,hydrozoa,FALSE,FALSE,FALSE,TRUE
hydnophora microconos,coralnet,,,animalia,cnidaria,scleractinia,merulinidae,hydnophora,hydnophora_microconos,FALSE,FALSE,not_given,FALSE,TRUE,not_given,not_given,FALSE,not_given,not_given,FALSE,FALSE,not_given,FALSE,not_given,TRUE,FALSE,not_given,FALSE,not_given,not_given,FALSE,FALSE,not_given,FALSE,FALSE,FALSE,FALSE,FALSE,FALSE,FALSE,FALSE,FALSE,hexacorallia,FALSE,FALSE,FALSE,TRUE
agelas,coralnet,agelas,mermaid,animalia,porifera,agelasida,agelasidae,agelas,not_given,FALSE,FALSE,FALSE,FALSE,FALSE,FALSE,FALSE,FALSE,FALSE,FALSE,FALSE,FALSE,FALSE,FALSE,FALSE,FALSE,FALSE,FALSE,FALSE,FALSE,FALSE,FALSE,FALSE,FALSE,FALSE,FALSE,FALSE,FALSE,FALSE,FALSE,FALSE,FALSE,FALSE,demospongiae,FALSE,FALSE,FALSE,TRUE
ventricaria sp.,coralnet,valonia,mermaid,plantae,chlorophyta,cladophorales,valoniaceae,valonia,not_given,FALSE,FALSE,FALSE,FALSE,FALSE,FALSE,FALSE,FALSE,FALSE,FALSE,FALSE,FALSE,FALSE,FALSE,FALSE,FALSE,FALSE,FALSE,FALSE,FALSE,FALSE,FALSE,FALSE,FALSE,FALSE,TRUE,FALSE,FALSE,FALSE,FALSE,FALSE,FALSE,FALSE,ulvophyceae,FALSE,FALSE,FALSE,FALSE
"sponge, unidentified",coralnet,sponge,coralscapes_v2,animalia,porifera,not_given,not_given,not_given,not_given,FALSE,FALSE,FALSE,FALSE,FALSE,FALSE,FALSE,FALSE,FALSE,FALSE,FALSE,FALSE,FALSE,FALSE,FALSE,FALSE,FALSE,FALSE,FALSE,FALSE,FALSE,FALSE,FALSE,FALSE,FALSE,FALSE,FALSE,FALSE,FALSE,FALSE,FALSE,FALSE,FALSE,not_given,FALSE,FALSE,FALSE,TRUE
unidentified hard coral,coralnet,hard coral alive,coralscapes_v2,animalia,cnidaria,scleractinia,not_given,not_given,not_given,not_given,not_given,not_given,not_given,not_given,not_given,not_given,not_given,not_given,not_given,FALSE,FALSE,not_given,FALSE,not_given,not_given,FALSE,not_given,not_given,not_given,not_given,not_given,FALSE,not_given,FALSE,FALSE,FALSE,FALSE,FALSE,FALSE,FALSE,FALSE,FALSE,hexacorallia,FALSE,FALSE,FALSE,TRUE
exposed rock,coralnet,hard substrate,coralscapes_v2,none,none,none,none,none,none,FALSE,FALSE,FALSE,FALSE,FALSE,FALSE,FALSE,FALSE,FALSE,FALSE,FALSE,FALSE,FALSE,FALSE,FALSE,FALSE,FALSE,FALSE,FALSE,FALSE,FALSE,FALSE,FALSE,FALSE,FALSE,FALSE,FALSE,FALSE,FALSE,FALSE,FALSE,FALSE,FALSE,none,FALSE,FALSE,TRUE,FALSE
leptoseris incrustans,coralnet,,,animalia,cnidaria,scleractinia,agariciidae,leptoseris,leptoseris_incrustans,FALSE,FALSE,not_given,FALSE,TRUE,not_given,TRUE,FALSE,not_given,not_given,FALSE,FALSE,TRUE,FALSE,FALSE,TRUE,FALSE,not_given,not_given,FALSE,FALSE,not_given,FALSE,FALSE,FALSE,FALSE,FALSE,FALSE,FALSE,FALSE,FALSE,FALSE,FALSE,hexacorallia,FALSE,FALSE,FALSE,TRUE
niphates sp,coralnet,niphates,mermaid,animalia,porifera,haplosclerida,niphatidae,niphates,not_given,FALSE,FALSE,FALSE,FALSE,FALSE,FALSE,FALSE,FALSE,FALSE,FALSE,FALSE,FALSE,FALSE,FALSE,FALSE,FALSE,FALSE,FALSE,FALSE,FALSE,FALSE,FALSE,FALSE,FALSE,FALSE,FALSE,FALSE,FALSE,FALSE,FALSE,FALSE,FALSE,FALSE,demospongiae,FALSE,FALSE,FALSE,TRUE
dead pocillopora,coralnet,pocillopora dead,coralscapes_v2,animalia,cnidaria,scleractinia,pocilloporidae,pocillopora,not_given,FALSE,not_given,FALSE,FALSE,FALSE,FALSE,FALSE,not_given,FALSE,FALSE,FALSE,FALSE,FALSE,FALSE,TRUE,FALSE,FALSE,FALSE,FALSE,not_given,FALSE,FALSE,FALSE,FALSE,FALSE,FALSE,FALSE,FALSE,FALSE,FALSE,FALSE,FALSE,FALSE,hexacorallia,FALSE,FALSE,not_given,FALSE
diploria spp,coralnet,diploria,mermaid,animalia,cnidaria,scleractinia,mussidae,diploria,not_given,not_given,not_given,not_given,not_given,not_given,not_given,not_given,not_given,not_given,not_given,FALSE,FALSE,not_given,FALSE,not_given,not_given,FALSE,not_given,not_given,not_given,not_given,not_given,FALSE,not_given,FALSE,FALSE,FALSE,FALSE,FALSE,FALSE,FALSE,FALSE,FALSE,hexacorallia,FALSE,FALSE,FALSE,TRUE
pavona varians bleached,coralnet,,,animalia,cnidaria,scleractinia,agariciidae,pavona,pavona_varians,FALSE,FALSE,not_given,FALSE,not_given,FALSE,TRUE,FALSE,not_given,not_given,FALSE,FALSE,TRUE,FALSE,FALSE,TRUE,FALSE,not_given,FALSE,FALSE,FALSE,FALSE,FALSE,FALSE,TRUE,FALSE,FALSE,FALSE,FALSE,FALSE,FALSE,FALSE,FALSE,hexacorallia,FALSE,FALSE,FALSE,TRUE
alveopora,coralnet,alveopora,mermaid,animalia,cnidaria,scleractinia,acroporidae,alveopora,not_given,not_given,not_given,not_given,not_given,not_given,not_given,not_given,not_given,not_given,not_given,FALSE,FALSE,TRUE,TRUE,not_given,not_given,FALSE,not_given,not_given,not_given,not_given,not_given,FALSE,not_given,FALSE,FALSE,FALSE,FALSE,FALSE,FALSE,FALSE,FALSE,FALSE,hexacorallia,FALSE,FALSE,FALSE,TRUE
stephanocoenia michellini,coralnet,,,animalia,cnidaria,scleractinia,astrocoeniidae,stephanocoenia,stephanocoenia_michellini,not_given,not_given,not_given,not_given,not_given,not_given,not_given,not_given,not_given,not_given,FALSE,FALSE,not_given,FALSE,not_given,not_given,FALSE,not_given,not_given,not_given,not_given,not_given,FALSE,not_given,FALSE,FALSE,FALSE,FALSE,FALSE,FALSE,FALSE,FALSE,FALSE,hexacorallia,FALSE,FALSE,FALSE,TRUE
bleached acropora,coralnet,acropora bleached,coralscapes_v2,animalia,cnidaria,scleractinia,acroporidae,acropora,not_given,FALSE,not_given,FALSE,FALSE,FALSE,FALSE,FALSE,not_given,FALSE,FALSE,FALSE,FALSE,FALSE,FALSE,TRUE,not_given,FALSE,FALSE,FALSE,not_given,not_given,FALSE,FALSE,not_given,TRUE,FALSE,FALSE,FALSE,FALSE,FALSE,FALSE,FALSE,FALSE,hexacorallia,FALSE,FALSE,FALSE,TRUE
hypnea,coralnet,hypnea,mermaid,not_given,rhodophyta,gigartinales,cystocloniaceae,hypnea,not_given,FALSE,FALSE,FALSE,FALSE,FALSE,FALSE,FALSE,FALSE,FALSE,FALSE,FALSE,FALSE,FALSE,FALSE,FALSE,FALSE,FALSE,FALSE,FALSE,FALSE,FALSE,FALSE,FALSE,FALSE,FALSE,TRUE,FALSE,not_given,FALSE,FALSE,FALSE,FALSE,FALSE,florideophyceae,FALSE,FALSE,FALSE,FALSE
brillo spike pad,coralnet,crustose coralline algae,mermaid,not_given,rhodophyta,corallinales,not_given,not_given,not_given,FALSE,FALSE,FALSE,FALSE,FALSE,FALSE,FALSE,FALSE,FALSE,FALSE,FALSE,FALSE,FALSE,FALSE,FALSE,FALSE,FALSE,FALSE,FALSE,FALSE,FALSE,FALSE,FALSE,FALSE,FALSE,TRUE,FALSE,not_given,FALSE,FALSE,FALSE,FALSE,FALSE,florideophyceae,FALSE,FALSE,not_given,FALSE
bleached hard coral massive,coralnet,massive coral bleached,coralscapes_v2,animalia,cnidaria,scleractinia,not_given,not_given,not_given,FALSE,FALSE,not_given,FALSE,TRUE,not_given,not_given,not_given,FALSE,not_given,FALSE,FALSE,TRUE,FALSE,FALSE,not_given,FALSE,not_given,not_given,FALSE,FALSE,not_given,FALSE,FALSE,TRUE,FALSE,FALSE,FALSE,FALSE,FALSE,FALSE,FALSE,FALSE,hexacorallia,FALSE,FALSE,FALSE,TRUE
bleached montipora,coralnet,,,animalia,cnidaria,scleractinia,acroporidae,montipora,not_given,FALSE,not_given,not_given,FALSE,not_given,FALSE,not_given,not_given,not_given,not_given,FALSE,FALSE,not_given,FALSE,not_given,not_given,FALSE,not_given,FALSE,FALSE,not_given,FALSE,FALSE,not_given,TRUE,FALSE,FALSE,FALSE,FALSE,FALSE,FALSE,FALSE,FALSE,hexacorallia,FALSE,FALSE,FALSE,TRUE
cycloseris,coralnet,cycloseris,mermaid,animalia,cnidaria,scleractinia,fungiidae,cycloseris,not_given,FALSE,FALSE,not_given,FALSE,not_given,not_given,not_given,not_given,not_given,not_given,FALSE,FALSE,not_given,FALSE,FALSE,not_given,FALSE,not_given,not_given,FALSE,FALSE,not_given,FALSE,FALSE,FALSE,FALSE,FALSE,FALSE,FALSE,FALSE,FALSE,FALSE,FALSE,hexacorallia,FALSE,FALSE,FALSE,TRUE
oulophyllia,coralnet,oulophyllia,mermaid,animalia,cnidaria,scleractinia,merulinidae,oulophyllia,not_given,FALSE,FALSE,TRUE,FALSE,TRUE,not_given,not_given,FALSE,FALSE,not_given,FALSE,FALSE,TRUE,FALSE,FALSE,not_given,FALSE,TRUE,not_given,FALSE,FALSE,not_given,not_given,FALSE,FALSE,FALSE,FALSE,FALSE,FALSE,FALSE,FALSE,FALSE,FALSE,hexacorallia,FALSE,FALSE,FALSE,TRUE
hard coral (columnar),coralnet,hard coral alive,coralscapes_v2,animalia,cnidaria,scleractinia,not_given,not_given,not_given,not_given,not_given,not_given,not_given,not_given,not_given,not_given,not_given,not_given,TRUE,FALSE,FALSE,not_given,FALSE,not_given,not_given,FALSE,not_given,not_given,not_given,not_given,not_given,FALSE,not_given,FALSE,FALSE,FALSE,FALSE,FALSE,FALSE,FALSE,FALSE,FALSE,hexacorallia,FALSE,FALSE,FALSE,TRUE
sponges: vase,coralnet,sponge,coralscapes_v2,animalia,porifera,not_given,not_given,not_given,not_given,FALSE,FALSE,FALSE,FALSE,FALSE,FALSE,FALSE,FALSE,FALSE,FALSE,FALSE,FALSE,FALSE,FALSE,FALSE,FALSE,FALSE,FALSE,FALSE,FALSE,FALSE,FALSE,FALSE,FALSE,FALSE,FALSE,FALSE,FALSE,FALSE,FALSE,FALSE,FALSE,FALSE,not_given,FALSE,FALSE,FALSE,TRUE
lace coral,coralnet,,,animalia,not_given,not_given,not_given,not_given,not_given,FALSE,FALSE,FALSE,FALSE,FALSE,FALSE,FALSE,FALSE,FALSE,FALSE,FALSE,FALSE,FALSE,FALSE,FALSE,FALSE,FALSE,FALSE,FALSE,FALSE,FALSE,FALSE,FALSE,FALSE,FALSE,FALSE,FALSE,FALSE,FALSE,FALSE,FALSE,FALSE,FALSE,not_given,FALSE,FALSE,FALSE,TRUE
plerogyra,coralnet,plerogyra,mermaid,animalia,cnidaria,scleractinia,plerogyridae,plerogyra,not_given,FALSE,FALSE,not_given,FALSE,TRUE,not_given,not_given,FALSE,FALSE,not_given,FALSE,FALSE,not_given,FALSE,FALSE,not_given,FALSE,TRUE,not_given,FALSE,FALSE,not_given,not_given,FALSE,FALSE,FALSE,FALSE,FALSE,FALSE,FALSE,FALSE,FALSE,FALSE,hexacorallia,FALSE,FALSE,FALSE,TRUE
crown of thorns sea star,coralnet,acanthaster planci,coralscapes_v2,animalia,echinodermata,valvatida,acanthasteridae,acanthaster,acanthaster_planci,FALSE,FALSE,FALSE,FALSE,FALSE,FALSE,FALSE,FALSE,FALSE,FALSE,FALSE,FALSE,FALSE,FALSE,FALSE,FALSE,FALSE,FALSE,FALSE,FALSE,FALSE,FALSE,FALSE,FALSE,FALSE,FALSE,FALSE,FALSE,FALSE,FALSE,FALSE,FALSE,FALSE,asteroidea,FALSE,FALSE,FALSE,TRUE
scapophyllia,coralnet,,,animalia,cnidaria,scleractinia,merulinidae,scapophyllia,not_given,FALSE,FALSE,TRUE,FALSE,TRUE,not_given,TRUE,FALSE,FALSE,TRUE,FALSE,FALSE,TRUE,FALSE,FALSE,not_given,FALSE,not_given,not_given,FALSE,FALSE,not_given,FALSE,FALSE,FALSE,FALSE,FALSE,FALSE,FALSE,FALSE,FALSE,FALSE,FALSE,hexacorallia,FALSE,FALSE,FALSE,TRUE
tubipora musica,coralnet,tubipora musica,mermaid,animalia,cnidaria,malacalcyonacea,tubiporidae,tubipora,tubipora_musica,not_given,not_given,not_given,not_given,not_given,not_given,not_given,not_given,not_given,not_given,not_given,not_given,not_given,not_given,not_given,not_given,not_given,not_given,not_given,not_given,not_given,not_given,not_given,not_given,FALSE,FALSE,FALSE,FALSE,FALSE,FALSE,FALSE,FALSE,FALSE,octocorallia,FALSE,FALSE,FALSE,TRUE
"sponges: branching, rope forms",coralnet,sponge,coralscapes_v2,animalia,porifera,not_given,not_given,not_given,not_given,FALSE,FALSE,FALSE,FALSE,FALSE,FALSE,FALSE,FALSE,FALSE,FALSE,FALSE,FALSE,FALSE,FALSE,FALSE,FALSE,FALSE,FALSE,FALSE,FALSE,FALSE,FALSE,FALSE,FALSE,FALSE,FALSE,FALSE,FALSE,FALSE,FALSE,FALSE,FALSE,FALSE,not_given,FALSE,FALSE,FALSE,TRUE
"anemone, unidentified",coralnet,anemone,coralscapes_v2,animalia,cnidaria,actiniaria,not_given,not_given,not_given,not_given,not_given,not_given,not_given,not_given,not_given,not_given,not_given,not_given,not_given,not_given,not_given,not_given,not_given,not_given,not_given,not_given,not_given,not_given,not_given,not_given,not_given,not_given,not_given,FALSE,FALSE,FALSE,FALSE,FALSE,FALSE,FALSE,FALSE,FALSE,hexacorallia,FALSE,FALSE,FALSE,TRUE
lobophora spp.,coralnet,lobophora,mermaid,not_given,ochrophyta,dictyotales,dictyotaceae,lobophora,not_given,FALSE,FALSE,FALSE,FALSE,FALSE,FALSE,FALSE,FALSE,FALSE,FALSE,FALSE,FALSE,FALSE,FALSE,FALSE,FALSE,FALSE,FALSE,FALSE,FALSE,FALSE,FALSE,FALSE,FALSE,FALSE,TRUE,FALSE,not_given,FALSE,FALSE,FALSE,not_given,FALSE,phaeophyceae,FALSE,FALSE,FALSE,FALSE
rhipocephalus phoenix,coralnet,,,plantae,chlorophyta,bryopsidales,udoteaceae,rhipocephalus,rhipocephalus_phoenix,FALSE,FALSE,FALSE,FALSE,FALSE,FALSE,FALSE,FALSE,FALSE,FALSE,FALSE,FALSE,FALSE,FALSE,FALSE,FALSE,FALSE,FALSE,FALSE,FALSE,FALSE,FALSE,FALSE,FALSE,FALSE,TRUE,FALSE,FALSE,FALSE,FALSE,FALSE,FALSE,FALSE,ulvophyceae,FALSE,FALSE,FALSE,FALSE
bryopsis spp.,coralnet,bryopsis,mermaid,plantae,chlorophyta,bryopsidales,bryopsidaceae,bryopsis,not_given,FALSE,FALSE,FALSE,FALSE,FALSE,FALSE,FALSE,FALSE,FALSE,FALSE,FALSE,FALSE,FALSE,FALSE,FALSE,FALSE,FALSE,FALSE,FALSE,FALSE,FALSE,FALSE,FALSE,FALSE,FALSE,TRUE,FALSE,FALSE,FALSE,FALSE,FALSE,FALSE,FALSE,ulvophyceae,FALSE,FALSE,FALSE,FALSE
bleached pocillopora damicornis,coralnet,,,animalia,cnidaria,scleractinia,pocilloporidae,pocillopora,pocillopora_damicornis,FALSE,not_given,FALSE,FALSE,FALSE,FALSE,FALSE,not_given,FALSE,FALSE,FALSE,FALSE,FALSE,FALSE,TRUE,FALSE,FALSE,FALSE,FALSE,not_given,not_given,FALSE,FALSE,FALSE,TRUE,FALSE,FALSE,FALSE,FALSE,FALSE,FALSE,FALSE,FALSE,hexacorallia,FALSE,FALSE,FALSE,TRUE
bleached goniopora,coralnet,,,animalia,cnidaria,scleractinia,poritidae,goniopora,not_given,FALSE,FALSE,FALSE,FALSE,TRUE,not_given,FALSE,not_given,not_given,not_given,FALSE,FALSE,not_given,TRUE,FALSE,FALSE,FALSE,FALSE,not_given,FALSE,FALSE,not_given,FALSE,not_given,TRUE,FALSE,FALSE,FALSE,FALSE,FALSE,FALSE,FALSE,FALSE,hexacorallia,FALSE,FALSE,FALSE,TRUE
penicillus spp.,coralnet,penicillus,mermaid,plantae,chlorophyta,bryopsidales,udoteaceae,penicillus,not_given,FALSE,FALSE,FALSE,FALSE,FALSE,FALSE,FALSE,FALSE,FALSE,FALSE,FALSE,FALSE,FALSE,FALSE,FALSE,FALSE,FALSE,FALSE,FALSE,FALSE,FALSE,FALSE,FALSE,FALSE,FALSE,TRUE,FALSE,FALSE,FALSE,FALSE,FALSE,FALSE,FALSE,ulvophyceae,FALSE,FALSE,FALSE,FALSE
cnidaria: colonial anemones,coralnet,anemone,coralscapes_v2,animalia,cnidaria,actiniaria,not_given,not_given,not_given,not_given,not_given,not_given,not_given,not_given,not_given,not_given,not_given,not_given,not_given,not_given,not_given,not_given,not_given,not_given,not_given,not_given,not_given,not_given,not_given,not_given,not_given,not_given,not_given,FALSE,FALSE,FALSE,FALSE,FALSE,FALSE,FALSE,FALSE,FALSE,hexacorallia,FALSE,FALSE,FALSE,TRUE
cred-bivalve,coralnet,bivalvia,mermaid,animalia,mollusca,not_given,not_given,not_given,not_given,FALSE,FALSE,FALSE,FALSE,FALSE,FALSE,FALSE,FALSE,FALSE,FALSE,FALSE,FALSE,FALSE,FALSE,FALSE,FALSE,FALSE,FALSE,FALSE,FALSE,FALSE,FALSE,FALSE,FALSE,FALSE,FALSE,FALSE,FALSE,FALSE,FALSE,FALSE,FALSE,FALSE,bivalvia,FALSE,FALSE,FALSE,TRUE
scolymia,coralnet,scolymia,mermaid,animalia,cnidaria,scleractinia,mussidae,scolymia,not_given,not_given,not_given,not_given,not_given,not_given,not_given,not_given,not_given,not_given,not_given,FALSE,FALSE,not_given,FALSE,not_given,not_given,FALSE,not_given,not_given,not_given,not_given,not_given,FALSE,not_given,FALSE,FALSE,FALSE,FALSE,FALSE,FALSE,FALSE,FALSE,FALSE,hexacorallia,FALSE,FALSE,FALSE,TRUE
porites brighami,coralnet,porites brighami,mermaid,animalia,cnidaria,scleractinia,poritidae,porites,porites_brighami,FALSE,not_given,not_given,FALSE,TRUE,FALSE,not_given,not_given,not_given,not_given,FALSE,FALSE,TRUE,FALSE,not_given,not_given,FALSE,not_given,FALSE,FALSE,not_given,FALSE,FALSE,not_given,FALSE,FALSE,FALSE,FALSE,FALSE,FALSE,FALSE,FALSE,FALSE,hexacorallia,FALSE,FALSE,FALSE,TRUE
padina jamaicensis,coralnet,,,not_given,ochrophyta,dictyotales,dictyotaceae,padina,padina_jamaicensis,FALSE,FALSE,FALSE,FALSE,FALSE,FALSE,FALSE,FALSE,FALSE,FALSE,FALSE,FALSE,FALSE,FALSE,FALSE,FALSE,FALSE,FALSE,FALSE,FALSE,FALSE,FALSE,FALSE,FALSE,FALSE,TRUE,FALSE,not_given,FALSE,FALSE,FALSE,FALSE,FALSE,phaeophyceae,FALSE,FALSE,FALSE,FALSE
acropora (submassive),coralnet,acropora alive,coralscapes_v2,animalia,cnidaria,scleractinia,acroporidae,acropora,not_given,FALSE,not_given,FALSE,FALSE,FALSE,FALSE,FALSE,not_given,FALSE,FALSE,FALSE,FALSE,TRUE,FALSE,TRUE,not_given,FALSE,FALSE,FALSE,not_given,not_given,FALSE,FALSE,not_given,FALSE,FALSE,FALSE,FALSE,FALSE,FALSE,FALSE,FALSE,FALSE,hexacorallia,FALSE,FALSE,FALSE,TRUE
psammocora nierstraszi,coralnet,psammocora nierstraszi,mermaid,animalia,cnidaria,scleractinia,psammocoridae,psammocora,psammocora_nierstraszi,FALSE,FALSE,not_given,FALSE,TRUE,not_given,TRUE,not_given,not_given,not_given,FALSE,FALSE,not_given,FALSE,FALSE,not_given,FALSE,not_given,not_given,FALSE,FALSE,not_given,FALSE,FALSE,FALSE,FALSE,FALSE,FALSE,FALSE,FALSE,FALSE,FALSE,FALSE,hexacorallia,FALSE,FALSE,FALSE,TRUE
macroalgae:encrusting:red:calcareous:crustose,coralnet,crustose coralline algae,mermaid,not_given,rhodophyta,corallinales,not_given,not_given,not_given,FALSE,FALSE,FALSE,FALSE,FALSE,FALSE,FALSE,FALSE,FALSE,FALSE,FALSE,FALSE,FALSE,FALSE,FALSE,FALSE,FALSE,FALSE,FALSE,FALSE,FALSE,FALSE,FALSE,FALSE,FALSE,TRUE,FALSE,not_given,FALSE,FALSE,FALSE,FALSE,FALSE,florideophyceae,FALSE,FALSE,not_given,FALSE
basalt,coralnet,hard substrate,coralscapes_v2,none,none,none,none,none,none,FALSE,FALSE,FALSE,FALSE,FALSE,FALSE,FALSE,FALSE,FALSE,FALSE,FALSE,FALSE,FALSE,FALSE,FALSE,FALSE,FALSE,FALSE,FALSE,FALSE,FALSE,FALSE,FALSE,FALSE,FALSE,FALSE,FALSE,FALSE,FALSE,FALSE,FALSE,FALSE,FALSE,none,FALSE,FALSE,TRUE,FALSE
valonia spp.,coralnet,valonia,mermaid,plantae,chlorophyta,cladophorales,valoniaceae,valonia,not_given,FALSE,FALSE,FALSE,FALSE,FALSE,FALSE,FALSE,FALSE,FALSE,FALSE,FALSE,FALSE,FALSE,FALSE,FALSE,FALSE,FALSE,FALSE,FALSE,FALSE,FALSE,FALSE,FALSE,FALSE,FALSE,TRUE,FALSE,FALSE,FALSE,FALSE,FALSE,FALSE,FALSE,ulvophyceae,FALSE,FALSE,FALSE,FALSE
crown of thorns starfish,coralnet,acanthaster planci,coralscapes_v2,animalia,echinodermata,valvatida,acanthasteridae,acanthaster,acanthaster_planci,FALSE,FALSE,FALSE,FALSE,FALSE,FALSE,FALSE,FALSE,FALSE,FALSE,FALSE,FALSE,FALSE,FALSE,FALSE,FALSE,FALSE,FALSE,FALSE,FALSE,FALSE,FALSE,FALSE,FALSE,FALSE,FALSE,FALSE,FALSE,FALSE,FALSE,FALSE,FALSE,FALSE,asteroidea,FALSE,FALSE,FALSE,TRUE
polyphyllia,coralnet,polyphyllia,mermaid,animalia,cnidaria,scleractinia,fungiidae,polyphyllia,not_given,FALSE,FALSE,not_given,TRUE,not_given,not_given,not_given,not_given,not_given,not_given,FALSE,FALSE,not_given,FALSE,FALSE,not_given,FALSE,not_given,not_given,FALSE,FALSE,TRUE,FALSE,FALSE,FALSE,FALSE,FALSE,FALSE,FALSE,FALSE,FALSE,FALSE,FALSE,hexacorallia,FALSE,FALSE,FALSE,TRUE
caulastrea,coralnet,caulastraea,mermaid,animalia,cnidaria,scleractinia,merulinidae,caulastraea,not_given,FALSE,FALSE,TRUE,FALSE,TRUE,not_given,not_given,FALSE,FALSE,not_given,FALSE,FALSE,not_given,FALSE,FALSE,FALSE,FALSE,not_given,TRUE,FALSE,FALSE,not_given,TRUE,FALSE,FALSE,FALSE,FALSE,FALSE,FALSE,FALSE,FALSE,FALSE,FALSE,hexacorallia,FALSE,FALSE,FALSE,TRUE
corals: stony corals: solitary / mushroom,coralnet,fungiidae alive,coralscapes_v2,animalia,cnidaria,scleractinia,fungiidae,not_given,not_given,FALSE,FALSE,not_given,FALSE,not_given,not_given,not_given,not_given,not_given,not_given,FALSE,FALSE,not_given,FALSE,FALSE,not_given,FALSE,not_given,not_given,FALSE,FALSE,not_given,FALSE,FALSE,FALSE,FALSE,FALSE,FALSE,FALSE,FALSE,FALSE,FALSE,FALSE,hexacorallia,FALSE,FALSE,FALSE,TRUE
cred-unclassified soft coral,coralnet,soft coral (malacalcyonacea) alive,coralscapes_v2,animalia,cnidaria,malacalcyonacea,not_given,not_given,not_given,not_given,not_given,not_given,not_given,not_given,not_given,not_given,not_given,not_given,not_given,not_given,not_given,not_given,not_given,not_given,not_given,not_given,not_given,not_given,not_given,not_given,not_given,not_given,not_given,FALSE,FALSE,FALSE,FALSE,FALSE,FALSE,FALSE,FALSE,FALSE,octocorallia,FALSE,FALSE,FALSE,TRUE
bleached stylophora pistillata,coralnet,,,animalia,cnidaria,scleractinia,pocilloporidae,stylophora,stylophora_pistillata,not_given,FALSE,not_given,not_given,FALSE,not_given,FALSE,not_given,FALSE,not_given,FALSE,FALSE,TRUE,FALSE,TRUE,FALSE,FALSE,FALSE,not_given,not_given,not_given,not_given,FALSE,FALSE,TRUE,FALSE,FALSE,FALSE,FALSE,FALSE,FALSE,FALSE,FALSE,hexacorallia,FALSE,FALSE,FALSE,TRUE
valonia ventricosa,coralnet,,,plantae,chlorophyta,cladophorales,valoniaceae,valonia,valonia_ventricosa,FALSE,FALSE,FALSE,FALSE,FALSE,FALSE,FALSE,FALSE,FALSE,FALSE,FALSE,FALSE,FALSE,FALSE,FALSE,FALSE,FALSE,FALSE,FALSE,FALSE,FALSE,FALSE,FALSE,FALSE,FALSE,TRUE,FALSE,FALSE,FALSE,FALSE,FALSE,FALSE,FALSE,ulvophyceae,FALSE,FALSE,FALSE,FALSE
polychaeta,coralnet,,,animalia,annelida,not_given,not_given,not_given,not_given,FALSE,FALSE,FALSE,FALSE,FALSE,FALSE,FALSE,FALSE,FALSE,FALSE,FALSE,FALSE,FALSE,FALSE,FALSE,FALSE,FALSE,FALSE,FALSE,FALSE,FALSE,FALSE,FALSE,FALSE,FALSE,FALSE,FALSE,FALSE,FALSE,FALSE,FALSE,FALSE,FALSE,polychaeta,FALSE,FALSE,FALSE,TRUE
branching and calcareous algae,coralnet,calcifying algae,coralnet,none,none,none,none,none,none,FALSE,FALSE,FALSE,FALSE,FALSE,FALSE,FALSE,FALSE,FALSE,FALSE,FALSE,FALSE,FALSE,FALSE,FALSE,FALSE,FALSE,FALSE,FALSE,FALSE,FALSE,FALSE,FALSE,FALSE,FALSE,TRUE,FALSE,not_given,FALSE,FALSE,FALSE,not_given,FALSE,none,FALSE,FALSE,FALSE,FALSE
solenastrea bournoni,coralnet,solenastrea bournoni,mermaid,animalia,cnidaria,scleractinia,faviidae,solenastrea,solenastrea_bournoni,not_given,not_given,not_given,not_given,TRUE,not_given,not_given,not_given,not_given,not_given,FALSE,FALSE,TRUE,FALSE,not_given,not_given,FALSE,not_given,not_given,not_given,not_given,not_given,FALSE,not_given,FALSE,FALSE,FALSE,FALSE,FALSE,FALSE,FALSE,FALSE,FALSE,hexacorallia,FALSE,FALSE,FALSE,TRUE
schizothrix,coralnet,schizothrix,mermaid,bacillati,cyanobacteriota,leptolyngbyales,schizotrichaceae,schizothrix,not_given,FALSE,FALSE,FALSE,FALSE,FALSE,FALSE,FALSE,FALSE,FALSE,FALSE,FALSE,FALSE,FALSE,FALSE,FALSE,FALSE,FALSE,FALSE,FALSE,FALSE,FALSE,FALSE,FALSE,FALSE,FALSE,FALSE,FALSE,FALSE,FALSE,FALSE,FALSE,FALSE,FALSE,cyanophyceae,FALSE,FALSE,FALSE,FALSE
chrysophyta,coralnet,chrysophyceae,mermaid,not_given,ochrophyta,not_given,not_given,not_given,not_given,FALSE,FALSE,FALSE,FALSE,FALSE,FALSE,FALSE,FALSE,FALSE,FALSE,FALSE,FALSE,FALSE,FALSE,FALSE,FALSE,FALSE,FALSE,FALSE,FALSE,FALSE,FALSE,FALSE,FALSE,FALSE,FALSE,FALSE,not_given,FALSE,FALSE,FALSE,FALSE,FALSE,chrysophyceae,FALSE,FALSE,FALSE,FALSE
turf algae mix,coralnet,turf algae,mermaid,none,none,none,none,none,none,FALSE,FALSE,FALSE,FALSE,FALSE,FALSE,FALSE,FALSE,FALSE,FALSE,FALSE,FALSE,FALSE,FALSE,FALSE,FALSE,FALSE,FALSE,FALSE,FALSE,FALSE,FALSE,FALSE,FALSE,FALSE,TRUE,FALSE,not_given,FALSE,FALSE,FALSE,FALSE,FALSE,none,FALSE,FALSE,not_given,FALSE
ircinia sp.,coralnet,ircinia,mermaid,animalia,porifera,dictyoceratida,irciniidae,ircinia,not_given,FALSE,FALSE,FALSE,FALSE,FALSE,FALSE,FALSE,FALSE,FALSE,FALSE,FALSE,FALSE,FALSE,FALSE,FALSE,FALSE,FALSE,FALSE,FALSE,FALSE,FALSE,FALSE,FALSE,FALSE,FALSE,FALSE,FALSE,FALSE,FALSE,FALSE,FALSE,FALSE,FALSE,demospongiae,FALSE,FALSE,FALSE,TRUE
madracis senaria,coralnet,madracis senaria,mermaid,animalia,cnidaria,scleractinia,pocilloporidae,madracis,madracis_senaria,FALSE,FALSE,not_given,FALSE,not_given,not_given,TRUE,not_given,not_given,not_given,FALSE,FALSE,not_given,FALSE,FALSE,not_given,FALSE,not_given,not_given,FALSE,FALSE,not_given,FALSE,FALSE,FALSE,FALSE,FALSE,FALSE,FALSE,FALSE,FALSE,FALSE,FALSE,hexacorallia,FALSE,FALSE,FALSE,TRUE
favia fragum,coralnet,favia fragum,mermaid,animalia,cnidaria,scleractinia,faviidae,favia,favia_fragum,FALSE,FALSE,not_given,FALSE,TRUE,not_given,TRUE,FALSE,FALSE,not_given,FALSE,FALSE,TRUE,FALSE,FALSE,not_given,FALSE,TRUE,not_given,FALSE,FALSE,not_given,not_given,FALSE,FALSE,FALSE,FALSE,FALSE,FALSE,FALSE,FALSE,FALSE,FALSE,hexacorallia,FALSE,FALSE,FALSE,TRUE
mastophora_articulated_calcareous,coralnet,mastophora,mermaid,not_given,rhodophyta,corallinales,corallinaceae,mastophora,not_given,FALSE,FALSE,FALSE,FALSE,FALSE,FALSE,FALSE,FALSE,FALSE,FALSE,FALSE,FALSE,FALSE,FALSE,FALSE,FALSE,FALSE,FALSE,FALSE,FALSE,FALSE,FALSE,FALSE,FALSE,FALSE,TRUE,FALSE,not_given,FALSE,FALSE,FALSE,FALSE,FALSE,florideophyceae,FALSE,FALSE,FALSE,FALSE
wrangelia,coralnet,wrangelia,mermaid,not_given,rhodophyta,ceramiales,wrangeliaceae,wrangelia,not_given,FALSE,FALSE,FALSE,FALSE,FALSE,FALSE,FALSE,FALSE,FALSE,FALSE,FALSE,FALSE,FALSE,FALSE,FALSE,FALSE,FALSE,FALSE,FALSE,FALSE,FALSE,FALSE,FALSE,FALSE,FALSE,TRUE,FALSE,not_given,FALSE,FALSE,FALSE,FALSE,FALSE,florideophyceae,FALSE,FALSE,FALSE,FALSE
isophyllia sinuosa,coralnet,isophyllia sinuosa,mermaid,animalia,cnidaria,scleractinia,mussidae,isophyllia,isophyllia_sinuosa,FALSE,FALSE,TRUE,FALSE,TRUE,not_given,not_given,FALSE,FALSE,not_given,FALSE,FALSE,not_given,FALSE,FALSE,not_given,FALSE,TRUE,TRUE,FALSE,FALSE,not_given,not_given,FALSE,FALSE,FALSE,FALSE,FALSE,FALSE,FALSE,FALSE,FALSE,FALSE,hexacorallia,FALSE,FALSE,FALSE,TRUE
leptastrea bewickensis,coralnet,,,animalia,cnidaria,scleractinia,leptastreidae,leptastrea,leptastrea_bewickensis,FALSE,FALSE,not_given,FALSE,TRUE,not_given,TRUE,not_given,not_given,not_given,FALSE,FALSE,not_given,FALSE,FALSE,not_given,FALSE,not_given,not_given,FALSE,FALSE,not_given,FALSE,FALSE,FALSE,FALSE,FALSE,FALSE,FALSE,FALSE,FALSE,FALSE,FALSE,hexacorallia,FALSE,FALSE,FALSE,TRUE
porites monticulosa bleached,coralnet,,,animalia,cnidaria,scleractinia,poritidae,porites,porites_monticulosa,FALSE,FALSE,not_given,FALSE,TRUE,FALSE,TRUE,FALSE,FALSE,TRUE,FALSE,FALSE,FALSE,FALSE,TRUE,TRUE,FALSE,FALSE,FALSE,FALSE,FALSE,FALSE,FALSE,FALSE,TRUE,FALSE,FALSE,FALSE,FALSE,FALSE,FALSE,FALSE,FALSE,hexacorallia,FALSE,FALSE,FALSE,TRUE
blastomussa,coralnet,blastomussa,mermaid,animalia,cnidaria,scleractinia,plerogyridae,blastomussa,not_given,FALSE,FALSE,TRUE,FALSE,TRUE,not_given,not_given,FALSE,FALSE,not_given,FALSE,FALSE,TRUE,FALSE,FALSE,not_given,FALSE,TRUE,TRUE,FALSE,FALSE,not_given,not_given,FALSE,FALSE,FALSE,FALSE,FALSE,FALSE,FALSE,FALSE,FALSE,FALSE,hexacorallia,FALSE,FALSE,FALSE,TRUE
porites divaricata,coralnet,porites divaricata,mermaid,animalia,cnidaria,scleractinia,poritidae,porites,porites_divaricata,FALSE,not_given,not_given,FALSE,FALSE,FALSE,FALSE,not_given,FALSE,TRUE,FALSE,FALSE,TRUE,FALSE,TRUE,not_given,FALSE,FALSE,FALSE,FALSE,not_given,FALSE,FALSE,not_given,FALSE,FALSE,FALSE,FALSE,FALSE,FALSE,FALSE,FALSE,FALSE,hexacorallia,FALSE,FALSE,FALSE,TRUE
colpomenia sinuosa,coralnet,,,not_given,ochrophyta,ectocarpales,scytosiphonaceae,colpomenia,colpomenia_sinuosa,FALSE,FALSE,FALSE,FALSE,FALSE,FALSE,FALSE,FALSE,FALSE,FALSE,FALSE,FALSE,FALSE,FALSE,FALSE,FALSE,FALSE,FALSE,FALSE,FALSE,FALSE,FALSE,FALSE,FALSE,FALSE,TRUE,FALSE,not_given,FALSE,FALSE,FALSE,not_given,FALSE,phaeophyceae,FALSE,FALSE,FALSE,FALSE
cred-bryozoan,coralnet,bryozoan,mermaid,animalia,bryozoa,not_given,not_given,not_given,not_given,FALSE,FALSE,FALSE,FALSE,FALSE,FALSE,FALSE,FALSE,FALSE,FALSE,FALSE,FALSE,FALSE,FALSE,FALSE,FALSE,FALSE,FALSE,FALSE,FALSE,FALSE,FALSE,FALSE,FALSE,FALSE,FALSE,FALSE,FALSE,FALSE,FALSE,FALSE,FALSE,FALSE,not_given,FALSE,FALSE,FALSE,TRUE
acetabularia spp.,coralnet,acetabularia,mermaid,plantae,chlorophyta,dasycladales,polyphysaceae,acetabularia,not_given,FALSE,FALSE,FALSE,FALSE,FALSE,FALSE,FALSE,FALSE,FALSE,FALSE,FALSE,FALSE,FALSE,FALSE,FALSE,FALSE,FALSE,FALSE,FALSE,FALSE,FALSE,FALSE,FALSE,FALSE,FALSE,TRUE,FALSE,FALSE,FALSE,FALSE,FALSE,FALSE,FALSE,ulvophyceae,FALSE,FALSE,FALSE,FALSE
lobactis scutaria,coralnet,lobactis scutaria,mermaid,animalia,cnidaria,scleractinia,fungiidae,lobactis,lobactis_scutaria,FALSE,FALSE,not_given,TRUE,not_given,not_given,not_given,not_given,not_given,not_given,TRUE,FALSE,not_given,FALSE,FALSE,not_given,FALSE,not_given,not_given,FALSE,FALSE,not_given,FALSE,FALSE,FALSE,FALSE,FALSE,FALSE,FALSE,FALSE,FALSE,FALSE,FALSE,hexacorallia,FALSE,FALSE,FALSE,TRUE
branching coralline algae,coralnet,crustose coralline algae,mermaid,not_given,rhodophyta,corallinales,not_given,not_given,not_given,FALSE,FALSE,FALSE,FALSE,FALSE,FALSE,FALSE,FALSE,FALSE,FALSE,FALSE,FALSE,FALSE,FALSE,FALSE,FALSE,FALSE,FALSE,FALSE,FALSE,FALSE,FALSE,FALSE,FALSE,FALSE,TRUE,FALSE,not_given,FALSE,FALSE,FALSE,FALSE,FALSE,florideophyceae,FALSE,FALSE,not_given,FALSE
diadema antillarum,coralnet,diadema antillarum,mermaid,animalia,echinodermata,diadematoida,diadematidae,diadema,diadema_antillarum,FALSE,FALSE,FALSE,FALSE,FALSE,FALSE,FALSE,FALSE,FALSE,FALSE,FALSE,FALSE,FALSE,FALSE,FALSE,FALSE,FALSE,FALSE,FALSE,FALSE,FALSE,FALSE,FALSE,FALSE,FALSE,FALSE,FALSE,FALSE,FALSE,FALSE,FALSE,FALSE,FALSE,echinoidea,FALSE,FALSE,FALSE,TRUE
echinoderms,coralnet,,,animalia,echinodermata,not_given,not_given,not_given,not_given,FALSE,FALSE,FALSE,FALSE,FALSE,FALSE,FALSE,FALSE,FALSE,FALSE,FALSE,FALSE,FALSE,FALSE,FALSE,FALSE,FALSE,FALSE,FALSE,FALSE,FALSE,FALSE,FALSE,FALSE,FALSE,FALSE,FALSE,FALSE,FALSE,FALSE,FALSE,FALSE,FALSE,not_given,FALSE,FALSE,FALSE,TRUE
mastophora,coralnet,mastophora,mermaid,not_given,rhodophyta,corallinales,corallinaceae,mastophora,not_given,FALSE,FALSE,FALSE,FALSE,FALSE,FALSE,FALSE,FALSE,FALSE,FALSE,FALSE,FALSE,FALSE,FALSE,FALSE,FALSE,FALSE,FALSE,FALSE,FALSE,FALSE,FALSE,FALSE,FALSE,FALSE,TRUE,FALSE,not_given,FALSE,FALSE,FALSE,FALSE,FALSE,florideophyceae,FALSE,FALSE,FALSE,FALSE
echinoderms: ophiuroids,coralnet,,,animalia,echinodermata,not_given,not_given,not_given,not_given,FALSE,FALSE,FALSE,FALSE,FALSE,FALSE,FALSE,FALSE,FALSE,FALSE,FALSE,FALSE,FALSE,FALSE,FALSE,FALSE,FALSE,FALSE,FALSE,FALSE,FALSE,FALSE,FALSE,FALSE,FALSE,FALSE,FALSE,FALSE,FALSE,FALSE,FALSE,FALSE,FALSE,ophiuroidea,FALSE,FALSE,FALSE,TRUE
bleached hard coral digitate,coralnet,branching coral bleached,coralscapes_v2,animalia,cnidaria,scleractinia,not_given,not_given,not_given,not_given,not_given,FALSE,not_given,FALSE,not_given,FALSE,not_given,FALSE,not_given,FALSE,FALSE,FALSE,FALSE,TRUE,not_given,FALSE,FALSE,not_given,not_given,TRUE,not_given,FALSE,not_given,TRUE,FALSE,FALSE,FALSE,FALSE,FALSE,FALSE,FALSE,FALSE,hexacorallia,FALSE,FALSE,FALSE,TRUE
molluscs,coralnet,,,animalia,mollusca,not_given,not_given,not_given,not_given,FALSE,FALSE,FALSE,FALSE,FALSE,FALSE,FALSE,FALSE,FALSE,FALSE,FALSE,FALSE,FALSE,FALSE,FALSE,FALSE,FALSE,FALSE,FALSE,FALSE,FALSE,FALSE,FALSE,FALSE,FALSE,FALSE,FALSE,FALSE,FALSE,FALSE,FALSE,FALSE,FALSE,not_given,FALSE,FALSE,FALSE,TRUE
psammocora profundacella,coralnet,psammocora profundacella,mermaid,animalia,cnidaria,scleractinia,psammocoridae,psammocora,psammocora_profundacella,FALSE,FALSE,not_given,FALSE,TRUE,not_given,TRUE,not_given,not_given,not_given,FALSE,FALSE,TRUE,FALSE,FALSE,not_given,FALSE,not_given,not_given,FALSE,FALSE,not_given,FALSE,FALSE,FALSE,FALSE,FALSE,FALSE,FALSE,FALSE,FALSE,FALSE,FALSE,hexacorallia,FALSE,FALSE,FALSE,TRUE
niphates erecta,coralnet,niphates erecta,mermaid,animalia,porifera,haplosclerida,niphatidae,niphates,niphates_erecta,FALSE,FALSE,FALSE,FALSE,FALSE,FALSE,FALSE,FALSE,FALSE,FALSE,FALSE,FALSE,FALSE,FALSE,FALSE,FALSE,FALSE,FALSE,FALSE,FALSE,FALSE,FALSE,FALSE,FALSE,FALSE,FALSE,FALSE,FALSE,FALSE,FALSE,FALSE,FALSE,FALSE,demospongiae,FALSE,FALSE,FALSE,TRUE
orbicella,coralnet,orbicella,mermaid,animalia,cnidaria,scleractinia,merulinidae,orbicella,not_given,not_given,not_given,not_given,not_given,TRUE,not_given,not_given,not_given,not_given,not_given,FALSE,FALSE,not_given,FALSE,not_given,not_given,FALSE,not_given,not_given,not_given,not_given,not_given,FALSE,not_given,FALSE,FALSE,FALSE,FALSE,FALSE,FALSE,FALSE,FALSE,FALSE,hexacorallia,FALSE,FALSE,FALSE,TRUE
rosenvingea sp.,coralnet,,,not_given,ochrophyta,ectocarpales,scytosiphonaceae,rosenvingea,not_given,FALSE,FALSE,FALSE,FALSE,FALSE,FALSE,FALSE,FALSE,FALSE,FALSE,FALSE,FALSE,FALSE,FALSE,FALSE,FALSE,FALSE,FALSE,FALSE,FALSE,FALSE,FALSE,FALSE,FALSE,FALSE,TRUE,FALSE,not_given,FALSE,FALSE,FALSE,FALSE,FALSE,phaeophyceae,FALSE,FALSE,FALSE,FALSE
vase sponge,coralnet,sponge,coralscapes_v2,animalia,porifera,not_given,not_given,not_given,not_given,FALSE,FALSE,FALSE,FALSE,FALSE,FALSE,FALSE,FALSE,FALSE,FALSE,FALSE,FALSE,FALSE,FALSE,FALSE,FALSE,FALSE,FALSE,FALSE,FALSE,FALSE,FALSE,FALSE,FALSE,FALSE,FALSE,FALSE,FALSE,FALSE,FALSE,FALSE,FALSE,FALSE,not_given,FALSE,FALSE,FALSE,TRUE
cred-euphyllia spp,coralnet,euphyllia,mermaid,animalia,cnidaria,scleractinia,euphylliidae,euphyllia,not_given,FALSE,FALSE,not_given,FALSE,not_given,TRUE,not_given,FALSE,FALSE,not_given,FALSE,FALSE,not_given,TRUE,FALSE,not_given,FALSE,TRUE,not_given,FALSE,FALSE,not_given,TRUE,FALSE,FALSE,FALSE,FALSE,FALSE,FALSE,FALSE,FALSE,FALSE,FALSE,hexacorallia,FALSE,FALSE,FALSE,TRUE
oxypora,coralnet,oxypora,mermaid,animalia,cnidaria,scleractinia,lobophylliidae,oxypora,not_given,not_given,not_given,not_given,not_given,not_given,not_given,not_given,not_given,not_given,not_given,FALSE,FALSE,not_given,FALSE,not_given,not_given,FALSE,not_given,not_given,not_given,not_given,not_given,not_given,not_given,FALSE,FALSE,FALSE,FALSE,FALSE,FALSE,FALSE,FALSE,FALSE,hexacorallia,FALSE,FALSE,FALSE,TRUE
pocillopora verrucosa,coralnet,pocillopora verrucosa,mermaid,animalia,cnidaria,scleractinia,pocilloporidae,pocillopora,pocillopora_verrucosa,FALSE,not_given,FALSE,FALSE,FALSE,FALSE,FALSE,not_given,FALSE,FALSE,FALSE,FALSE,FALSE,FALSE,TRUE,FALSE,FALSE,FALSE,FALSE,not_given,not_given,FALSE,FALSE,FALSE,FALSE,FALSE,FALSE,FALSE,FALSE,FALSE,FALSE,FALSE,FALSE,hexacorallia,FALSE,FALSE,FALSE,TRUE
lithophyllon,coralnet,lithophyllon,mermaid,animalia,cnidaria,scleractinia,fungiidae,lithophyllon,not_given,FALSE,FALSE,not_given,FALSE,not_given,not_given,not_given,not_given,not_given,not_given,FALSE,FALSE,not_given,FALSE,FALSE,not_given,FALSE,not_given,not_given,FALSE,FALSE,not_given,FALSE,FALSE,FALSE,FALSE,FALSE,FALSE,FALSE,FALSE,FALSE,FALSE,FALSE,hexacorallia,FALSE,FALSE,FALSE,TRUE
hard coral solitary,coralnet,,,animalia,cnidaria,scleractinia,not_given,not_given,not_given,not_given,not_given,not_given,not_given,not_given,not_given,not_given,not_given,not_given,not_given,TRUE,FALSE,not_given,FALSE,not_given,not_given,FALSE,not_given,not_given,not_given,not_given,not_given,FALSE,not_given,FALSE,FALSE,FALSE,FALSE,FALSE,FALSE,FALSE,FALSE,FALSE,hexacorallia,FALSE,FALSE,FALSE,TRUE
verongula,coralnet,,,animalia,porifera,verongiida,aplysinidae,verongula,not_given,FALSE,FALSE,FALSE,FALSE,FALSE,FALSE,FALSE,FALSE,FALSE,FALSE,FALSE,FALSE,FALSE,FALSE,FALSE,FALSE,FALSE,FALSE,FALSE,FALSE,FALSE,FALSE,FALSE,FALSE,FALSE,FALSE,FALSE,FALSE,FALSE,FALSE,FALSE,FALSE,FALSE,demospongiae,FALSE,FALSE,FALSE,TRUE
montipora capitata algal overgrowth,coralnet,,,animalia,cnidaria,scleractinia,acroporidae,montipora,montipora_capitata,FALSE,FALSE,not_given,FALSE,FALSE,FALSE,TRUE,FALSE,FALSE,not_given,FALSE,FALSE,FALSE,FALSE,TRUE,TRUE,FALSE,FALSE,FALSE,FALSE,FALSE,FALSE,FALSE,FALSE,FALSE,TRUE,FALSE,FALSE,FALSE,FALSE,FALSE,not_given,FALSE,hexacorallia,FALSE,FALSE,FALSE,TRUE
podabacia,coralnet,podabacia,mermaid,animalia,cnidaria,scleractinia,fungiidae,podabacia,not_given,FALSE,FALSE,not_given,FALSE,not_given,not_given,TRUE,FALSE,TRUE,not_given,FALSE,FALSE,not_given,FALSE,FALSE,TRUE,FALSE,not_given,not_given,FALSE,FALSE,not_given,FALSE,FALSE,FALSE,FALSE,FALSE,FALSE,FALSE,FALSE,FALSE,FALSE,FALSE,hexacorallia,FALSE,FALSE,FALSE,TRUE
bleached favites,coralnet,,,animalia,cnidaria,scleractinia,merulinidae,favites,not_given,FALSE,FALSE,not_given,FALSE,TRUE,not_given,TRUE,not_given,not_given,not_given,FALSE,FALSE,TRUE,FALSE,FALSE,FALSE,FALSE,not_given,not_given,FALSE,FALSE,not_given,FALSE,FALSE,TRUE,FALSE,FALSE,FALSE,FALSE,FALSE,FALSE,FALSE,FALSE,hexacorallia,FALSE,FALSE,FALSE,TRUE
ralfsia expansa,coralnet,,,chromista,ochrophyta,ralfsiales,neoralfsiaceae,neoralfsia,neoralfsia_expansa,FALSE,FALSE,FALSE,FALSE,FALSE,FALSE,FALSE,FALSE,FALSE,FALSE,FALSE,FALSE,FALSE,FALSE,FALSE,FALSE,FALSE,FALSE,FALSE,FALSE,FALSE,FALSE,FALSE,FALSE,FALSE,TRUE,FALSE,FALSE,FALSE,FALSE,FALSE,FALSE,FALSE,phaeophyceae,FALSE,FALSE,FALSE,FALSE
acropora humilis,coralnet,acropora humilis,mermaid,animalia,cnidaria,scleractinia,acroporidae,acropora,acropora_humilis,FALSE,not_given,FALSE,FALSE,FALSE,FALSE,FALSE,not_given,FALSE,FALSE,FALSE,FALSE,FALSE,FALSE,TRUE,FALSE,FALSE,FALSE,FALSE,FALSE,TRUE,FALSE,FALSE,FALSE,FALSE,FALSE,FALSE,FALSE,FALSE,FALSE,FALSE,FALSE,FALSE,hexacorallia,FALSE,FALSE,FALSE,TRUE
porites dead,coralnet,porites dead,coralscapes_v2,animalia,cnidaria,scleractinia,poritidae,porites,not_given,FALSE,not_given,not_given,FALSE,TRUE,FALSE,not_given,not_given,not_given,not_given,FALSE,FALSE,not_given,FALSE,not_given,not_given,FALSE,FALSE,FALSE,FALSE,not_given,FALSE,FALSE,not_given,FALSE,FALSE,FALSE,FALSE,FALSE,FALSE,FALSE,FALSE,FALSE,hexacorallia,FALSE,FALSE,not_given,FALSE
orbicella spp.,coralnet,orbicella,mermaid,animalia,cnidaria,scleractinia,merulinidae,orbicella,not_given,not_given,not_given,not_given,not_given,TRUE,not_given,not_given,not_given,not_given,not_given,FALSE,FALSE,not_given,FALSE,not_given,not_given,FALSE,not_given,not_given,not_given,not_given,not_given,FALSE,not_given,FALSE,FALSE,FALSE,FALSE,FALSE,FALSE,FALSE,FALSE,FALSE,hexacorallia,FALSE,FALSE,FALSE,TRUE
seriatopora hystrix,coralnet,seriatopora hystrix,mermaid,animalia,cnidaria,scleractinia,pocilloporidae,seriatopora,seriatopora_hystrix,FALSE,FALSE,FALSE,FALSE,FALSE,FALSE,FALSE,not_given,FALSE,FALSE,FALSE,FALSE,FALSE,FALSE,TRUE,FALSE,FALSE,FALSE,FALSE,not_given,not_given,FALSE,FALSE,FALSE,FALSE,FALSE,FALSE,FALSE,FALSE,FALSE,FALSE,FALSE,FALSE,hexacorallia,FALSE,FALSE,FALSE,TRUE
euphyllia,coralnet,euphyllia,mermaid,animalia,cnidaria,scleractinia,euphylliidae,euphyllia,not_given,FALSE,FALSE,not_given,FALSE,not_given,TRUE,not_given,FALSE,FALSE,not_given,FALSE,FALSE,not_given,TRUE,FALSE,not_given,FALSE,TRUE,not_given,FALSE,FALSE,not_given,TRUE,FALSE,FALSE,FALSE,FALSE,FALSE,FALSE,FALSE,FALSE,FALSE,FALSE,hexacorallia,FALSE,FALSE,FALSE,TRUE
agaricia grahamae,coralnet,agaricia grahamae,mermaid,animalia,cnidaria,scleractinia,agariciidae,agaricia,agaricia_grahamae,not_given,FALSE,not_given,not_given,not_given,not_given,not_given,FALSE,not_given,not_given,FALSE,FALSE,not_given,FALSE,not_given,TRUE,FALSE,not_given,not_given,not_given,not_given,not_given,FALSE,not_given,FALSE,FALSE,FALSE,FALSE,FALSE,FALSE,FALSE,FALSE,FALSE,hexacorallia,FALSE,FALSE,FALSE,TRUE
bleached stylophora,coralnet,stylophora bleached,coralscapes_v2,animalia,cnidaria,scleractinia,pocilloporidae,stylophora,not_given,not_given,FALSE,not_given,not_given,FALSE,not_given,FALSE,not_given,FALSE,FALSE,FALSE,FALSE,FALSE,FALSE,TRUE,FALSE,FALSE,FALSE,not_given,not_given,not_given,not_given,FALSE,FALSE,TRUE,FALSE,FALSE,FALSE,FALSE,FALSE,FALSE,FALSE,FALSE,hexacorallia,FALSE,FALSE,FALSE,TRUE
laurencia spp.,coralnet,laurencia,mermaid,not_given,rhodophyta,ceramiales,rhodomelaceae,laurencia,not_given,FALSE,FALSE,FALSE,FALSE,FALSE,FALSE,FALSE,FALSE,FALSE,FALSE,FALSE,FALSE,FALSE,FALSE,FALSE,FALSE,FALSE,FALSE,FALSE,FALSE,FALSE,FALSE,FALSE,FALSE,FALSE,TRUE,FALSE,not_given,FALSE,FALSE,FALSE,FALSE,FALSE,florideophyceae,FALSE,FALSE,FALSE,FALSE
sabellidae,coralnet,sabellidae,mermaid,animalia,annelida,sabellida,sabellidae,not_given,not_given,FALSE,FALSE,FALSE,FALSE,FALSE,FALSE,FALSE,FALSE,FALSE,FALSE,FALSE,FALSE,FALSE,FALSE,FALSE,FALSE,FALSE,FALSE,FALSE,FALSE,FALSE,FALSE,FALSE,FALSE,FALSE,FALSE,FALSE,FALSE,FALSE,FALSE,FALSE,FALSE,FALSE,polychaeta,FALSE,FALSE,FALSE,TRUE
porites algal overgrowth,coralnet,algae covered porites,coralscapes_v2,animalia,cnidaria,scleractinia,poritidae,porites,not_given,FALSE,FALSE,not_given,FALSE,TRUE,FALSE,not_given,not_given,not_given,not_given,FALSE,FALSE,not_given,FALSE,FALSE,not_given,FALSE,FALSE,FALSE,FALSE,FALSE,FALSE,FALSE,FALSE,FALSE,TRUE,FALSE,FALSE,FALSE,FALSE,FALSE,not_given,FALSE,hexacorallia,FALSE,FALSE,not_given,FALSE
desmapsama sp.,coralnet,,,animalia,porifera,poecilosclerida,desmacididae,desmapsamma,not_given,FALSE,FALSE,FALSE,FALSE,FALSE,FALSE,FALSE,FALSE,FALSE,FALSE,FALSE,FALSE,FALSE,FALSE,FALSE,FALSE,FALSE,FALSE,FALSE,FALSE,FALSE,FALSE,FALSE,FALSE,FALSE,FALSE,FALSE,FALSE,FALSE,FALSE,FALSE,FALSE,FALSE,demospongiae,FALSE,FALSE,FALSE,TRUE
isophyllia rigida,coralnet,isophyllia rigida,mermaid,animalia,cnidaria,scleractinia,mussidae,isophyllia,isophyllia_rigida,FALSE,FALSE,TRUE,FALSE,TRUE,not_given,not_given,FALSE,FALSE,not_given,FALSE,FALSE,not_given,FALSE,FALSE,not_given,FALSE,not_given,not_given,FALSE,FALSE,not_given,FALSE,FALSE,FALSE,FALSE,FALSE,FALSE,FALSE,FALSE,FALSE,FALSE,FALSE,hexacorallia,FALSE,FALSE,FALSE,TRUE
bleached pavona duerdeni,coralnet,,,animalia,cnidaria,scleractinia,agariciidae,pavona,pavona_duerdeni,FALSE,not_given,not_given,FALSE,TRUE,FALSE,not_given,not_given,not_given,not_given,FALSE,FALSE,not_given,FALSE,not_given,not_given,FALSE,not_given,FALSE,FALSE,not_given,FALSE,FALSE,not_given,TRUE,FALSE,FALSE,FALSE,FALSE,FALSE,FALSE,FALSE,FALSE,hexacorallia,FALSE,FALSE,FALSE,TRUE
porites solida,coralnet,,,animalia,cnidaria,scleractinia,poritidae,porites,porites_solida,FALSE,not_given,not_given,FALSE,TRUE,FALSE,not_given,not_given,not_given,not_given,FALSE,FALSE,not_given,FALSE,not_given,not_given,FALSE,not_given,FALSE,FALSE,not_given,FALSE,FALSE,not_given,FALSE,FALSE,FALSE,FALSE,FALSE,FALSE,FALSE,FALSE,FALSE,hexacorallia,FALSE,FALSE,FALSE,TRUE
tubastraea coccinea,coralnet,tubastraea coccinea,mermaid,animalia,cnidaria,scleractinia,dendrophylliidae,tubastraea,tubastraea_coccinea,not_given,not_given,not_given,not_given,not_given,not_given,not_given,not_given,not_given,not_given,FALSE,TRUE,not_given,FALSE,not_given,not_given,FALSE,not_given,not_given,not_given,not_given,not_given,FALSE,not_given,FALSE,FALSE,FALSE,FALSE,FALSE,FALSE,FALSE,FALSE,FALSE,hexacorallia,FALSE,FALSE,FALSE,TRUE
vermetidae,coralnet,,,animalia,mollusca,littorinimorpha,vermetidae,not_given,not_given,FALSE,FALSE,FALSE,FALSE,FALSE,FALSE,FALSE,FALSE,FALSE,FALSE,FALSE,FALSE,FALSE,FALSE,FALSE,FALSE,FALSE,FALSE,FALSE,FALSE,FALSE,FALSE,FALSE,FALSE,FALSE,FALSE,FALSE,FALSE,FALSE,FALSE,FALSE,FALSE,FALSE,gastropoda,FALSE,FALSE,FALSE,TRUE
coeloseris,coralnet,coeloseris,mermaid,animalia,cnidaria,scleractinia,euphylliidae,coeloseris,not_given,not_given,not_given,not_given,not_given,TRUE,not_given,not_given,not_given,not_given,not_given,FALSE,FALSE,not_given,FALSE,not_given,not_given,FALSE,not_given,not_given,not_given,not_given,not_given,FALSE,not_given,FALSE,FALSE,FALSE,FALSE,FALSE,FALSE,FALSE,FALSE,FALSE,hexacorallia,FALSE,FALSE,FALSE,TRUE
porites branneri,coralnet,porites branneri,mermaid,animalia,cnidaria,scleractinia,poritidae,porites,porites_branneri,FALSE,FALSE,not_given,FALSE,not_given,FALSE,TRUE,FALSE,not_given,not_given,FALSE,FALSE,TRUE,FALSE,FALSE,TRUE,FALSE,not_given,FALSE,FALSE,FALSE,FALSE,FALSE,FALSE,FALSE,FALSE,FALSE,FALSE,FALSE,FALSE,FALSE,FALSE,FALSE,hexacorallia,FALSE,FALSE,FALSE,TRUE
agaricia fragilis,coralnet,agaricia fragilis,mermaid,animalia,cnidaria,scleractinia,agariciidae,agaricia,agaricia_fragilis,FALSE,FALSE,not_given,FALSE,not_given,not_given,not_given,FALSE,not_given,not_given,FALSE,FALSE,not_given,FALSE,FALSE,TRUE,FALSE,not_given,not_given,FALSE,FALSE,not_given,FALSE,not_given,FALSE,FALSE,FALSE,FALSE,FALSE,FALSE,FALSE,FALSE,FALSE,hexacorallia,FALSE,FALSE,FALSE,TRUE
caulerpa serrulata,coralnet,,,not_given,chlorophyta,bryopsidales,caulerpaceae,caulerpa,caulerpa_serrulata,FALSE,FALSE,FALSE,FALSE,FALSE,FALSE,FALSE,FALSE,FALSE,FALSE,FALSE,FALSE,FALSE,FALSE,FALSE,FALSE,FALSE,FALSE,FALSE,FALSE,FALSE,FALSE,FALSE,FALSE,FALSE,TRUE,FALSE,not_given,FALSE,FALSE,FALSE,FALSE,FALSE,ulvophyceae,FALSE,FALSE,FALSE,FALSE
mycetophyllia ferox,coralnet,mycetophyllia ferox,mermaid,animalia,cnidaria,scleractinia,mussidae,mycetophyllia,mycetophyllia_ferox,FALSE,FALSE,TRUE,FALSE,not_given,not_given,not_given,FALSE,FALSE,not_given,FALSE,FALSE,not_given,FALSE,FALSE,TRUE,FALSE,TRUE,not_given,FALSE,FALSE,not_given,not_given,FALSE,FALSE,FALSE,FALSE,FALSE,FALSE,FALSE,FALSE,FALSE,FALSE,hexacorallia,FALSE,FALSE,FALSE,TRUE
mussa angulosa,coralnet,mussa angulosa,mermaid,animalia,cnidaria,scleractinia,mussidae,mussa,mussa_angulosa,FALSE,FALSE,TRUE,FALSE,TRUE,not_given,not_given,FALSE,FALSE,not_given,FALSE,FALSE,not_given,FALSE,FALSE,not_given,FALSE,TRUE,TRUE,FALSE,FALSE,not_given,TRUE,FALSE,FALSE,FALSE,FALSE,FALSE,FALSE,FALSE,FALSE,FALSE,FALSE,hexacorallia,FALSE,FALSE,FALSE,TRUE
montipora verrucosa,coralnet,montipora verrucosa,mermaid,animalia,cnidaria,scleractinia,acroporidae,montipora,montipora_verrucosa,FALSE,FALSE,not_given,FALSE,not_given,FALSE,TRUE,FALSE,not_given,TRUE,FALSE,FALSE,TRUE,FALSE,FALSE,TRUE,FALSE,not_given,FALSE,FALSE,FALSE,FALSE,FALSE,FALSE,FALSE,FALSE,FALSE,FALSE,FALSE,FALSE,FALSE,FALSE,FALSE,hexacorallia,FALSE,FALSE,FALSE,TRUE
bleached porites,coralnet,porites bleached,coralscapes_v2,animalia,cnidaria,scleractinia,poritidae,porites,not_given,FALSE,not_given,not_given,FALSE,TRUE,FALSE,not_given,not_given,not_given,not_given,FALSE,FALSE,not_given,FALSE,not_given,not_given,FALSE,FALSE,FALSE,FALSE,not_given,FALSE,FALSE,not_given,TRUE,FALSE,FALSE,FALSE,FALSE,FALSE,FALSE,FALSE,FALSE,hexacorallia,FALSE,FALSE,FALSE,TRUE
porites hawaiiensis,coralnet,,,animalia,cnidaria,scleractinia,poritidae,porites,porites_hawaiiensis,FALSE,FALSE,not_given,FALSE,TRUE,FALSE,TRUE,not_given,not_given,not_given,FALSE,FALSE,TRUE,FALSE,FALSE,not_given,FALSE,not_given,FALSE,FALSE,FALSE,FALSE,FALSE,FALSE,FALSE,FALSE,FALSE,FALSE,FALSE,FALSE,FALSE,FALSE,FALSE,hexacorallia,FALSE,FALSE,FALSE,TRUE
branching soft coral,coralnet,soft coral (malacalcyonacea) alive,coralscapes_v2,animalia,cnidaria,malacalcyonacea,not_given,not_given,not_given,not_given,not_given,not_given,not_given,not_given,not_given,not_given,not_given,not_given,not_given,not_given,not_given,not_given,not_given,not_given,not_given,not_given,not_given,not_given,not_given,not_given,not_given,not_given,not_given,FALSE,FALSE,FALSE,FALSE,FALSE,FALSE,FALSE,FALSE,FALSE,octocorallia,FALSE,FALSE,FALSE,TRUE
recruit,coralnet,,,animalia,cnidaria,not_given,not_given,not_given,not_given,not_given,not_given,not_given,not_given,not_given,not_given,not_given,not_given,not_given,not_given,not_given,not_given,not_given,not_given,not_given,not_given,not_given,not_given,not_given,not_given,not_given,not_given,not_given,not_given,FALSE,FALSE,FALSE,FALSE,FALSE,FALSE,FALSE,FALSE,FALSE,not_given,FALSE,FALSE,FALSE,TRUE
trichogloea,coralnet,,,plantae,rhodophyta,nemaliales,liagoraceae,trichogloea,not_given,FALSE,FALSE,FALSE,FALSE,FALSE,FALSE,FALSE,FALSE,FALSE,FALSE,FALSE,FALSE,FALSE,FALSE,FALSE,FALSE,FALSE,FALSE,FALSE,FALSE,FALSE,FALSE,FALSE,FALSE,FALSE,TRUE,FALSE,FALSE,FALSE,FALSE,FALSE,FALSE,FALSE,florideophyceae,FALSE,FALSE,FALSE,FALSE
madracis pharensis,coralnet,madracis pharensis,mermaid,animalia,cnidaria,scleractinia,pocilloporidae,madracis,madracis_pharensis,FALSE,FALSE,not_given,FALSE,not_given,not_given,TRUE,not_given,not_given,not_given,FALSE,FALSE,TRUE,FALSE,FALSE,not_given,FALSE,not_given,not_given,FALSE,FALSE,not_given,FALSE,FALSE,FALSE,FALSE,FALSE,FALSE,FALSE,FALSE,FALSE,FALSE,FALSE,hexacorallia,FALSE,FALSE,FALSE,TRUE
stylaster roseus,coralnet,,,animalia,cnidaria,anthoathecata,stylasteridae,stylaster,stylaster_roseus,not_given,not_given,not_given,not_given,not_given,not_given,not_given,not_given,not_given,not_given,not_given,not_given,not_given,not_given,not_given,not_given,not_given,not_given,not_given,not_given,not_given,not_given,not_given,not_given,FALSE,FALSE,FALSE,FALSE,FALSE,FALSE,FALSE,FALSE,FALSE,hydrozoa,FALSE,FALSE,FALSE,TRUE
halymenia sp.,coralnet,halymenia,mermaid,not_given,rhodophyta,halymeniales,halymeniaceae,halymenia,not_given,FALSE,FALSE,FALSE,FALSE,FALSE,FALSE,FALSE,FALSE,FALSE,FALSE,FALSE,FALSE,FALSE,FALSE,FALSE,FALSE,FALSE,FALSE,FALSE,FALSE,FALSE,FALSE,FALSE,FALSE,FALSE,TRUE,FALSE,not_given,FALSE,FALSE,FALSE,FALSE,FALSE,florideophyceae,FALSE,FALSE,FALSE,FALSE
neomeris spp.,coralnet,neomeris,mermaid,plantae,chlorophyta,dasycladales,dasycladaceae,neomeris,not_given,FALSE,FALSE,FALSE,FALSE,FALSE,FALSE,FALSE,FALSE,FALSE,FALSE,FALSE,FALSE,FALSE,FALSE,FALSE,FALSE,FALSE,FALSE,FALSE,FALSE,FALSE,FALSE,FALSE,FALSE,FALSE,TRUE,FALSE,FALSE,FALSE,FALSE,FALSE,FALSE,FALSE,ulvophyceae,FALSE,FALSE,FALSE,FALSE
cred-wire and black coral,coralnet,antipatharia,mermaid,animalia,cnidaria,antipatharia,not_given,not_given,not_given,not_given,not_given,not_given,not_given,not_given,not_given,not_given,not_given,not_given,not_given,not_given,not_given,not_given,not_given,not_given,not_given,not_given,not_given,not_given,not_given,not_given,not_given,not_given,not_given,FALSE,FALSE,FALSE,FALSE,FALSE,FALSE,FALSE,FALSE,FALSE,hexacorallia,FALSE,FALSE,FALSE,TRUE
diseased coral,coralnet,other coral dead,coralscapes_v2,animalia,cnidaria,not_given,not_given,not_given,not_given,not_given,not_given,not_given,not_given,not_given,not_given,not_given,not_given,not_given,not_given,not_given,not_given,not_given,not_given,not_given,not_given,not_given,not_given,not_given,not_given,not_given,not_given,not_given,not_given,FALSE,FALSE,FALSE,FALSE,FALSE,FALSE,FALSE,FALSE,FALSE,not_given,FALSE,FALSE,not_given,FALSE
crinoids.,coralnet,crinoid,mermaid,animalia,echinodermata,not_given,not_given,not_given,not_given,FALSE,FALSE,FALSE,FALSE,FALSE,FALSE,FALSE,FALSE,FALSE,FALSE,FALSE,FALSE,FALSE,FALSE,FALSE,FALSE,FALSE,FALSE,FALSE,FALSE,FALSE,FALSE,FALSE,FALSE,FALSE,FALSE,FALSE,FALSE,FALSE,FALSE,FALSE,FALSE,FALSE,crinoidea,FALSE,FALSE,FALSE,TRUE
mycetophyllia lamarckana,coralnet,mycetophyllia lamarckiana,mermaid,animalia,cnidaria,scleractinia,mussidae,mycetophyllia,mycetophyllia_lamarckiana,FALSE,FALSE,TRUE,FALSE,not_given,not_given,not_given,FALSE,FALSE,not_given,FALSE,FALSE,not_given,FALSE,FALSE,TRUE,FALSE,TRUE,not_given,FALSE,FALSE,not_given,not_given,FALSE,FALSE,FALSE,FALSE,FALSE,FALSE,FALSE,FALSE,FALSE,FALSE,hexacorallia,FALSE,FALSE,FALSE,TRUE
solenastrea hyades,coralnet,solenastrea hyades,mermaid,animalia,cnidaria,scleractinia,faviidae,solenastrea,solenastrea_hyades,not_given,not_given,not_given,not_given,TRUE,not_given,not_given,not_given,not_given,TRUE,FALSE,FALSE,TRUE,FALSE,not_given,not_given,FALSE,not_given,not_given,not_given,not_given,not_given,FALSE,not_given,FALSE,FALSE,FALSE,FALSE,FALSE,FALSE,FALSE,FALSE,FALSE,hexacorallia,FALSE,FALSE,FALSE,TRUE
plakortis,coralnet,,,animalia,porifera,homosclerophorida,plakinidae,plakortis,not_given,FALSE,FALSE,FALSE,FALSE,FALSE,FALSE,FALSE,FALSE,FALSE,FALSE,FALSE,FALSE,FALSE,FALSE,FALSE,FALSE,FALSE,FALSE,FALSE,FALSE,FALSE,FALSE,FALSE,FALSE,FALSE,FALSE,FALSE,FALSE,FALSE,FALSE,FALSE,FALSE,FALSE,homoscleromorpha,FALSE,FALSE,FALSE,TRUE
colpophyllia breviserialis,coralnet,,,animalia,cnidaria,scleractinia,mussidae,colpophyllia,colpophyllia_breviserialis,FALSE,FALSE,TRUE,FALSE,TRUE,not_given,not_given,FALSE,FALSE,not_given,FALSE,FALSE,not_given,FALSE,FALSE,not_given,FALSE,TRUE,not_given,FALSE,FALSE,not_given,not_given,FALSE,FALSE,FALSE,FALSE,FALSE,FALSE,FALSE,FALSE,FALSE,FALSE,hexacorallia,FALSE,FALSE,FALSE,TRUE
scolymia lacera,coralnet,scolymia lacera,mermaid,animalia,cnidaria,scleractinia,mussidae,scolymia,scolymia_lacera,FALSE,FALSE,not_given,FALSE,not_given,not_given,not_given,FALSE,FALSE,not_given,TRUE,FALSE,not_given,FALSE,FALSE,not_given,FALSE,TRUE,not_given,FALSE,FALSE,not_given,not_given,FALSE,FALSE,FALSE,FALSE,FALSE,FALSE,FALSE,FALSE,FALSE,FALSE,hexacorallia,FALSE,FALSE,FALSE,TRUE
millepora squarrosa,coralnet,millepora squarrosa,mermaid,animalia,cnidaria,anthoathecata,milleporidae,millepora,millepora_squarrosa,not_given,not_given,not_given,not_given,not_given,not_given,not_given,not_given,not_given,not_given,not_given,not_given,not_given,not_given,not_given,not_given,not_given,not_given,not_given,not_given,not_given,not_given,not_given,not_given,FALSE,FALSE,FALSE,FALSE,FALSE,FALSE,FALSE,FALSE,FALSE,hydrozoa,FALSE,FALSE,FALSE,TRUE
acropora prolifera,coralnet,acropora prolifera,mermaid,animalia,cnidaria,scleractinia,acroporidae,acropora,acropora_prolifera,FALSE,FALSE,FALSE,FALSE,FALSE,FALSE,FALSE,not_given,FALSE,FALSE,FALSE,FALSE,FALSE,FALSE,TRUE,FALSE,FALSE,FALSE,FALSE,not_given,FALSE,FALSE,FALSE,FALSE,FALSE,FALSE,FALSE,FALSE,FALSE,FALSE,FALSE,FALSE,FALSE,hexacorallia,FALSE,FALSE,FALSE,TRUE
manicina areolata,coralnet,manicina areolata,mermaid,animalia,cnidaria,scleractinia,mussidae,manicina,manicina_areolata,FALSE,FALSE,TRUE,FALSE,not_given,not_given,not_given,FALSE,FALSE,not_given,TRUE,FALSE,not_given,FALSE,FALSE,not_given,FALSE,TRUE,not_given,FALSE,FALSE,not_given,not_given,FALSE,FALSE,FALSE,FALSE,FALSE,FALSE,FALSE,FALSE,FALSE,FALSE,hexacorallia,FALSE,FALSE,FALSE,TRUE
acropora cytherea,coralnet,acropora cytherea,mermaid,animalia,cnidaria,scleractinia,acroporidae,acropora,acropora_cytherea,FALSE,FALSE,FALSE,FALSE,FALSE,FALSE,FALSE,FALSE,FALSE,FALSE,FALSE,FALSE,FALSE,FALSE,TRUE,not_given,FALSE,FALSE,FALSE,not_given,not_given,FALSE,FALSE,TRUE,FALSE,FALSE,FALSE,FALSE,FALSE,FALSE,FALSE,FALSE,FALSE,hexacorallia,FALSE,FALSE,FALSE,TRUE
bluegreen algae,coralnet,algae covered substrate,coralscapes_v2,none,none,none,none,none,none,FALSE,FALSE,FALSE,FALSE,FALSE,FALSE,FALSE,FALSE,FALSE,FALSE,FALSE,FALSE,FALSE,FALSE,FALSE,FALSE,FALSE,FALSE,FALSE,FALSE,FALSE,FALSE,FALSE,FALSE,FALSE,TRUE,FALSE,FALSE,FALSE,FALSE,FALSE,not_given,FALSE,none,FALSE,FALSE,FALSE,FALSE
mat blue-green macroalgae,coralnet,macroalgae,mermaid,none,none,none,none,none,none,FALSE,FALSE,FALSE,FALSE,FALSE,FALSE,FALSE,FALSE,FALSE,FALSE,FALSE,FALSE,FALSE,FALSE,FALSE,FALSE,FALSE,FALSE,FALSE,FALSE,FALSE,FALSE,FALSE,FALSE,FALSE,TRUE,FALSE,not_given,FALSE,FALSE,FALSE,TRUE,FALSE,none,FALSE,FALSE,FALSE,FALSE
oulastrea,coralnet,oulastrea,mermaid,animalia,cnidaria,scleractinia,oulastreidae,oulastrea,not_given,FALSE,FALSE,not_given,FALSE,not_given,not_given,TRUE,not_given,not_given,not_given,FALSE,FALSE,not_given,FALSE,FALSE,not_given,FALSE,not_given,not_given,FALSE,FALSE,not_given,FALSE,FALSE,FALSE,FALSE,FALSE,FALSE,FALSE,FALSE,FALSE,FALSE,FALSE,hexacorallia,FALSE,FALSE,FALSE,TRUE
gardineroseris planulata,coralnet,gardineroseris planulata,mermaid,animalia,cnidaria,scleractinia,agariciidae,gardineroseris,gardineroseris_planulata,FALSE,FALSE,not_given,FALSE,TRUE,not_given,TRUE,not_given,not_given,not_given,FALSE,FALSE,TRUE,FALSE,FALSE,not_given,FALSE,not_given,not_given,FALSE,FALSE,not_given,FALSE,FALSE,FALSE,FALSE,FALSE,FALSE,FALSE,FALSE,FALSE,FALSE,FALSE,hexacorallia,FALSE,FALSE,FALSE,TRUE
brown chrysophyte,coralnet,chrysophyceae,mermaid,not_given,ochrophyta,not_given,not_given,not_given,not_given,FALSE,FALSE,FALSE,FALSE,FALSE,FALSE,FALSE,FALSE,FALSE,FALSE,FALSE,FALSE,FALSE,FALSE,FALSE,FALSE,FALSE,FALSE,FALSE,FALSE,FALSE,FALSE,FALSE,FALSE,FALSE,FALSE,FALSE,not_given,FALSE,FALSE,FALSE,FALSE,FALSE,chrysophyceae,FALSE,FALSE,FALSE,FALSE
hard coral growth anomaly,coralnet,hard coral alive,coralscapes_v2,animalia,cnidaria,scleractinia,not_given,not_given,not_given,not_given,not_given,not_given,not_given,not_given,not_given,not_given,not_given,not_given,not_given,FALSE,FALSE,not_given,FALSE,not_given,not_given,FALSE,not_given,not_given,not_given,not_given,not_given,FALSE,not_given,FALSE,FALSE,FALSE,FALSE,FALSE,FALSE,FALSE,FALSE,FALSE,hexacorallia,FALSE,FALSE,FALSE,TRUE
holothuroidea,coralnet,sea cucumber,coralscapes_v2,animalia,echinodermata,not_given,not_given,not_given,not_given,FALSE,FALSE,FALSE,FALSE,FALSE,FALSE,FALSE,FALSE,FALSE,FALSE,FALSE,FALSE,FALSE,FALSE,FALSE,FALSE,FALSE,FALSE,FALSE,FALSE,FALSE,FALSE,FALSE,FALSE,FALSE,FALSE,FALSE,FALSE,FALSE,FALSE,FALSE,FALSE,FALSE,holothuroidea,FALSE,FALSE,FALSE,TRUE
montipora studeri,coralnet,,,animalia,cnidaria,scleractinia,acroporidae,montipora,montipora_studeri,FALSE,FALSE,not_given,FALSE,TRUE,FALSE,TRUE,FALSE,not_given,not_given,FALSE,FALSE,TRUE,FALSE,FALSE,TRUE,FALSE,not_given,FALSE,FALSE,FALSE,FALSE,FALSE,FALSE,FALSE,FALSE,FALSE,FALSE,FALSE,FALSE,FALSE,FALSE,FALSE,hexacorallia,FALSE,FALSE,FALSE,TRUE
porites evermanni bleached,coralnet,,,animalia,cnidaria,scleractinia,poritidae,porites,porites_evermanni,FALSE,not_given,not_given,FALSE,TRUE,FALSE,not_given,not_given,not_given,TRUE,FALSE,FALSE,not_given,FALSE,not_given,not_given,FALSE,not_given,FALSE,FALSE,not_given,FALSE,FALSE,not_given,TRUE,FALSE,FALSE,FALSE,FALSE,FALSE,FALSE,FALSE,FALSE,hexacorallia,FALSE,FALSE,FALSE,TRUE
pavona maldivensis,coralnet,pavona maldivensis,mermaid,animalia,cnidaria,scleractinia,agariciidae,pavona,pavona_maldivensis,FALSE,FALSE,not_given,FALSE,not_given,FALSE,not_given,FALSE,not_given,TRUE,FALSE,FALSE,not_given,FALSE,not_given,TRUE,FALSE,not_given,FALSE,FALSE,not_given,FALSE,FALSE,not_given,FALSE,FALSE,FALSE,FALSE,FALSE,FALSE,FALSE,FALSE,FALSE,hexacorallia,FALSE,FALSE,FALSE,TRUE
"the crown-of-thorns sea star, acanthaster pl",coralnet,acanthaster planci,coralscapes_v2,animalia,echinodermata,valvatida,acanthasteridae,acanthaster,acanthaster_planci,FALSE,FALSE,FALSE,FALSE,FALSE,FALSE,FALSE,FALSE,FALSE,FALSE,FALSE,FALSE,FALSE,FALSE,FALSE,FALSE,FALSE,FALSE,FALSE,FALSE,FALSE,FALSE,FALSE,FALSE,FALSE,FALSE,FALSE,FALSE,FALSE,FALSE,FALSE,FALSE,FALSE,asteroidea,FALSE,FALSE,FALSE,TRUE
pavona cactus,coralnet,pavona cactus,mermaid,animalia,cnidaria,scleractinia,agariciidae,pavona,pavona_cactus,FALSE,FALSE,not_given,FALSE,not_given,FALSE,not_given,FALSE,not_given,not_given,FALSE,FALSE,not_given,FALSE,not_given,TRUE,FALSE,not_given,FALSE,FALSE,not_given,FALSE,FALSE,not_given,FALSE,FALSE,FALSE,FALSE,FALSE,FALSE,FALSE,FALSE,FALSE,hexacorallia,FALSE,FALSE,FALSE,TRUE
molluscs: chitons,coralnet,,,animalia,mollusca,not_given,not_given,not_given,not_given,FALSE,FALSE,FALSE,FALSE,FALSE,FALSE,FALSE,FALSE,FALSE,FALSE,FALSE,FALSE,FALSE,FALSE,FALSE,FALSE,FALSE,FALSE,FALSE,FALSE,FALSE,FALSE,FALSE,FALSE,FALSE,FALSE,FALSE,FALSE,FALSE,FALSE,FALSE,FALSE,FALSE,polyplacophora,FALSE,FALSE,FALSE,TRUE
sponge (arborescent),coralnet,sponge,coralscapes_v2,animalia,porifera,not_given,not_given,not_given,not_given,FALSE,FALSE,FALSE,FALSE,FALSE,FALSE,FALSE,FALSE,FALSE,FALSE,FALSE,FALSE,FALSE,FALSE,FALSE,FALSE,FALSE,FALSE,FALSE,FALSE,FALSE,FALSE,FALSE,FALSE,FALSE,FALSE,FALSE,FALSE,FALSE,FALSE,FALSE,FALSE,FALSE,not_given,FALSE,FALSE,FALSE,TRUE
sandalolitha,coralnet,sandalolitha,mermaid,animalia,cnidaria,scleractinia,fungiidae,sandalolitha,not_given,FALSE,FALSE,not_given,FALSE,not_given,not_given,not_given,not_given,not_given,not_given,FALSE,FALSE,not_given,FALSE,FALSE,not_given,FALSE,not_given,not_given,FALSE,FALSE,not_given,FALSE,FALSE,FALSE,FALSE,FALSE,FALSE,FALSE,FALSE,FALSE,FALSE,FALSE,hexacorallia,FALSE,FALSE,FALSE,TRUE
hannia,coralnet,unknown,mermaid,none,none,none,none,none,none,FALSE,FALSE,FALSE,FALSE,FALSE,FALSE,FALSE,FALSE,FALSE,FALSE,FALSE,FALSE,FALSE,FALSE,FALSE,FALSE,FALSE,FALSE,FALSE,FALSE,FALSE,FALSE,FALSE,FALSE,FALSE,FALSE,FALSE,not_given,FALSE,FALSE,FALSE,FALSE,FALSE,none,FALSE,FALSE,FALSE,FALSE
mycetophyllia,coralnet,mycetophyllia,mermaid,animalia,cnidaria,scleractinia,mussidae,mycetophyllia,not_given,not_given,not_given,not_given,not_given,not_given,not_given,not_given,not_given,not_given,not_given,FALSE,FALSE,not_given,FALSE,not_given,not_given,FALSE,not_given,not_given,not_given,not_given,not_given,FALSE,not_given,FALSE,FALSE,FALSE,FALSE,FALSE,FALSE,FALSE,FALSE,FALSE,hexacorallia,FALSE,FALSE,FALSE,TRUE
helioseris cucullata,coralnet,helioseris cucullata,mermaid,animalia,cnidaria,scleractinia,agariciidae,helioseris,helioseris_cucullata,not_given,FALSE,not_given,not_given,not_given,not_given,not_given,FALSE,TRUE,not_given,FALSE,FALSE,not_given,FALSE,not_given,TRUE,FALSE,not_given,not_given,not_given,not_given,not_given,FALSE,not_given,FALSE,FALSE,FALSE,FALSE,FALSE,FALSE,FALSE,FALSE,FALSE,hexacorallia,FALSE,FALSE,FALSE,TRUE
scinaia spp,coralnet,,,plantae,rhodophyta,nemaliales,scinaiaceae,scinaia,not_given,FALSE,FALSE,FALSE,FALSE,FALSE,FALSE,FALSE,FALSE,FALSE,FALSE,FALSE,FALSE,FALSE,FALSE,FALSE,FALSE,FALSE,FALSE,FALSE,FALSE,FALSE,FALSE,FALSE,FALSE,FALSE,TRUE,FALSE,FALSE,FALSE,FALSE,FALSE,FALSE,FALSE,florideophyceae,FALSE,FALSE,FALSE,FALSE
calcifying algae,coralnet,,,none,none,none,none,none,none,FALSE,FALSE,FALSE,FALSE,FALSE,FALSE,FALSE,FALSE,FALSE,FALSE,FALSE,FALSE,FALSE,FALSE,FALSE,FALSE,FALSE,FALSE,FALSE,FALSE,FALSE,FALSE,FALSE,FALSE,FALSE,TRUE,FALSE,not_given,FALSE,FALSE,FALSE,not_given,FALSE,none,FALSE,FALSE,FALSE,FALSE
callyspongia viridis,coralnet,,,animalia,porifera,haplosclerida,callyspongiidae,callyspongia,callyspongia_viridis,FALSE,FALSE,FALSE,FALSE,FALSE,FALSE,FALSE,FALSE,FALSE,FALSE,FALSE,FALSE,FALSE,FALSE,FALSE,FALSE,FALSE,FALSE,FALSE,FALSE,FALSE,FALSE,FALSE,FALSE,FALSE,FALSE,FALSE,FALSE,FALSE,FALSE,FALSE,FALSE,FALSE,demospongiae,FALSE,FALSE,FALSE,TRUE
not coral,coralnet,other,mermaid,not_given,not_given,not_given,not_given,not_given,not_given,not_given,not_given,not_given,not_given,not_given,not_given,not_given,not_given,not_given,not_given,not_given,not_given,not_given,not_given,not_given,not_given,not_given,not_given,not_given,not_given,not_given,not_given,not_given,not_given,not_given,not_given,not_given,not_given,not_given,not_given,FALSE,not_given,not_given,not_given,not_given,not_given,not_given,FALSE
turfy biotic matrix,coralnet,algae covered substrate,coralscapes_v2,none,none,none,none,none,none,FALSE,FALSE,FALSE,FALSE,FALSE,FALSE,FALSE,FALSE,FALSE,FALSE,FALSE,FALSE,FALSE,FALSE,FALSE,FALSE,FALSE,FALSE,FALSE,FALSE,FALSE,FALSE,FALSE,FALSE,FALSE,TRUE,FALSE,FALSE,FALSE,FALSE,FALSE,not_given,FALSE,none,FALSE,FALSE,FALSE,FALSE
thin sediment over rock,coralnet,rubble,coralscapes_v2,none,none,none,none,none,none,FALSE,FALSE,FALSE,FALSE,FALSE,FALSE,FALSE,FALSE,FALSE,FALSE,FALSE,FALSE,FALSE,FALSE,FALSE,FALSE,FALSE,FALSE,FALSE,FALSE,FALSE,FALSE,FALSE,FALSE,FALSE,FALSE,FALSE,FALSE,FALSE,FALSE,FALSE,FALSE,FALSE,none,FALSE,not_given,not_given,FALSE
encrusting algae,coralnet,algae covered substrate,coralscapes_v2,none,none,none,none,none,none,FALSE,FALSE,FALSE,FALSE,FALSE,FALSE,FALSE,FALSE,FALSE,FALSE,FALSE,FALSE,FALSE,FALSE,FALSE,FALSE,FALSE,FALSE,FALSE,FALSE,FALSE,FALSE,FALSE,FALSE,FALSE,TRUE,FALSE,FALSE,FALSE,FALSE,FALSE,not_given,FALSE,none,FALSE,FALSE,FALSE,FALSE
bare/turf,coralnet,algae covered substrate,coralscapes_v2,none,none,none,none,none,none,FALSE,FALSE,FALSE,FALSE,FALSE,FALSE,FALSE,FALSE,FALSE,FALSE,FALSE,FALSE,FALSE,FALSE,FALSE,FALSE,FALSE,FALSE,FALSE,FALSE,FALSE,FALSE,FALSE,FALSE,FALSE,TRUE,FALSE,FALSE,FALSE,FALSE,FALSE,not_given,FALSE,none,FALSE,FALSE,FALSE,FALSE
porites (lof),coralnet,porites alive,coralscapes_v2,animalia,cnidaria,scleractinia,poritidae,porites,not_given,FALSE,not_given,not_given,FALSE,TRUE,FALSE,not_given,not_given,not_given,not_given,FALSE,FALSE,not_given,FALSE,not_given,not_given,FALSE,FALSE,FALSE,FALSE,not_given,FALSE,FALSE,not_given,FALSE,FALSE,FALSE,FALSE,FALSE,FALSE,FALSE,FALSE,FALSE,hexacorallia,FALSE,FALSE,FALSE,TRUE
porites healthy,coralnet,porites alive,coralscapes_v2,animalia,cnidaria,scleractinia,poritidae,porites,not_given,FALSE,not_given,not_given,FALSE,TRUE,FALSE,not_given,not_given,not_given,not_given,FALSE,FALSE,not_given,FALSE,not_given,not_given,FALSE,FALSE,FALSE,FALSE,not_given,FALSE,FALSE,not_given,FALSE,FALSE,FALSE,FALSE,FALSE,FALSE,FALSE,FALSE,FALSE,hexacorallia,FALSE,FALSE,FALSE,TRUE
acropora branching healthy,coralnet,acropora alive,coralscapes_v2,animalia,cnidaria,scleractinia,acroporidae,acropora,not_given,FALSE,not_given,FALSE,FALSE,FALSE,FALSE,FALSE,not_given,FALSE,FALSE,FALSE,FALSE,FALSE,FALSE,TRUE,not_given,FALSE,FALSE,FALSE,not_given,not_given,FALSE,FALSE,not_given,FALSE,FALSE,FALSE,FALSE,FALSE,FALSE,FALSE,FALSE,FALSE,hexacorallia,FALSE,FALSE,FALSE,TRUE
cca_knobby,coralnet,crustose coralline algae,mermaid,not_given,rhodophyta,corallinales,not_given,not_given,not_given,FALSE,FALSE,FALSE,FALSE,FALSE,FALSE,FALSE,FALSE,FALSE,FALSE,FALSE,FALSE,FALSE,FALSE,FALSE,FALSE,FALSE,FALSE,FALSE,FALSE,FALSE,FALSE,FALSE,FALSE,FALSE,TRUE,FALSE,not_given,FALSE,FALSE,FALSE,FALSE,FALSE,florideophyceae,FALSE,FALSE,not_given,FALSE
ascidians,coralnet,ascidian,mermaid,animalia,chordata,not_given,not_given,not_given,not_given,FALSE,FALSE,FALSE,FALSE,FALSE,FALSE,FALSE,FALSE,FALSE,FALSE,FALSE,FALSE,FALSE,FALSE,FALSE,FALSE,FALSE,FALSE,FALSE,FALSE,FALSE,FALSE,FALSE,FALSE,FALSE,FALSE,FALSE,FALSE,FALSE,FALSE,FALSE,FALSE,FALSE,ascidiacea,FALSE,FALSE,FALSE,TRUE
out-planted colony,coralnet,hard coral alive,coralscapes_v2,animalia,cnidaria,scleractinia,not_given,not_given,not_given,not_given,not_given,not_given,not_given,not_given,not_given,not_given,not_given,not_given,not_given,FALSE,FALSE,not_given,FALSE,not_given,not_given,FALSE,not_given,not_given,not_given,not_given,not_given,FALSE,not_given,FALSE,FALSE,FALSE,FALSE,FALSE,FALSE,FALSE,FALSE,FALSE,hexacorallia,FALSE,FALSE,FALSE,TRUE
montipora grisea,coralnet,,,animalia,cnidaria,scleractinia,acroporidae,montipora,montipora_grisea,FALSE,FALSE,not_given,FALSE,TRUE,FALSE,TRUE,FALSE,not_given,not_given,FALSE,FALSE,not_given,FALSE,FALSE,TRUE,FALSE,FALSE,FALSE,FALSE,FALSE,FALSE,FALSE,FALSE,FALSE,FALSE,FALSE,FALSE,FALSE,FALSE,FALSE,FALSE,FALSE,hexacorallia,FALSE,FALSE,FALSE,TRUE
xenia crassa,coralnet,,,animalia,cnidaria,malacalcyonacea,xeniidae,xenia,xenia_crasssa,not_given,not_given,not_given,not_given,not_given,not_given,not_given,not_given,not_given,not_given,not_given,not_given,not_given,not_given,not_given,not_given,not_given,not_given,not_given,not_given,not_given,not_given,not_given,not_given,FALSE,FALSE,FALSE,FALSE,FALSE,FALSE,FALSE,FALSE,FALSE,octocorallia,FALSE,FALSE,FALSE,TRUE
condition_fully bleached,coralnet,other coral bleached,coralscapes_v2,animalia,cnidaria,not_given,not_given,not_given,not_given,not_given,not_given,not_given,not_given,not_given,not_given,not_given,not_given,not_given,not_given,not_given,not_given,not_given,not_given,not_given,not_given,not_given,not_given,not_given,not_given,not_given,not_given,not_given,not_given,TRUE,FALSE,FALSE,FALSE,FALSE,FALSE,FALSE,FALSE,FALSE,not_given,FALSE,FALSE,FALSE,TRUE
unknown-19,coralnet,other,mermaid,not_given,not_given,not_given,not_given,not_given,not_given,not_given,not_given,not_given,not_given,not_given,not_given,not_given,not_given,not_given,not_given,not_given,not_given,not_given,not_given,not_given,not_given,not_given,not_given,not_given,not_given,not_given,not_given,not_given,not_given,not_given,not_given,not_given,not_given,not_given,not_given,FALSE,not_given,not_given,not_given,not_given,not_given,not_given,FALSE
rhodophyta,coralnet,rhodophyta,mermaid,not_given,rhodophyta,not_given,not_given,not_given,not_given,FALSE,FALSE,FALSE,FALSE,FALSE,FALSE,FALSE,FALSE,FALSE,FALSE,FALSE,FALSE,FALSE,FALSE,FALSE,FALSE,FALSE,FALSE,FALSE,FALSE,FALSE,FALSE,FALSE,FALSE,FALSE,TRUE,FALSE,not_given,FALSE,FALSE,FALSE,FALSE,FALSE,not_given,FALSE,FALSE,FALSE,FALSE
isopora healthy,coralnet,isopora,mermaid,animalia,cnidaria,scleractinia,acroporidae,isopora,not_given,not_given,not_given,not_given,not_given,not_given,not_given,not_given,not_given,not_given,not_given,FALSE,FALSE,not_given,FALSE,not_given,not_given,FALSE,not_given,not_given,not_given,not_given,not_given,FALSE,not_given,FALSE,FALSE,FALSE,FALSE,FALSE,FALSE,FALSE,FALSE,FALSE,hexacorallia,FALSE,FALSE,FALSE,TRUE
porites pale,coralnet,porites,mermaid,animalia,cnidaria,scleractinia,poritidae,porites,not_given,FALSE,not_given,not_given,FALSE,not_given,FALSE,not_given,not_given,not_given,not_given,FALSE,FALSE,not_given,FALSE,not_given,not_given,FALSE,not_given,FALSE,FALSE,not_given,FALSE,FALSE,not_given,FALSE,FALSE,FALSE,FALSE,FALSE,FALSE,FALSE,FALSE,FALSE,hexacorallia,FALSE,FALSE,FALSE,TRUE
low tide partial mortality,coralnet,other,mermaid,not_given,not_given,not_given,not_given,not_given,not_given,not_given,not_given,not_given,not_given,not_given,not_given,not_given,not_given,not_given,not_given,not_given,not_given,not_given,not_given,not_given,not_given,not_given,not_given,not_given,not_given,not_given,not_given,not_given,not_given,not_given,not_given,not_given,not_given,not_given,not_given,FALSE,not_given,not_given,not_given,not_given,not_given,not_given,FALSE
sand and gravel - cyanobacteria,coralnet,cyanobacteria,mermaid,bacillati,cyanobacteriota,not_given,not_given,not_given,not_given,FALSE,FALSE,FALSE,FALSE,FALSE,FALSE,FALSE,FALSE,FALSE,FALSE,FALSE,FALSE,FALSE,FALSE,FALSE,FALSE,FALSE,FALSE,FALSE,FALSE,FALSE,FALSE,FALSE,FALSE,FALSE,FALSE,FALSE,FALSE,FALSE,FALSE,FALSE,FALSE,FALSE,not_given,FALSE,FALSE,FALSE,FALSE
cladiella sp. healthy,coralnet,cladiella,mermaid,animalia,cnidaria,malacalcyonacea,alcyoniidae,cladiella,not_given,not_given,not_given,not_given,not_given,not_given,not_given,not_given,not_given,not_given,not_given,not_given,not_given,not_given,not_given,not_given,not_given,not_given,not_given,not_given,not_given,not_given,not_given,not_given,not_given,FALSE,FALSE,FALSE,FALSE,FALSE,FALSE,FALSE,FALSE,FALSE,octocorallia,FALSE,FALSE,FALSE,TRUE
pink cca,coralnet,crustose coralline algae,mermaid,not_given,rhodophyta,corallinales,not_given,not_given,not_given,FALSE,FALSE,FALSE,FALSE,FALSE,FALSE,FALSE,FALSE,FALSE,FALSE,FALSE,FALSE,FALSE,FALSE,FALSE,FALSE,FALSE,FALSE,FALSE,FALSE,FALSE,FALSE,FALSE,FALSE,FALSE,TRUE,FALSE,not_given,FALSE,FALSE,FALSE,FALSE,FALSE,florideophyceae,FALSE,FALSE,not_given,FALSE
bleached orbicella faveolata,coralnet,,,animalia,cnidaria,scleractinia,merulinidae,orbicella,orbicella_faveolata,not_given,FALSE,not_given,not_given,TRUE,not_given,not_given,FALSE,not_given,TRUE,FALSE,FALSE,not_given,FALSE,not_given,TRUE,FALSE,not_given,not_given,not_given,not_given,not_given,FALSE,not_given,TRUE,FALSE,FALSE,FALSE,FALSE,FALSE,FALSE,FALSE,FALSE,hexacorallia,FALSE,FALSE,FALSE,TRUE
turf overgrowing recently dead coral,coralnet,algae covered substrate,coralscapes_v2,none,none,none,none,none,none,FALSE,FALSE,FALSE,FALSE,FALSE,FALSE,FALSE,FALSE,FALSE,FALSE,FALSE,FALSE,FALSE,FALSE,FALSE,FALSE,FALSE,FALSE,FALSE,FALSE,FALSE,FALSE,FALSE,FALSE,FALSE,TRUE,FALSE,FALSE,FALSE,FALSE,FALSE,not_given,FALSE,none,FALSE,FALSE,FALSE,FALSE
thalassia+ sediement,coralnet,thalassia,mermaid,plantae,not_given,alismatales,hydrocharitaceae,thalassia,not_given,FALSE,FALSE,FALSE,FALSE,FALSE,FALSE,FALSE,FALSE,FALSE,FALSE,FALSE,FALSE,FALSE,FALSE,FALSE,FALSE,FALSE,FALSE,FALSE,FALSE,FALSE,FALSE,FALSE,FALSE,FALSE,FALSE,FALSE,FALSE,FALSE,FALSE,FALSE,FALSE,FALSE,not_given,FALSE,FALSE,FALSE,FALSE
cca_dead,coralnet,crustose coralline algae,mermaid,not_given,rhodophyta,corallinales,not_given,not_given,not_given,FALSE,FALSE,FALSE,FALSE,FALSE,FALSE,FALSE,FALSE,FALSE,FALSE,FALSE,FALSE,FALSE,FALSE,FALSE,FALSE,FALSE,FALSE,FALSE,FALSE,FALSE,FALSE,FALSE,FALSE,FALSE,TRUE,FALSE,not_given,FALSE,FALSE,FALSE,FALSE,FALSE,florideophyceae,FALSE,FALSE,not_given,FALSE
cliona,coralnet,cliona,mermaid,animalia,porifera,clionaida,clionaidae,cliona,not_given,FALSE,FALSE,FALSE,FALSE,FALSE,FALSE,FALSE,FALSE,FALSE,FALSE,FALSE,FALSE,FALSE,FALSE,FALSE,FALSE,FALSE,FALSE,FALSE,FALSE,FALSE,FALSE,FALSE,FALSE,FALSE,FALSE,FALSE,FALSE,FALSE,FALSE,FALSE,FALSE,FALSE,demospongiae,FALSE,FALSE,FALSE,TRUE
bleached agaricia,coralnet,,,animalia,cnidaria,scleractinia,agariciidae,agaricia,not_given,not_given,not_given,not_given,not_given,not_given,not_given,not_given,not_given,not_given,not_given,FALSE,FALSE,not_given,FALSE,not_given,not_given,FALSE,not_given,not_given,not_given,not_given,not_given,FALSE,not_given,TRUE,FALSE,FALSE,FALSE,FALSE,FALSE,FALSE,FALSE,FALSE,hexacorallia,FALSE,FALSE,FALSE,TRUE
black sponge,coralnet,sponge,coralscapes_v2,animalia,porifera,not_given,not_given,not_given,not_given,FALSE,FALSE,FALSE,FALSE,FALSE,FALSE,FALSE,FALSE,FALSE,FALSE,FALSE,FALSE,FALSE,FALSE,FALSE,FALSE,FALSE,FALSE,FALSE,FALSE,FALSE,FALSE,FALSE,FALSE,FALSE,FALSE,FALSE,FALSE,FALSE,FALSE,FALSE,FALSE,FALSE,not_given,FALSE,FALSE,FALSE,TRUE
red cca,coralnet,crustose coralline algae,mermaid,not_given,rhodophyta,corallinales,not_given,not_given,not_given,FALSE,FALSE,FALSE,FALSE,FALSE,FALSE,FALSE,FALSE,FALSE,FALSE,FALSE,FALSE,FALSE,FALSE,FALSE,FALSE,FALSE,FALSE,FALSE,FALSE,FALSE,FALSE,FALSE,FALSE,FALSE,TRUE,FALSE,not_given,FALSE,FALSE,FALSE,FALSE,FALSE,florideophyceae,FALSE,FALSE,not_given,FALSE
unknown-2,coralnet,other,mermaid,not_given,not_given,not_given,not_given,not_given,not_given,not_given,not_given,not_given,not_given,not_given,not_given,not_given,not_given,not_given,not_given,not_given,not_given,not_given,not_given,not_given,not_given,not_given,not_given,not_given,not_given,not_given,not_given,not_given,not_given,not_given,not_given,not_given,not_given,not_given,not_given,FALSE,not_given,not_given,not_given,not_given,not_given,not_given,FALSE
condition_full bleach & partial mortality,coralnet,other coral bleached,coralscapes_v2,animalia,cnidaria,not_given,not_given,not_given,not_given,not_given,not_given,not_given,not_given,not_given,not_given,not_given,not_given,not_given,not_given,not_given,not_given,not_given,not_given,not_given,not_given,not_given,not_given,not_given,not_given,not_given,not_given,not_given,not_given,TRUE,FALSE,FALSE,FALSE,FALSE,FALSE,FALSE,FALSE,FALSE,not_given,FALSE,FALSE,FALSE,TRUE
echinopora_encrusting,coralnet,echinopora,mermaid,animalia,cnidaria,scleractinia,merulinidae,echinopora,not_given,FALSE,FALSE,not_given,FALSE,not_given,not_given,TRUE,not_given,not_given,not_given,FALSE,FALSE,not_given,FALSE,FALSE,not_given,FALSE,not_given,not_given,FALSE,FALSE,not_given,FALSE,FALSE,FALSE,FALSE,FALSE,FALSE,FALSE,FALSE,FALSE,FALSE,FALSE,hexacorallia,FALSE,FALSE,FALSE,TRUE
isopora pale,coralnet,isopora,mermaid,animalia,cnidaria,scleractinia,acroporidae,isopora,not_given,not_given,not_given,not_given,not_given,not_given,not_given,not_given,not_given,not_given,not_given,FALSE,FALSE,not_given,FALSE,not_given,not_given,FALSE,not_given,not_given,not_given,not_given,not_given,FALSE,not_given,FALSE,FALSE,FALSE,FALSE,FALSE,FALSE,FALSE,FALSE,FALSE,hexacorallia,FALSE,FALSE,FALSE,TRUE
cca white to greenish,coralnet,crustose coralline algae,mermaid,not_given,rhodophyta,corallinales,not_given,not_given,not_given,FALSE,FALSE,FALSE,FALSE,FALSE,FALSE,FALSE,FALSE,FALSE,FALSE,FALSE,FALSE,FALSE,FALSE,FALSE,FALSE,FALSE,FALSE,FALSE,FALSE,FALSE,FALSE,FALSE,FALSE,FALSE,TRUE,FALSE,not_given,FALSE,FALSE,FALSE,FALSE,FALSE,florideophyceae,FALSE,FALSE,not_given,FALSE
aplysina fistularis,coralnet,aplysina fistularis,mermaid,animalia,porifera,verongiida,aplysinidae,aplysina,aplysina_fistularis,FALSE,FALSE,FALSE,FALSE,FALSE,FALSE,FALSE,FALSE,FALSE,FALSE,FALSE,FALSE,FALSE,FALSE,FALSE,FALSE,FALSE,FALSE,FALSE,FALSE,FALSE,FALSE,FALSE,FALSE,FALSE,FALSE,FALSE,FALSE,FALSE,FALSE,FALSE,FALSE,FALSE,demospongiae,FALSE,FALSE,FALSE,TRUE
bleached orbicella annularis,coralnet,,,animalia,cnidaria,scleractinia,merulinidae,orbicella,orbicella_annularis,not_given,not_given,not_given,not_given,TRUE,not_given,not_given,not_given,not_given,TRUE,FALSE,FALSE,not_given,FALSE,not_given,not_given,FALSE,not_given,not_given,not_given,not_given,not_given,FALSE,not_given,TRUE,FALSE,FALSE,FALSE,FALSE,FALSE,FALSE,FALSE,FALSE,hexacorallia,FALSE,FALSE,FALSE,TRUE
acropora blue morphology healthy,coralnet,acropora alive,coralscapes_v2,animalia,cnidaria,scleractinia,acroporidae,acropora,not_given,FALSE,not_given,FALSE,FALSE,FALSE,FALSE,FALSE,not_given,FALSE,FALSE,FALSE,FALSE,FALSE,FALSE,TRUE,not_given,FALSE,FALSE,FALSE,not_given,not_given,FALSE,FALSE,not_given,FALSE,FALSE,FALSE,FALSE,FALSE,FALSE,FALSE,FALSE,FALSE,hexacorallia,FALSE,FALSE,FALSE,TRUE
halisarca spp.,coralnet,,,animalia,porifera,chondrillida,halisarcidae,halisarca,not_given,FALSE,FALSE,FALSE,FALSE,FALSE,FALSE,FALSE,FALSE,FALSE,FALSE,FALSE,FALSE,FALSE,FALSE,FALSE,FALSE,FALSE,FALSE,FALSE,FALSE,FALSE,FALSE,FALSE,FALSE,FALSE,FALSE,FALSE,FALSE,FALSE,FALSE,FALSE,FALSE,FALSE,demospongiae,FALSE,FALSE,FALSE,TRUE
unidentified octocoral,coralnet,octocorallia,mermaid,animalia,cnidaria,not_given,not_given,not_given,not_given,not_given,not_given,not_given,not_given,not_given,not_given,not_given,not_given,not_given,not_given,not_given,not_given,not_given,not_given,not_given,not_given,not_given,not_given,not_given,not_given,not_given,not_given,not_given,not_given,FALSE,FALSE,FALSE,FALSE,FALSE,FALSE,FALSE,FALSE,FALSE,octocorallia,FALSE,FALSE,FALSE,TRUE
erect gorgonians,coralnet,gorgonia,mermaid,animalia,cnidaria,malacalcyonacea,gorgoniidae,gorgonia,not_given,not_given,not_given,not_given,not_given,not_given,not_given,not_given,not_given,not_given,not_given,not_given,not_given,not_given,not_given,not_given,not_given,not_given,not_given,not_given,not_given,not_given,not_given,not_given,not_given,FALSE,FALSE,FALSE,FALSE,FALSE,FALSE,FALSE,FALSE,FALSE,octocorallia,FALSE,FALSE,FALSE,TRUE
pocillopora (pale),coralnet,pocillopora alive,coralscapes_v2,animalia,cnidaria,scleractinia,pocilloporidae,pocillopora,not_given,FALSE,not_given,FALSE,FALSE,FALSE,FALSE,FALSE,not_given,FALSE,FALSE,FALSE,FALSE,FALSE,FALSE,TRUE,FALSE,FALSE,FALSE,FALSE,not_given,FALSE,FALSE,FALSE,FALSE,FALSE,FALSE,FALSE,FALSE,FALSE,FALSE,FALSE,FALSE,FALSE,hexacorallia,FALSE,FALSE,FALSE,TRUE
condition_paling,coralnet,other coral bleached,coralscapes_v2,animalia,cnidaria,not_given,not_given,not_given,not_given,not_given,not_given,not_given,not_given,not_given,not_given,not_given,not_given,not_given,not_given,not_given,not_given,not_given,not_given,not_given,not_given,not_given,not_given,not_given,not_given,not_given,not_given,not_given,not_given,TRUE,FALSE,FALSE,FALSE,FALSE,FALSE,FALSE,FALSE,FALSE,not_given,FALSE,FALSE,FALSE,TRUE
turf with sediment,coralnet,turf algae,mermaid,none,none,none,none,none,none,FALSE,FALSE,FALSE,FALSE,FALSE,FALSE,FALSE,FALSE,FALSE,FALSE,FALSE,FALSE,FALSE,FALSE,FALSE,FALSE,FALSE,FALSE,FALSE,FALSE,FALSE,FALSE,FALSE,FALSE,FALSE,TRUE,FALSE,not_given,FALSE,FALSE,FALSE,FALSE,FALSE,none,FALSE,FALSE,not_given,FALSE
red sponge,coralnet,sponge,coralscapes_v2,animalia,porifera,not_given,not_given,not_given,not_given,FALSE,FALSE,FALSE,FALSE,FALSE,FALSE,FALSE,FALSE,FALSE,FALSE,FALSE,FALSE,FALSE,FALSE,FALSE,FALSE,FALSE,FALSE,FALSE,FALSE,FALSE,FALSE,FALSE,FALSE,FALSE,FALSE,FALSE,FALSE,FALSE,FALSE,FALSE,FALSE,FALSE,not_given,FALSE,FALSE,FALSE,TRUE
pocillopora healthy,coralnet,pocillopora alive,coralscapes_v2,animalia,cnidaria,scleractinia,pocilloporidae,pocillopora,not_given,FALSE,not_given,FALSE,FALSE,FALSE,FALSE,FALSE,not_given,FALSE,FALSE,FALSE,FALSE,FALSE,FALSE,TRUE,FALSE,FALSE,FALSE,FALSE,not_given,FALSE,FALSE,FALSE,FALSE,FALSE,FALSE,FALSE,FALSE,FALSE,FALSE,FALSE,FALSE,FALSE,hexacorallia,FALSE,FALSE,FALSE,TRUE
damselfish turf + sediments,coralnet,turf algae,mermaid,none,none,none,none,none,none,FALSE,FALSE,FALSE,FALSE,FALSE,FALSE,FALSE,FALSE,FALSE,FALSE,FALSE,FALSE,FALSE,FALSE,FALSE,FALSE,FALSE,FALSE,FALSE,FALSE,FALSE,FALSE,FALSE,FALSE,FALSE,TRUE,FALSE,not_given,FALSE,FALSE,FALSE,FALSE,FALSE,none,FALSE,FALSE,not_given,FALSE
montipora informis,coralnet,montipora informis,mermaid,animalia,cnidaria,scleractinia,acroporidae,montipora,montipora_informis,FALSE,FALSE,not_given,FALSE,TRUE,FALSE,TRUE,FALSE,not_given,not_given,FALSE,FALSE,not_given,FALSE,FALSE,TRUE,FALSE,not_given,FALSE,FALSE,FALSE,FALSE,FALSE,FALSE,FALSE,FALSE,FALSE,FALSE,FALSE,FALSE,FALSE,FALSE,FALSE,hexacorallia,FALSE,FALSE,FALSE,TRUE
stylophora wellsi,coralnet,,,animalia,cnidaria,scleractinia,pocilloporidae,stylophora,stylophora_wellsi,not_given,not_given,not_given,not_given,not_given,not_given,not_given,not_given,not_given,not_given,FALSE,FALSE,not_given,FALSE,not_given,not_given,FALSE,not_given,not_given,not_given,not_given,not_given,FALSE,not_given,FALSE,FALSE,FALSE,FALSE,FALSE,FALSE,FALSE,FALSE,FALSE,hexacorallia,FALSE,FALSE,FALSE,TRUE
partial bleaching,coralnet,other coral bleached,coralscapes_v2,animalia,cnidaria,not_given,not_given,not_given,not_given,not_given,not_given,not_given,not_given,not_given,not_given,not_given,not_given,not_given,not_given,not_given,not_given,not_given,not_given,not_given,not_given,not_given,not_given,not_given,not_given,not_given,not_given,not_given,not_given,TRUE,FALSE,FALSE,FALSE,FALSE,FALSE,FALSE,FALSE,FALSE,not_given,FALSE,FALSE,FALSE,TRUE
turf+ cyanobacteria,coralnet,turf algae,mermaid,none,none,none,none,none,none,FALSE,FALSE,FALSE,FALSE,FALSE,FALSE,FALSE,FALSE,FALSE,FALSE,FALSE,FALSE,FALSE,FALSE,FALSE,FALSE,FALSE,FALSE,FALSE,FALSE,FALSE,FALSE,FALSE,FALSE,FALSE,TRUE,FALSE,not_given,FALSE,FALSE,FALSE,FALSE,FALSE,none,FALSE,FALSE,not_given,FALSE
pseudopterogorgia sp,coralnet,pseudopterogorgia,mermaid,animalia,cnidaria,malacalcyonacea,gorgoniidae,pseudopterogorgia,not_given,not_given,not_given,not_given,not_given,not_given,not_given,not_given,not_given,not_given,not_given,not_given,not_given,not_given,not_given,not_given,not_given,not_given,not_given,not_given,not_given,not_given,not_given,not_given,not_given,FALSE,FALSE,FALSE,FALSE,FALSE,FALSE,FALSE,FALSE,FALSE,octocorallia,FALSE,FALSE,FALSE,TRUE
sponge: encrusting,coralnet,sponge,coralscapes_v2,animalia,porifera,not_given,not_given,not_given,not_given,FALSE,FALSE,FALSE,FALSE,FALSE,FALSE,FALSE,FALSE,FALSE,FALSE,FALSE,FALSE,FALSE,FALSE,FALSE,FALSE,FALSE,FALSE,FALSE,FALSE,FALSE,FALSE,FALSE,FALSE,FALSE,FALSE,FALSE,FALSE,FALSE,FALSE,FALSE,FALSE,FALSE,not_given,FALSE,FALSE,FALSE,TRUE
turf + dictyota + sediment,coralnet,turf algae,mermaid,none,none,none,none,none,none,FALSE,FALSE,FALSE,FALSE,FALSE,FALSE,FALSE,FALSE,FALSE,FALSE,FALSE,FALSE,FALSE,FALSE,FALSE,FALSE,FALSE,FALSE,FALSE,FALSE,FALSE,FALSE,FALSE,FALSE,FALSE,TRUE,FALSE,not_given,FALSE,FALSE,FALSE,FALSE,FALSE,none,FALSE,FALSE,not_given,FALSE
dead,coralnet,other coral dead,coralscapes_v2,animalia,cnidaria,not_given,not_given,not_given,not_given,not_given,not_given,not_given,not_given,not_given,not_given,not_given,not_given,not_given,not_given,not_given,not_given,not_given,not_given,not_given,not_given,not_given,not_given,not_given,not_given,not_given,not_given,not_given,not_given,FALSE,FALSE,FALSE,FALSE,FALSE,FALSE,FALSE,FALSE,FALSE,not_given,FALSE,FALSE,not_given,FALSE
deep substrate,coralnet,other,mermaid,not_given,not_given,not_given,not_given,not_given,not_given,not_given,not_given,not_given,not_given,not_given,not_given,not_given,not_given,not_given,not_given,not_given,not_given,not_given,not_given,not_given,not_given,not_given,not_given,not_given,not_given,not_given,not_given,not_given,not_given,not_given,not_given,not_given,not_given,not_given,not_given,FALSE,not_given,not_given,not_given,not_given,not_given,not_given,FALSE
monanchora arbuscula,coralnet,,,animalia,porifera,poecilosclerida,crambeidae,monanchora,monanchora_arbuscula,FALSE,FALSE,FALSE,FALSE,FALSE,FALSE,FALSE,FALSE,FALSE,FALSE,FALSE,FALSE,FALSE,FALSE,FALSE,FALSE,FALSE,FALSE,FALSE,FALSE,FALSE,FALSE,FALSE,FALSE,FALSE,FALSE,FALSE,FALSE,FALSE,FALSE,FALSE,FALSE,FALSE,demospongiae,FALSE,FALSE,FALSE,TRUE
diploria stigosa,coralnet,,,animalia,cnidaria,scleractinia,mussidae,diploria,diploria_stigosa,not_given,not_given,not_given,not_given,not_given,not_given,not_given,not_given,not_given,not_given,FALSE,FALSE,not_given,FALSE,not_given,not_given,FALSE,not_given,not_given,not_given,not_given,not_given,FALSE,not_given,FALSE,FALSE,FALSE,FALSE,FALSE,FALSE,FALSE,FALSE,FALSE,hexacorallia,FALSE,FALSE,FALSE,TRUE
acroporidae (plate/encrusting),coralnet,acroporidae,mermaid,animalia,cnidaria,scleractinia,acroporidae,not_given,not_given,FALSE,FALSE,not_given,FALSE,not_given,not_given,TRUE,FALSE,not_given,not_given,FALSE,FALSE,not_given,FALSE,FALSE,TRUE,FALSE,not_given,not_given,FALSE,FALSE,not_given,FALSE,FALSE,FALSE,FALSE,FALSE,FALSE,FALSE,FALSE,FALSE,FALSE,FALSE,hexacorallia,FALSE,FALSE,FALSE,TRUE
black hole,coralnet,dark,coralscapes_v2,none,none,none,none,none,none,FALSE,FALSE,FALSE,FALSE,FALSE,FALSE,FALSE,FALSE,FALSE,FALSE,FALSE,FALSE,FALSE,FALSE,FALSE,FALSE,FALSE,FALSE,FALSE,FALSE,FALSE,FALSE,FALSE,FALSE,FALSE,FALSE,FALSE,not_given,FALSE,FALSE,FALSE,FALSE,TRUE,none,FALSE,FALSE,FALSE,FALSE
condition_recent mortality,coralnet,other coral dead,coralscapes_v2,animalia,cnidaria,not_given,not_given,not_given,not_given,not_given,not_given,not_given,not_given,not_given,not_given,not_given,not_given,not_given,not_given,not_given,not_given,not_given,not_given,not_given,not_given,not_given,not_given,not_given,not_given,not_given,not_given,not_given,not_given,FALSE,FALSE,FALSE,FALSE,FALSE,FALSE,FALSE,FALSE,FALSE,not_given,FALSE,FALSE,not_given,FALSE
millepora bleached,coralnet,millepora bleached,coralscapes_v2,animalia,cnidaria,anthoathecata,milleporidae,millepora,not_given,not_given,not_given,not_given,not_given,not_given,not_given,not_given,not_given,not_given,not_given,not_given,not_given,not_given,not_given,not_given,not_given,not_given,not_given,not_given,not_given,not_given,not_given,not_given,not_given,TRUE,FALSE,FALSE,FALSE,FALSE,FALSE,FALSE,FALSE,FALSE,hydrozoa,FALSE,FALSE,FALSE,TRUE
softcoral_xeniidae,coralnet,xeniidae,mermaid,animalia,cnidaria,malacalcyonacea,xeniidae,not_given,not_given,not_given,not_given,not_given,not_given,not_given,not_given,not_given,not_given,not_given,not_given,not_given,not_given,not_given,not_given,not_given,not_given,not_given,not_given,not_given,not_given,not_given,not_given,not_given,not_given,FALSE,FALSE,FALSE,FALSE,FALSE,FALSE,FALSE,FALSE,FALSE,octocorallia,FALSE,FALSE,FALSE,TRUE
ostreidae,coralnet,,,animalia,mollusca,ostreida,ostreidae,not_given,not_given,FALSE,FALSE,FALSE,FALSE,FALSE,FALSE,FALSE,FALSE,FALSE,FALSE,FALSE,FALSE,FALSE,FALSE,FALSE,FALSE,FALSE,FALSE,FALSE,FALSE,FALSE,FALSE,FALSE,FALSE,FALSE,FALSE,FALSE,FALSE,FALSE,FALSE,FALSE,FALSE,FALSE,bivalvia,FALSE,FALSE,FALSE,TRUE
macroalgae: laminate: red: peysonnelia,coralnet,,,plantae,rhodophyta,peyssonneliales,peyssonneliaceae,peyssonnelia,not_given,FALSE,FALSE,FALSE,FALSE,FALSE,FALSE,FALSE,FALSE,FALSE,FALSE,FALSE,FALSE,FALSE,FALSE,FALSE,FALSE,FALSE,FALSE,FALSE,FALSE,FALSE,FALSE,FALSE,FALSE,FALSE,TRUE,FALSE,FALSE,FALSE,FALSE,FALSE,FALSE,FALSE,florideophyceae,FALSE,FALSE,FALSE,FALSE
unknown-11,coralnet,other,mermaid,not_given,not_given,not_given,not_given,not_given,not_given,not_given,not_given,not_given,not_given,not_given,not_given,not_given,not_given,not_given,not_given,not_given,not_given,not_given,not_given,not_given,not_given,not_given,not_given,not_given,not_given,not_given,not_given,not_given,not_given,not_given,not_given,not_given,not_given,not_given,not_given,FALSE,not_given,not_given,not_given,not_given,not_given,not_given,FALSE
neogoniolithon spp.,coralnet,neogoniolithon,mermaid,plantae,rhodophyta,corallinales,spongitidaceae,neogoniolithon,not_given,FALSE,FALSE,FALSE,FALSE,FALSE,FALSE,FALSE,FALSE,FALSE,FALSE,FALSE,FALSE,FALSE,FALSE,FALSE,FALSE,FALSE,FALSE,FALSE,FALSE,FALSE,FALSE,FALSE,FALSE,FALSE,TRUE,FALSE,FALSE,FALSE,FALSE,FALSE,FALSE,FALSE,florideophyceae,FALSE,FALSE,FALSE,FALSE
ircinia strobilina,coralnet,ircinia strobilina,mermaid,animalia,porifera,dictyoceratida,irciniidae,ircinia,ircinia_strobilina,FALSE,FALSE,FALSE,FALSE,FALSE,FALSE,FALSE,FALSE,FALSE,FALSE,FALSE,FALSE,FALSE,FALSE,FALSE,FALSE,FALSE,FALSE,FALSE,FALSE,FALSE,FALSE,FALSE,FALSE,FALSE,FALSE,FALSE,FALSE,FALSE,FALSE,FALSE,FALSE,FALSE,demospongiae,FALSE,FALSE,FALSE,TRUE
acroporidae (table/corymbose/digitate),coralnet,acroporidae,mermaid,animalia,cnidaria,scleractinia,acroporidae,not_given,not_given,not_given,TRUE,not_given,not_given,FALSE,not_given,not_given,FALSE,FALSE,not_given,FALSE,FALSE,FALSE,FALSE,not_given,FALSE,FALSE,not_given,not_given,FALSE,TRUE,not_given,FALSE,TRUE,FALSE,FALSE,FALSE,FALSE,FALSE,FALSE,FALSE,FALSE,FALSE,hexacorallia,FALSE,FALSE,FALSE,TRUE
acropora abrotanoides,coralnet,acropora abrotanoides,mermaid,animalia,cnidaria,scleractinia,acroporidae,acropora,acropora_abrotanoides,FALSE,not_given,FALSE,FALSE,FALSE,FALSE,FALSE,not_given,FALSE,FALSE,FALSE,FALSE,FALSE,FALSE,TRUE,not_given,FALSE,FALSE,FALSE,not_given,not_given,FALSE,FALSE,not_given,FALSE,FALSE,FALSE,FALSE,FALSE,FALSE,FALSE,FALSE,FALSE,hexacorallia,FALSE,FALSE,FALSE,TRUE
other invertebrate,coralnet,invertebrate,mermaid,animalia,not_given,not_given,not_given,not_given,not_given,FALSE,FALSE,FALSE,FALSE,FALSE,FALSE,FALSE,FALSE,FALSE,FALSE,FALSE,FALSE,FALSE,FALSE,FALSE,FALSE,FALSE,FALSE,FALSE,FALSE,FALSE,FALSE,FALSE,FALSE,FALSE,FALSE,FALSE,FALSE,FALSE,FALSE,FALSE,FALSE,FALSE,not_given,FALSE,FALSE,FALSE,TRUE
fused rubble,coralnet,rubble,coralscapes_v2,none,none,none,none,none,none,FALSE,FALSE,FALSE,FALSE,FALSE,FALSE,FALSE,FALSE,FALSE,FALSE,FALSE,FALSE,FALSE,FALSE,FALSE,FALSE,FALSE,FALSE,FALSE,FALSE,FALSE,FALSE,FALSE,FALSE,FALSE,FALSE,FALSE,FALSE,FALSE,FALSE,FALSE,FALSE,FALSE,none,FALSE,not_given,not_given,FALSE
acropora (tabulate),coralnet,table acropora alive,coralscapes_v2,animalia,cnidaria,scleractinia,acroporidae,acropora,not_given,FALSE,FALSE,FALSE,FALSE,FALSE,FALSE,FALSE,FALSE,FALSE,FALSE,FALSE,FALSE,FALSE,FALSE,TRUE,TRUE,FALSE,FALSE,FALSE,not_given,FALSE,FALSE,FALSE,TRUE,FALSE,FALSE,FALSE,FALSE,FALSE,FALSE,FALSE,FALSE,FALSE,hexacorallia,FALSE,FALSE,FALSE,TRUE
calcified macroalgae,coralnet,calcifying algae,coralnet,none,none,none,none,none,none,FALSE,FALSE,FALSE,FALSE,FALSE,FALSE,FALSE,FALSE,FALSE,FALSE,FALSE,FALSE,FALSE,FALSE,FALSE,FALSE,FALSE,FALSE,FALSE,FALSE,FALSE,FALSE,FALSE,FALSE,FALSE,TRUE,FALSE,not_given,FALSE,FALSE,FALSE,not_given,FALSE,none,FALSE,FALSE,FALSE,FALSE
bleached montastraea cavernosa,coralnet,,,animalia,cnidaria,scleractinia,montastraeidae,montastraea,montastraea_cavernosa,not_given,FALSE,not_given,not_given,TRUE,not_given,not_given,FALSE,not_given,not_given,FALSE,FALSE,not_given,FALSE,not_given,TRUE,FALSE,not_given,not_given,not_given,not_given,not_given,FALSE,not_given,TRUE,FALSE,FALSE,FALSE,FALSE,FALSE,FALSE,FALSE,FALSE,hexacorallia,FALSE,FALSE,FALSE,TRUE
barrel sponge,coralnet,sponge,coralscapes_v2,animalia,porifera,not_given,not_given,not_given,not_given,FALSE,FALSE,FALSE,FALSE,FALSE,FALSE,FALSE,FALSE,FALSE,FALSE,FALSE,FALSE,FALSE,FALSE,FALSE,FALSE,FALSE,FALSE,FALSE,FALSE,FALSE,FALSE,FALSE,FALSE,FALSE,FALSE,FALSE,FALSE,FALSE,FALSE,FALSE,FALSE,FALSE,not_given,FALSE,FALSE,FALSE,TRUE
cyanobacteria_filamentous,coralnet,cyanobacteria,mermaid,bacillati,cyanobacteriota,not_given,not_given,not_given,not_given,FALSE,FALSE,FALSE,FALSE,FALSE,FALSE,FALSE,FALSE,FALSE,FALSE,FALSE,FALSE,FALSE,FALSE,FALSE,FALSE,FALSE,FALSE,FALSE,FALSE,FALSE,FALSE,FALSE,FALSE,FALSE,FALSE,FALSE,FALSE,FALSE,FALSE,FALSE,FALSE,FALSE,not_given,FALSE,FALSE,FALSE,FALSE
esponja-sp-3,coralnet,sponge,coralscapes_v2,animalia,porifera,not_given,not_given,not_given,not_given,FALSE,FALSE,FALSE,FALSE,FALSE,FALSE,FALSE,FALSE,FALSE,FALSE,FALSE,FALSE,FALSE,FALSE,FALSE,FALSE,FALSE,FALSE,FALSE,FALSE,FALSE,FALSE,FALSE,FALSE,FALSE,FALSE,FALSE,FALSE,FALSE,FALSE,FALSE,FALSE,FALSE,not_given,FALSE,FALSE,FALSE,TRUE
recently dead coral,coralnet,other coral dead,coralscapes_v2,animalia,cnidaria,not_given,not_given,not_given,not_given,not_given,not_given,not_given,not_given,not_given,not_given,not_given,not_given,not_given,not_given,not_given,not_given,not_given,not_given,not_given,not_given,not_given,not_given,not_given,not_given,not_given,not_given,not_given,not_given,FALSE,FALSE,FALSE,FALSE,FALSE,FALSE,FALSE,FALSE,FALSE,not_given,FALSE,FALSE,not_given,FALSE
lithophyton,coralnet,litophyton,mermaid,animalia,cnidaria,malacalcyonacea,nephtheidae,litophyton,not_given,not_given,not_given,not_given,not_given,not_given,not_given,not_given,not_given,not_given,not_given,not_given,not_given,not_given,not_given,not_given,not_given,not_given,not_given,not_given,not_given,not_given,not_given,not_given,not_given,FALSE,FALSE,FALSE,FALSE,FALSE,FALSE,FALSE,FALSE,FALSE,octocorallia,FALSE,FALSE,FALSE,TRUE
chondrosia sp.,coralnet,,,animalia,porifera,chondrosiida,chondrosiidae,chondrosia,not_given,FALSE,FALSE,FALSE,FALSE,FALSE,FALSE,FALSE,FALSE,FALSE,FALSE,FALSE,FALSE,FALSE,FALSE,FALSE,FALSE,FALSE,FALSE,FALSE,FALSE,FALSE,FALSE,FALSE,FALSE,FALSE,FALSE,FALSE,FALSE,FALSE,FALSE,FALSE,FALSE,FALSE,demospongiae,FALSE,FALSE,FALSE,TRUE
pocillopora recent dead,coralnet,pocillopora dead,coralscapes_v2,animalia,cnidaria,scleractinia,pocilloporidae,pocillopora,not_given,FALSE,not_given,FALSE,FALSE,FALSE,FALSE,FALSE,not_given,FALSE,FALSE,FALSE,FALSE,FALSE,FALSE,TRUE,FALSE,FALSE,FALSE,FALSE,not_given,FALSE,FALSE,FALSE,FALSE,FALSE,FALSE,FALSE,FALSE,FALSE,FALSE,FALSE,FALSE,FALSE,hexacorallia,FALSE,FALSE,not_given,FALSE
diplosoma sp.,coralnet,diplosoma,mermaid,animalia,chordata,aplousobranchia,didemnidae,diplosoma,not_given,FALSE,FALSE,FALSE,FALSE,FALSE,FALSE,FALSE,FALSE,FALSE,FALSE,FALSE,FALSE,FALSE,FALSE,FALSE,FALSE,FALSE,FALSE,FALSE,FALSE,FALSE,FALSE,FALSE,FALSE,FALSE,FALSE,FALSE,FALSE,FALSE,FALSE,FALSE,FALSE,FALSE,ascidiacea,FALSE,FALSE,FALSE,TRUE
cladiella sp. paling,coralnet,cladiella,mermaid,animalia,cnidaria,malacalcyonacea,alcyoniidae,cladiella,not_given,not_given,not_given,not_given,not_given,not_given,not_given,not_given,not_given,not_given,not_given,not_given,not_given,not_given,not_given,not_given,not_given,not_given,not_given,not_given,not_given,not_given,not_given,not_given,not_given,TRUE,FALSE,FALSE,FALSE,FALSE,FALSE,FALSE,FALSE,FALSE,octocorallia,FALSE,FALSE,FALSE,TRUE
xenia cf crassa paling,coralnet,xenia crassa,coralnet,animalia,cnidaria,malacalcyonacea,xeniidae,xenia,xenia_crasssa,not_given,not_given,not_given,not_given,not_given,not_given,not_given,not_given,not_given,not_given,not_given,not_given,not_given,not_given,not_given,not_given,not_given,not_given,not_given,not_given,not_given,not_given,not_given,not_given,FALSE,FALSE,FALSE,FALSE,FALSE,FALSE,FALSE,FALSE,FALSE,octocorallia,FALSE,FALSE,FALSE,TRUE
limestone free of overgrowth,coralnet,hard substrate,coralscapes_v2,none,none,none,none,none,none,FALSE,FALSE,FALSE,FALSE,FALSE,FALSE,FALSE,FALSE,FALSE,FALSE,FALSE,FALSE,FALSE,FALSE,FALSE,FALSE,FALSE,FALSE,FALSE,FALSE,FALSE,FALSE,FALSE,FALSE,FALSE,FALSE,FALSE,FALSE,FALSE,FALSE,FALSE,FALSE,FALSE,none,FALSE,FALSE,TRUE,FALSE
ascidia-sp-2,coralnet,ascidian,mermaid,animalia,chordata,not_given,not_given,not_given,not_given,FALSE,FALSE,FALSE,FALSE,FALSE,FALSE,FALSE,FALSE,FALSE,FALSE,FALSE,FALSE,FALSE,FALSE,FALSE,FALSE,FALSE,FALSE,FALSE,FALSE,FALSE,FALSE,FALSE,FALSE,FALSE,FALSE,FALSE,FALSE,FALSE,FALSE,FALSE,FALSE,FALSE,ascidiacea,FALSE,FALSE,FALSE,TRUE
equipment,coralnet,transect tools,coralscapes_v2,none,none,none,none,none,none,FALSE,FALSE,FALSE,FALSE,FALSE,FALSE,FALSE,FALSE,FALSE,FALSE,FALSE,FALSE,FALSE,FALSE,FALSE,FALSE,FALSE,FALSE,FALSE,FALSE,FALSE,FALSE,FALSE,FALSE,FALSE,FALSE,FALSE,TRUE,FALSE,TRUE,FALSE,FALSE,FALSE,none,FALSE,FALSE,FALSE,FALSE
seriatopora pale,coralnet,seriatopora alive,coralscapes_v2,animalia,cnidaria,scleractinia,pocilloporidae,seriatopora,not_given,FALSE,FALSE,FALSE,FALSE,FALSE,FALSE,FALSE,not_given,FALSE,FALSE,FALSE,FALSE,FALSE,FALSE,TRUE,FALSE,FALSE,FALSE,FALSE,not_given,not_given,FALSE,FALSE,FALSE,FALSE,FALSE,FALSE,FALSE,FALSE,FALSE,FALSE,FALSE,FALSE,hexacorallia,FALSE,FALSE,FALSE,TRUE
bleached colpophyllia natans,coralnet,,,animalia,cnidaria,scleractinia,mussidae,colpophyllia,colpophyllia_natans,FALSE,FALSE,TRUE,FALSE,TRUE,not_given,TRUE,FALSE,FALSE,not_given,FALSE,FALSE,not_given,FALSE,FALSE,not_given,FALSE,TRUE,not_given,FALSE,FALSE,not_given,not_given,FALSE,TRUE,FALSE,FALSE,FALSE,FALSE,FALSE,FALSE,FALSE,FALSE,hexacorallia,FALSE,FALSE,FALSE,TRUE
coral culture frame,coralnet,human-made structure,coralscapes_v2,none,none,none,none,none,none,FALSE,FALSE,FALSE,FALSE,FALSE,FALSE,FALSE,FALSE,FALSE,FALSE,FALSE,FALSE,FALSE,FALSE,FALSE,FALSE,FALSE,FALSE,FALSE,FALSE,FALSE,FALSE,FALSE,FALSE,FALSE,FALSE,FALSE,TRUE,FALSE,FALSE,FALSE,FALSE,FALSE,none,FALSE,FALSE,FALSE,FALSE
bryozoa: soft,coralnet,bryozoan,mermaid,animalia,bryozoa,not_given,not_given,not_given,not_given,FALSE,FALSE,FALSE,FALSE,FALSE,FALSE,FALSE,FALSE,FALSE,FALSE,FALSE,FALSE,FALSE,FALSE,FALSE,FALSE,FALSE,FALSE,FALSE,FALSE,FALSE,FALSE,FALSE,FALSE,FALSE,FALSE,FALSE,FALSE,FALSE,FALSE,FALSE,FALSE,FALSE,not_given,FALSE,FALSE,FALSE,TRUE
substrate,coralnet,hard substrate,coralscapes_v2,none,none,none,none,none,none,FALSE,FALSE,FALSE,FALSE,FALSE,FALSE,FALSE,FALSE,FALSE,FALSE,FALSE,FALSE,FALSE,FALSE,FALSE,FALSE,FALSE,FALSE,FALSE,FALSE,FALSE,FALSE,FALSE,FALSE,FALSE,FALSE,FALSE,FALSE,FALSE,FALSE,FALSE,FALSE,FALSE,none,FALSE,FALSE,TRUE,FALSE
ircinia_massive,coralnet,ircinia,mermaid,animalia,porifera,dictyoceratida,irciniidae,ircinia,not_given,FALSE,FALSE,FALSE,FALSE,FALSE,FALSE,FALSE,FALSE,FALSE,FALSE,FALSE,FALSE,FALSE,FALSE,FALSE,FALSE,FALSE,FALSE,FALSE,FALSE,FALSE,FALSE,FALSE,FALSE,FALSE,FALSE,FALSE,FALSE,FALSE,FALSE,FALSE,FALSE,FALSE,demospongiae,FALSE,FALSE,FALSE,TRUE
condition_partial mortality,coralnet,other coral alive,coralscapes_v2,animalia,cnidaria,not_given,not_given,not_given,not_given,not_given,not_given,not_given,not_given,not_given,not_given,not_given,not_given,not_given,not_given,not_given,not_given,not_given,not_given,not_given,not_given,not_given,not_given,not_given,not_given,not_given,not_given,not_given,not_given,FALSE,FALSE,FALSE,FALSE,FALSE,FALSE,FALSE,FALSE,FALSE,not_given,FALSE,FALSE,FALSE,TRUE
bleached siderastrea siderea,coralnet,,,animalia,cnidaria,scleractinia,siderastreidae,siderastrea,siderastrea_siderea,FALSE,FALSE,not_given,FALSE,TRUE,not_given,TRUE,not_given,not_given,not_given,FALSE,FALSE,TRUE,FALSE,FALSE,not_given,FALSE,not_given,not_given,FALSE,FALSE,not_given,FALSE,FALSE,TRUE,FALSE,FALSE,FALSE,FALSE,FALSE,FALSE,FALSE,FALSE,hexacorallia,FALSE,FALSE,FALSE,TRUE
acropora nonbranching healthy,coralnet,acropora alive,coralscapes_v2,animalia,cnidaria,scleractinia,acroporidae,acropora,not_given,FALSE,FALSE,FALSE,FALSE,FALSE,FALSE,not_given,not_given,FALSE,FALSE,FALSE,FALSE,FALSE,FALSE,FALSE,not_given,FALSE,FALSE,FALSE,FALSE,FALSE,FALSE,FALSE,not_given,FALSE,FALSE,FALSE,FALSE,FALSE,FALSE,FALSE,FALSE,FALSE,hexacorallia,FALSE,FALSE,FALSE,TRUE
pocillopora purple morphology healthy,coralnet,pocillopora alive,coralscapes_v2,animalia,cnidaria,scleractinia,pocilloporidae,pocillopora,not_given,FALSE,not_given,FALSE,FALSE,FALSE,FALSE,FALSE,not_given,FALSE,FALSE,FALSE,FALSE,FALSE,FALSE,TRUE,FALSE,FALSE,FALSE,FALSE,not_given,FALSE,FALSE,FALSE,FALSE,FALSE,FALSE,FALSE,FALSE,FALSE,FALSE,FALSE,FALSE,FALSE,hexacorallia,FALSE,FALSE,FALSE,TRUE
condition_partial bleaching & mortality,coralnet,other coral bleached,coralscapes_v2,animalia,cnidaria,not_given,not_given,not_given,not_given,not_given,not_given,not_given,not_given,not_given,not_given,not_given,not_given,not_given,not_given,not_given,not_given,not_given,not_given,not_given,not_given,not_given,not_given,not_given,not_given,not_given,not_given,not_given,not_given,TRUE,FALSE,FALSE,FALSE,FALSE,FALSE,FALSE,FALSE,FALSE,not_given,FALSE,FALSE,FALSE,TRUE
unknown coral,coralnet,other coral alive,coralscapes_v2,animalia,cnidaria,not_given,not_given,not_given,not_given,not_given,not_given,not_given,not_given,not_given,not_given,not_given,not_given,not_given,not_given,not_given,not_given,not_given,not_given,not_given,not_given,not_given,not_given,not_given,not_given,not_given,not_given,not_given,not_given,FALSE,FALSE,FALSE,FALSE,FALSE,FALSE,FALSE,FALSE,FALSE,not_given,FALSE,FALSE,FALSE,TRUE
acropora clathrata,coralnet,acropora clathrata,mermaid,animalia,cnidaria,scleractinia,acroporidae,acropora,acropora_clathrata,FALSE,FALSE,FALSE,FALSE,FALSE,FALSE,FALSE,FALSE,FALSE,FALSE,FALSE,FALSE,FALSE,FALSE,TRUE,TRUE,FALSE,FALSE,FALSE,not_given,FALSE,FALSE,FALSE,TRUE,FALSE,FALSE,FALSE,FALSE,FALSE,FALSE,FALSE,FALSE,FALSE,hexacorallia,FALSE,FALSE,FALSE,TRUE
cliona varians,coralnet,cliona varians,mermaid,animalia,porifera,clionaida,clionaidae,cliona,cliona_varians,FALSE,FALSE,FALSE,FALSE,FALSE,FALSE,FALSE,FALSE,FALSE,FALSE,FALSE,FALSE,FALSE,FALSE,FALSE,FALSE,FALSE,FALSE,FALSE,FALSE,FALSE,FALSE,FALSE,FALSE,FALSE,FALSE,FALSE,FALSE,FALSE,FALSE,FALSE,FALSE,FALSE,demospongiae,FALSE,FALSE,FALSE,TRUE
dead hard coral,coralnet,hard coral dead,coralscapes_v2,animalia,cnidaria,scleractinia,not_given,not_given,not_given,not_given,not_given,not_given,not_given,not_given,not_given,not_given,not_given,not_given,not_given,FALSE,FALSE,not_given,FALSE,not_given,not_given,FALSE,not_given,not_given,not_given,not_given,not_given,FALSE,not_given,FALSE,FALSE,FALSE,FALSE,FALSE,FALSE,FALSE,FALSE,FALSE,hexacorallia,FALSE,FALSE,not_given,FALSE
bed rock,coralnet,hard substrate,coralscapes_v2,none,none,none,none,none,none,FALSE,FALSE,FALSE,FALSE,FALSE,FALSE,FALSE,FALSE,FALSE,FALSE,FALSE,FALSE,FALSE,FALSE,FALSE,FALSE,FALSE,FALSE,FALSE,FALSE,FALSE,FALSE,FALSE,FALSE,FALSE,FALSE,FALSE,FALSE,FALSE,FALSE,FALSE,FALSE,FALSE,none,FALSE,FALSE,TRUE,FALSE
unknown-10,coralnet,other,mermaid,not_given,not_given,not_given,not_given,not_given,not_given,not_given,not_given,not_given,not_given,not_given,not_given,not_given,not_given,not_given,not_given,not_given,not_given,not_given,not_given,not_given,not_given,not_given,not_given,not_given,not_given,not_given,not_given,not_given,not_given,not_given,not_given,not_given,not_given,not_given,not_given,FALSE,not_given,not_given,not_given,not_given,not_given,not_given,FALSE
montipora_massive,coralnet,montipora,mermaid,animalia,cnidaria,scleractinia,acroporidae,montipora,not_given,FALSE,not_given,not_given,FALSE,TRUE,FALSE,not_given,not_given,not_given,not_given,FALSE,FALSE,not_given,FALSE,not_given,not_given,FALSE,not_given,FALSE,FALSE,not_given,FALSE,FALSE,not_given,FALSE,FALSE,FALSE,FALSE,FALSE,FALSE,FALSE,FALSE,FALSE,hexacorallia,FALSE,FALSE,FALSE,TRUE
amphimedon compressa,coralnet,amphimedon compressa,mermaid,animalia,porifera,haplosclerida,niphatidae,amphimedon,amphimedon_compressa,FALSE,FALSE,FALSE,FALSE,FALSE,FALSE,FALSE,FALSE,FALSE,FALSE,FALSE,FALSE,FALSE,FALSE,FALSE,FALSE,FALSE,FALSE,FALSE,FALSE,FALSE,FALSE,FALSE,FALSE,FALSE,FALSE,FALSE,FALSE,FALSE,FALSE,FALSE,FALSE,FALSE,demospongiae,FALSE,FALSE,FALSE,TRUE
green sponge,coralnet,sponge,coralscapes_v2,animalia,porifera,not_given,not_given,not_given,not_given,FALSE,FALSE,FALSE,FALSE,FALSE,FALSE,FALSE,FALSE,FALSE,FALSE,FALSE,FALSE,FALSE,FALSE,FALSE,FALSE,FALSE,FALSE,FALSE,FALSE,FALSE,FALSE,FALSE,FALSE,FALSE,FALSE,FALSE,FALSE,FALSE,FALSE,FALSE,FALSE,FALSE,not_given,FALSE,FALSE,FALSE,TRUE
esponja-sp-10,coralnet,sponge,coralscapes_v2,animalia,porifera,not_given,not_given,not_given,not_given,FALSE,FALSE,FALSE,FALSE,FALSE,FALSE,FALSE,FALSE,FALSE,FALSE,FALSE,FALSE,FALSE,FALSE,FALSE,FALSE,FALSE,FALSE,FALSE,FALSE,FALSE,FALSE,FALSE,FALSE,FALSE,FALSE,FALSE,FALSE,FALSE,FALSE,FALSE,FALSE,FALSE,not_given,FALSE,FALSE,FALSE,TRUE
pavona chiriquiensis,coralnet,,,animalia,cnidaria,scleractinia,agariciidae,pavona,pavona_chiriquiensis,FALSE,FALSE,not_given,FALSE,FALSE,FALSE,TRUE,not_given,not_given,not_given,FALSE,FALSE,FALSE,FALSE,FALSE,FALSE,FALSE,not_given,FALSE,FALSE,FALSE,FALSE,FALSE,FALSE,FALSE,FALSE,FALSE,FALSE,FALSE,FALSE,FALSE,FALSE,FALSE,hexacorallia,FALSE,FALSE,FALSE,TRUE
aglaophenia spp.,coralnet,aglaophenia,mermaid,animalia,cnidaria,leptothecata,aglaopheniidae,aglaophenia,not_given,not_given,not_given,not_given,not_given,not_given,not_given,not_given,not_given,not_given,not_given,not_given,not_given,not_given,not_given,not_given,not_given,not_given,not_given,not_given,not_given,not_given,not_given,not_given,not_given,FALSE,FALSE,FALSE,FALSE,FALSE,FALSE,FALSE,FALSE,FALSE,hydrozoa,FALSE,FALSE,FALSE,TRUE
pocillopora purple morphology bleached,coralnet,pocillopora bleached,coralscapes_v2,animalia,cnidaria,scleractinia,pocilloporidae,pocillopora,not_given,FALSE,not_given,FALSE,FALSE,FALSE,FALSE,FALSE,not_given,FALSE,FALSE,FALSE,FALSE,FALSE,FALSE,TRUE,FALSE,FALSE,FALSE,FALSE,not_given,FALSE,FALSE,FALSE,FALSE,TRUE,FALSE,FALSE,FALSE,FALSE,FALSE,FALSE,FALSE,FALSE,hexacorallia,FALSE,FALSE,FALSE,TRUE
rhytisma,coralnet,rhytisma,mermaid,animalia,cnidaria,malacalcyonacea,alcyoniidae,rhytisma,not_given,not_given,not_given,not_given,not_given,not_given,not_given,not_given,not_given,not_given,not_given,not_given,not_given,not_given,not_given,not_given,not_given,not_given,not_given,not_given,not_given,not_given,not_given,not_given,not_given,FALSE,FALSE,FALSE,FALSE,FALSE,FALSE,FALSE,FALSE,FALSE,octocorallia,FALSE,FALSE,FALSE,TRUE
condition_healthy,coralnet,other coral alive,coralscapes_v2,animalia,cnidaria,not_given,not_given,not_given,not_given,not_given,not_given,not_given,not_given,not_given,not_given,not_given,not_given,not_given,not_given,not_given,not_given,not_given,not_given,not_given,not_given,not_given,not_given,not_given,not_given,not_given,not_given,not_given,not_given,FALSE,FALSE,FALSE,FALSE,FALSE,FALSE,FALSE,FALSE,FALSE,not_given,FALSE,FALSE,FALSE,TRUE
bleached porites astreoides,coralnet,,,animalia,cnidaria,scleractinia,poritidae,porites,porites_astreoides,FALSE,FALSE,not_given,FALSE,TRUE,FALSE,TRUE,FALSE,not_given,not_given,FALSE,FALSE,not_given,FALSE,FALSE,TRUE,FALSE,not_given,FALSE,FALSE,FALSE,FALSE,FALSE,FALSE,TRUE,FALSE,FALSE,FALSE,FALSE,FALSE,FALSE,FALSE,FALSE,hexacorallia,FALSE,FALSE,FALSE,TRUE
not applicable,coralnet,other,mermaid,not_given,not_given,not_given,not_given,not_given,not_given,not_given,not_given,not_given,not_given,not_given,not_given,not_given,not_given,not_given,not_given,not_given,not_given,not_given,not_given,not_given,not_given,not_given,not_given,not_given,not_given,not_given,not_given,not_given,not_given,not_given,not_given,not_given,not_given,not_given,not_given,FALSE,not_given,not_given,not_given,not_given,not_given,not_given,FALSE
gyrosmilia interrupta,coralnet,,,animalia,cnidaria,scleractinia,euphylliidae,gyrosmilia,gyrosmilia_interrupta,not_given,not_given,not_given,not_given,not_given,not_given,not_given,not_given,not_given,not_given,FALSE,FALSE,not_given,FALSE,not_given,not_given,FALSE,not_given,not_given,not_given,not_given,not_given,FALSE,not_given,FALSE,FALSE,FALSE,FALSE,FALSE,FALSE,FALSE,FALSE,FALSE,hexacorallia,FALSE,FALSE,FALSE,TRUE
trash: human origin,coralnet,trash,coralscapes_v2,none,none,none,none,none,none,FALSE,FALSE,FALSE,FALSE,FALSE,FALSE,FALSE,FALSE,FALSE,FALSE,FALSE,FALSE,FALSE,FALSE,FALSE,FALSE,FALSE,FALSE,FALSE,FALSE,FALSE,FALSE,FALSE,FALSE,FALSE,FALSE,FALSE,TRUE,TRUE,FALSE,FALSE,FALSE,FALSE,none,FALSE,FALSE,FALSE,FALSE
sponges,coralnet,sponge,coralscapes_v2,animalia,porifera,not_given,not_given,not_given,not_given,FALSE,FALSE,FALSE,FALSE,FALSE,FALSE,FALSE,FALSE,FALSE,FALSE,FALSE,FALSE,FALSE,FALSE,FALSE,FALSE,FALSE,FALSE,FALSE,FALSE,FALSE,FALSE,FALSE,FALSE,FALSE,FALSE,FALSE,FALSE,FALSE,FALSE,FALSE,FALSE,FALSE,not_given,FALSE,FALSE,FALSE,TRUE
old dead acropora (branching),coralnet,acropora dead,coralscapes_v2,animalia,cnidaria,scleractinia,acroporidae,acropora,not_given,FALSE,not_given,FALSE,FALSE,FALSE,FALSE,FALSE,not_given,FALSE,FALSE,FALSE,FALSE,FALSE,FALSE,TRUE,not_given,FALSE,FALSE,FALSE,not_given,not_given,FALSE,FALSE,not_given,FALSE,FALSE,FALSE,FALSE,FALSE,FALSE,FALSE,FALSE,FALSE,hexacorallia,FALSE,FALSE,not_given,FALSE
unknown-8,coralnet,other,mermaid,not_given,not_given,not_given,not_given,not_given,not_given,not_given,not_given,not_given,not_given,not_given,not_given,not_given,not_given,not_given,not_given,not_given,not_given,not_given,not_given,not_given,not_given,not_given,not_given,not_given,not_given,not_given,not_given,not_given,not_given,not_given,not_given,not_given,not_given,not_given,not_given,FALSE,not_given,not_given,not_given,not_given,not_given,not_given,FALSE
echinopora branching,coralnet,echinopora,mermaid,animalia,cnidaria,scleractinia,merulinidae,echinopora,not_given,not_given,not_given,not_given,not_given,FALSE,not_given,FALSE,not_given,FALSE,not_given,FALSE,FALSE,FALSE,FALSE,TRUE,not_given,FALSE,FALSE,not_given,not_given,not_given,not_given,FALSE,not_given,FALSE,FALSE,FALSE,FALSE,FALSE,FALSE,FALSE,FALSE,FALSE,hexacorallia,FALSE,FALSE,FALSE,TRUE
acropora branching paling,coralnet,acropora alive,coralscapes_v2,animalia,cnidaria,scleractinia,acroporidae,acropora,not_given,FALSE,not_given,FALSE,FALSE,FALSE,FALSE,FALSE,not_given,FALSE,FALSE,FALSE,FALSE,FALSE,FALSE,TRUE,not_given,FALSE,FALSE,FALSE,not_given,not_given,FALSE,FALSE,not_given,FALSE,FALSE,FALSE,FALSE,FALSE,FALSE,FALSE,FALSE,FALSE,hexacorallia,FALSE,FALSE,FALSE,TRUE
halichondria sp. (blue),coralnet,,,animalia,porifera,suberitida,halichondriidae,halichondria,not_given,FALSE,FALSE,FALSE,FALSE,FALSE,FALSE,FALSE,FALSE,FALSE,FALSE,FALSE,FALSE,FALSE,FALSE,FALSE,FALSE,FALSE,FALSE,FALSE,FALSE,FALSE,FALSE,FALSE,FALSE,FALSE,FALSE,FALSE,FALSE,FALSE,FALSE,FALSE,FALSE,FALSE,demospongiae,FALSE,FALSE,FALSE,TRUE
other soft corals,coralnet,soft coral (malacalcyonacea) alive,coralscapes_v2,animalia,cnidaria,malacalcyonacea,not_given,not_given,not_given,not_given,not_given,not_given,not_given,not_given,not_given,not_given,not_given,not_given,not_given,not_given,not_given,not_given,not_given,not_given,not_given,not_given,not_given,not_given,not_given,not_given,not_given,not_given,not_given,FALSE,FALSE,FALSE,FALSE,FALSE,FALSE,FALSE,FALSE,FALSE,octocorallia,FALSE,FALSE,FALSE,TRUE
montipora turgescens,coralnet,,,animalia,cnidaria,scleractinia,acroporidae,montipora,montipora_turgescens,FALSE,not_given,not_given,FALSE,not_given,FALSE,not_given,not_given,not_given,not_given,FALSE,FALSE,not_given,FALSE,not_given,not_given,FALSE,not_given,FALSE,FALSE,not_given,FALSE,FALSE,not_given,FALSE,FALSE,FALSE,FALSE,FALSE,FALSE,FALSE,FALSE,FALSE,hexacorallia,FALSE,FALSE,FALSE,TRUE
erythropodium (encrusting),coralnet,erythropodium,mermaid,animalia,cnidaria,scleralcyonacea,erythropodiidae,erythropodium,not_given,not_given,not_given,not_given,not_given,not_given,not_given,not_given,not_given,not_given,not_given,not_given,not_given,not_given,not_given,not_given,not_given,not_given,not_given,not_given,not_given,not_given,not_given,not_given,not_given,FALSE,FALSE,FALSE,FALSE,FALSE,FALSE,FALSE,FALSE,FALSE,octocorallia,FALSE,FALSE,FALSE,TRUE
aplysina spp,coralnet,aplysina,mermaid,animalia,porifera,verongiida,aplysinidae,aplysina,not_given,FALSE,FALSE,FALSE,FALSE,FALSE,FALSE,FALSE,FALSE,FALSE,FALSE,FALSE,FALSE,FALSE,FALSE,FALSE,FALSE,FALSE,FALSE,FALSE,FALSE,FALSE,FALSE,FALSE,FALSE,FALSE,FALSE,FALSE,FALSE,FALSE,FALSE,FALSE,FALSE,FALSE,demospongiae,FALSE,FALSE,FALSE,TRUE
thalassia,coralnet,thalassia,mermaid,plantae,not_given,alismatales,hydrocharitaceae,thalassia,not_given,FALSE,FALSE,FALSE,FALSE,FALSE,FALSE,FALSE,FALSE,FALSE,FALSE,FALSE,FALSE,FALSE,FALSE,FALSE,FALSE,FALSE,FALSE,FALSE,FALSE,FALSE,FALSE,FALSE,FALSE,FALSE,FALSE,FALSE,FALSE,FALSE,FALSE,FALSE,FALSE,FALSE,not_given,FALSE,FALSE,FALSE,FALSE
syringodium filiforme,coralnet,syringodium filiforme,mermaid,plantae,not_given,alismatales,cymodoceaceae,syringodium,syringodium_filiforme,FALSE,FALSE,FALSE,FALSE,FALSE,FALSE,FALSE,FALSE,FALSE,FALSE,FALSE,FALSE,FALSE,FALSE,FALSE,FALSE,FALSE,FALSE,FALSE,FALSE,FALSE,FALSE,FALSE,FALSE,FALSE,FALSE,FALSE,FALSE,FALSE,FALSE,FALSE,FALSE,FALSE,not_given,FALSE,FALSE,FALSE,FALSE
bleached seriatopora,coralnet,seriatopora bleached,coralscapes_v2,animalia,cnidaria,scleractinia,pocilloporidae,seriatopora,not_given,FALSE,FALSE,FALSE,FALSE,FALSE,FALSE,FALSE,not_given,FALSE,FALSE,FALSE,FALSE,FALSE,FALSE,TRUE,FALSE,FALSE,FALSE,FALSE,not_given,not_given,FALSE,FALSE,FALSE,TRUE,FALSE,FALSE,FALSE,FALSE,FALSE,FALSE,FALSE,FALSE,hexacorallia,FALSE,FALSE,FALSE,TRUE
soft coral plumes,coralnet,gorgoniidae,mermaid,animalia,cnidaria,malacalcyonacea,gorgoniidae,not_given,not_given,not_given,not_given,not_given,not_given,not_given,not_given,not_given,not_given,not_given,not_given,not_given,not_given,not_given,not_given,not_given,not_given,not_given,not_given,not_given,not_given,not_given,not_given,not_given,not_given,FALSE,FALSE,FALSE,FALSE,FALSE,FALSE,FALSE,FALSE,FALSE,octocorallia,FALSE,FALSE,FALSE,TRUE
deep sand,coralnet,sand,coralscapes_v2,none,none,none,none,none,none,FALSE,FALSE,FALSE,FALSE,FALSE,FALSE,FALSE,FALSE,FALSE,FALSE,FALSE,FALSE,FALSE,FALSE,FALSE,FALSE,FALSE,FALSE,FALSE,FALSE,FALSE,FALSE,FALSE,FALSE,FALSE,FALSE,FALSE,FALSE,FALSE,FALSE,FALSE,FALSE,FALSE,none,FALSE,TRUE,FALSE,FALSE
merulinidae,coralnet,merulinidae,mermaid,animalia,cnidaria,scleractinia,merulinidae,not_given,not_given,not_given,not_given,not_given,not_given,not_given,not_given,not_given,not_given,not_given,not_given,FALSE,FALSE,not_given,FALSE,not_given,not_given,FALSE,not_given,not_given,not_given,not_given,not_given,FALSE,not_given,FALSE,FALSE,FALSE,FALSE,FALSE,FALSE,FALSE,FALSE,FALSE,hexacorallia,FALSE,FALSE,FALSE,TRUE
seriatopora healthy,coralnet,seriatopora alive,coralscapes_v2,animalia,cnidaria,scleractinia,pocilloporidae,seriatopora,not_given,FALSE,FALSE,FALSE,FALSE,FALSE,FALSE,FALSE,not_given,FALSE,FALSE,FALSE,FALSE,FALSE,FALSE,TRUE,FALSE,FALSE,FALSE,FALSE,not_given,not_given,FALSE,FALSE,FALSE,FALSE,FALSE,FALSE,FALSE,FALSE,FALSE,FALSE,FALSE,FALSE,hexacorallia,FALSE,FALSE,FALSE,TRUE
unknown invert,coralnet,other,mermaid,not_given,not_given,not_given,not_given,not_given,not_given,not_given,not_given,not_given,not_given,not_given,not_given,not_given,not_given,not_given,not_given,not_given,not_given,not_given,not_given,not_given,not_given,not_given,not_given,not_given,not_given,not_given,not_given,not_given,not_given,not_given,not_given,not_given,not_given,not_given,not_given,FALSE,not_given,not_given,not_given,not_given,not_given,not_given,FALSE
cyphastrea healthy,coralnet,cyphastrea,mermaid,animalia,cnidaria,scleractinia,merulinidae,cyphastrea,not_given,not_given,not_given,not_given,not_given,not_given,not_given,not_given,not_given,not_given,not_given,FALSE,FALSE,not_given,FALSE,not_given,not_given,FALSE,not_given,not_given,not_given,not_given,not_given,FALSE,not_given,FALSE,FALSE,FALSE,FALSE,FALSE,FALSE,FALSE,FALSE,FALSE,hexacorallia,FALSE,FALSE,FALSE,TRUE
acropora austera,coralnet,acropora austera,mermaid,animalia,cnidaria,scleractinia,acroporidae,acropora,acropora_austera,FALSE,not_given,FALSE,FALSE,FALSE,FALSE,FALSE,not_given,FALSE,FALSE,FALSE,FALSE,FALSE,FALSE,TRUE,FALSE,FALSE,FALSE,FALSE,TRUE,not_given,FALSE,FALSE,FALSE,FALSE,FALSE,FALSE,FALSE,FALSE,FALSE,FALSE,FALSE,FALSE,hexacorallia,FALSE,FALSE,FALSE,TRUE
bleached porites porites,coralnet,,,animalia,cnidaria,scleractinia,poritidae,porites,porites_porites,FALSE,FALSE,not_given,FALSE,TRUE,FALSE,TRUE,FALSE,FALSE,TRUE,FALSE,FALSE,TRUE,FALSE,TRUE,TRUE,FALSE,FALSE,FALSE,FALSE,FALSE,FALSE,FALSE,FALSE,TRUE,FALSE,FALSE,FALSE,FALSE,FALSE,FALSE,FALSE,FALSE,hexacorallia,FALSE,FALSE,FALSE,TRUE
red algae - crustose coralline algae,coralnet,crustose coralline algae,mermaid,not_given,rhodophyta,corallinales,not_given,not_given,not_given,FALSE,FALSE,FALSE,FALSE,FALSE,FALSE,FALSE,FALSE,FALSE,FALSE,FALSE,FALSE,FALSE,FALSE,FALSE,FALSE,FALSE,FALSE,FALSE,FALSE,FALSE,FALSE,FALSE,FALSE,FALSE,TRUE,FALSE,not_given,FALSE,FALSE,FALSE,FALSE,FALSE,florideophyceae,FALSE,FALSE,not_given,FALSE
millepora exaesa,coralnet,,,animalia,cnidaria,anthoathecata,milleporidae,millepora,millepora_exaesa,not_given,not_given,not_given,not_given,not_given,not_given,not_given,not_given,not_given,not_given,not_given,not_given,not_given,not_given,not_given,not_given,not_given,not_given,not_given,not_given,not_given,not_given,not_given,not_given,FALSE,FALSE,FALSE,FALSE,FALSE,FALSE,FALSE,FALSE,FALSE,hydrozoa,FALSE,FALSE,FALSE,TRUE
lithophyllum spp. encrusting,coralnet,,,plantae,rhodophyta,corallinales,corallinaceae,lithophyllum,not_given,FALSE,FALSE,FALSE,FALSE,FALSE,FALSE,FALSE,FALSE,FALSE,FALSE,FALSE,FALSE,FALSE,FALSE,FALSE,FALSE,FALSE,FALSE,FALSE,FALSE,FALSE,FALSE,FALSE,FALSE,FALSE,TRUE,FALSE,FALSE,FALSE,FALSE,FALSE,FALSE,FALSE,florideophyceae,FALSE,FALSE,FALSE,FALSE
porites paling hypermycosis,coralnet,porites,mermaid,animalia,cnidaria,scleractinia,poritidae,porites,not_given,FALSE,not_given,not_given,FALSE,not_given,FALSE,not_given,not_given,not_given,not_given,FALSE,FALSE,not_given,FALSE,not_given,not_given,FALSE,not_given,FALSE,FALSE,not_given,FALSE,FALSE,not_given,FALSE,FALSE,FALSE,FALSE,FALSE,FALSE,FALSE,FALSE,FALSE,hexacorallia,FALSE,FALSE,FALSE,TRUE
astreopora myriophthalma,coralnet,astreopora myriophthalma,mermaid,animalia,cnidaria,scleractinia,acroporidae,astreopora,astreopora_myriophthalma,FALSE,FALSE,not_given,FALSE,TRUE,not_given,TRUE,FALSE,not_given,not_given,FALSE,FALSE,not_given,FALSE,FALSE,TRUE,FALSE,not_given,not_given,FALSE,FALSE,not_given,FALSE,FALSE,FALSE,FALSE,FALSE,FALSE,FALSE,FALSE,FALSE,FALSE,FALSE,hexacorallia,FALSE,FALSE,FALSE,TRUE
vermatid mollusc,coralnet,,,animalia,mollusca,littorinimorpha,vermetidae,not_given,not_given,FALSE,FALSE,FALSE,FALSE,FALSE,FALSE,FALSE,FALSE,FALSE,FALSE,FALSE,FALSE,FALSE,FALSE,FALSE,FALSE,FALSE,FALSE,FALSE,FALSE,FALSE,FALSE,FALSE,FALSE,FALSE,FALSE,FALSE,FALSE,FALSE,FALSE,FALSE,FALSE,FALSE,gastropoda,FALSE,FALSE,FALSE,TRUE
pocillopora purple morphology pale,coralnet,pocillopora alive,coralscapes_v2,animalia,cnidaria,scleractinia,pocilloporidae,pocillopora,not_given,FALSE,not_given,FALSE,FALSE,FALSE,FALSE,FALSE,not_given,FALSE,FALSE,FALSE,FALSE,FALSE,FALSE,TRUE,FALSE,FALSE,FALSE,FALSE,not_given,FALSE,FALSE,FALSE,FALSE,FALSE,FALSE,FALSE,FALSE,FALSE,FALSE,FALSE,FALSE,FALSE,hexacorallia,FALSE,FALSE,FALSE,TRUE
blue sponge,coralnet,sponge,coralscapes_v2,animalia,porifera,not_given,not_given,not_given,not_given,FALSE,FALSE,FALSE,FALSE,FALSE,FALSE,FALSE,FALSE,FALSE,FALSE,FALSE,FALSE,FALSE,FALSE,FALSE,FALSE,FALSE,FALSE,FALSE,FALSE,FALSE,FALSE,FALSE,FALSE,FALSE,FALSE,FALSE,FALSE,FALSE,FALSE,FALSE,FALSE,FALSE,not_given,FALSE,FALSE,FALSE,TRUE
merulina ampliata,coralnet,,,animalia,cnidaria,scleractinia,merulinidae,merulina,merulina_ampliata,not_given,FALSE,not_given,not_given,FALSE,not_given,TRUE,FALSE,FALSE,not_given,FALSE,FALSE,FALSE,FALSE,TRUE,TRUE,FALSE,FALSE,not_given,FALSE,FALSE,not_given,FALSE,FALSE,FALSE,FALSE,FALSE,FALSE,FALSE,FALSE,FALSE,FALSE,FALSE,hexacorallia,FALSE,FALSE,FALSE,TRUE
sea rod,coralnet,plexauridae,mermaid,animalia,cnidaria,malacalcyonacea,plexauridae,not_given,not_given,not_given,not_given,not_given,not_given,not_given,not_given,not_given,not_given,not_given,not_given,not_given,not_given,not_given,not_given,not_given,not_given,not_given,not_given,not_given,not_given,not_given,not_given,not_given,not_given,FALSE,FALSE,FALSE,FALSE,FALSE,FALSE,FALSE,FALSE,FALSE,octocorallia,FALSE,FALSE,FALSE,TRUE
didemnum sp,coralnet,didemnum,mermaid,animalia,chordata,aplousobranchia,didemnidae,didemnum,not_given,FALSE,FALSE,FALSE,FALSE,FALSE,FALSE,FALSE,FALSE,FALSE,FALSE,FALSE,FALSE,FALSE,FALSE,FALSE,FALSE,FALSE,FALSE,FALSE,FALSE,FALSE,FALSE,FALSE,FALSE,FALSE,FALSE,FALSE,FALSE,FALSE,FALSE,FALSE,FALSE,FALSE,ascidiacea,FALSE,FALSE,FALSE,TRUE
fungiidae,coralnet,fungiidae alive,coralscapes_v2,animalia,cnidaria,scleractinia,fungiidae,not_given,not_given,FALSE,FALSE,not_given,FALSE,not_given,not_given,not_given,not_given,not_given,not_given,FALSE,FALSE,not_given,FALSE,FALSE,not_given,FALSE,not_given,not_given,FALSE,FALSE,not_given,FALSE,FALSE,FALSE,FALSE,FALSE,FALSE,FALSE,FALSE,FALSE,FALSE,FALSE,hexacorallia,FALSE,FALSE,FALSE,TRUE
callyspongia spp.,coralnet,callyspongia,mermaid,animalia,porifera,haplosclerida,callyspongiidae,callyspongia,not_given,FALSE,FALSE,FALSE,FALSE,FALSE,FALSE,FALSE,FALSE,FALSE,FALSE,FALSE,FALSE,FALSE,FALSE,FALSE,FALSE,FALSE,FALSE,FALSE,FALSE,FALSE,FALSE,FALSE,FALSE,FALSE,FALSE,FALSE,FALSE,FALSE,FALSE,FALSE,FALSE,FALSE,demospongiae,FALSE,FALSE,FALSE,TRUE
unknown-5,coralnet,other,mermaid,not_given,not_given,not_given,not_given,not_given,not_given,not_given,not_given,not_given,not_given,not_given,not_given,not_given,not_given,not_given,not_given,not_given,not_given,not_given,not_given,not_given,not_given,not_given,not_given,not_given,not_given,not_given,not_given,not_given,not_given,not_given,not_given,not_given,not_given,not_given,not_given,FALSE,not_given,not_given,not_given,not_given,not_given,not_given,FALSE
coral:rock,coralnet,hard substrate,coralscapes_v2,none,none,none,none,none,none,FALSE,FALSE,FALSE,FALSE,FALSE,FALSE,FALSE,FALSE,FALSE,FALSE,FALSE,FALSE,FALSE,FALSE,FALSE,FALSE,FALSE,FALSE,FALSE,FALSE,FALSE,FALSE,FALSE,FALSE,FALSE,FALSE,FALSE,FALSE,FALSE,FALSE,FALSE,FALSE,FALSE,none,FALSE,FALSE,TRUE,FALSE
bleached pseudodiploria strigosa,coralnet,,,animalia,cnidaria,scleractinia,mussidae,pseudodiploria,pseudodiploria_strigosa,FALSE,FALSE,TRUE,FALSE,not_given,not_given,not_given,FALSE,FALSE,not_given,FALSE,FALSE,not_given,FALSE,FALSE,not_given,FALSE,TRUE,not_given,FALSE,FALSE,not_given,not_given,FALSE,TRUE,FALSE,FALSE,FALSE,FALSE,FALSE,FALSE,FALSE,FALSE,hexacorallia,FALSE,FALSE,FALSE,TRUE
encrusting gorgonian,coralnet,gorgonia,mermaid,animalia,cnidaria,malacalcyonacea,gorgoniidae,gorgonia,not_given,not_given,not_given,not_given,not_given,not_given,not_given,not_given,not_given,not_given,not_given,not_given,not_given,not_given,not_given,not_given,not_given,not_given,not_given,not_given,not_given,not_given,not_given,not_given,not_given,FALSE,FALSE,FALSE,FALSE,FALSE,FALSE,FALSE,FALSE,FALSE,octocorallia,FALSE,FALSE,FALSE,TRUE
porolithon,coralnet,porolithon,mermaid,not_given,rhodophyta,corallinales,porolithaceae,porolithon,not_given,FALSE,FALSE,FALSE,FALSE,FALSE,FALSE,FALSE,FALSE,FALSE,FALSE,FALSE,FALSE,FALSE,FALSE,FALSE,FALSE,FALSE,FALSE,FALSE,FALSE,FALSE,FALSE,FALSE,FALSE,FALSE,TRUE,FALSE,not_given,FALSE,FALSE,FALSE,FALSE,FALSE,florideophyceae,FALSE,FALSE,FALSE,FALSE
iotrochota,coralnet,iotrochota,mermaid,animalia,porifera,poecilosclerida,iotrochotidae,iotrochota,not_given,FALSE,FALSE,FALSE,FALSE,FALSE,FALSE,FALSE,FALSE,FALSE,FALSE,FALSE,FALSE,FALSE,FALSE,FALSE,FALSE,FALSE,FALSE,FALSE,FALSE,FALSE,FALSE,FALSE,FALSE,FALSE,FALSE,FALSE,FALSE,FALSE,FALSE,FALSE,FALSE,FALSE,demospongiae,FALSE,FALSE,FALSE,TRUE
eucheuma denticulatum,coralnet,,,plantae,rhodophyta,gigartinales,solieriaceae,eucheuma,eucheuma_denticulatum,FALSE,FALSE,FALSE,FALSE,FALSE,FALSE,FALSE,FALSE,FALSE,FALSE,FALSE,FALSE,FALSE,FALSE,FALSE,FALSE,FALSE,FALSE,FALSE,FALSE,FALSE,FALSE,FALSE,FALSE,FALSE,TRUE,FALSE,FALSE,FALSE,FALSE,FALSE,FALSE,FALSE,florideophyceae,FALSE,FALSE,FALSE,FALSE
esponja-sp-1,coralnet,sponge,coralscapes_v2,animalia,porifera,not_given,not_given,not_given,not_given,FALSE,FALSE,FALSE,FALSE,FALSE,FALSE,FALSE,FALSE,FALSE,FALSE,FALSE,FALSE,FALSE,FALSE,FALSE,FALSE,FALSE,FALSE,FALSE,FALSE,FALSE,FALSE,FALSE,FALSE,FALSE,FALSE,FALSE,FALSE,FALSE,FALSE,FALSE,FALSE,FALSE,not_given,FALSE,FALSE,FALSE,TRUE
green rock,coralnet,hard substrate,coralscapes_v2,none,none,none,none,none,none,FALSE,FALSE,FALSE,FALSE,FALSE,FALSE,FALSE,FALSE,FALSE,FALSE,FALSE,FALSE,FALSE,FALSE,FALSE,FALSE,FALSE,FALSE,FALSE,FALSE,FALSE,FALSE,FALSE,FALSE,FALSE,FALSE,FALSE,FALSE,FALSE,FALSE,FALSE,FALSE,FALSE,none,FALSE,FALSE,TRUE,FALSE
agelas conifera/tubulata,coralnet,agelas,mermaid,animalia,porifera,agelasida,agelasidae,agelas,not_given,FALSE,FALSE,FALSE,FALSE,FALSE,FALSE,FALSE,FALSE,FALSE,FALSE,FALSE,FALSE,FALSE,FALSE,FALSE,FALSE,FALSE,FALSE,FALSE,FALSE,FALSE,FALSE,FALSE,FALSE,FALSE,FALSE,FALSE,FALSE,FALSE,FALSE,FALSE,FALSE,FALSE,demospongiae,FALSE,FALSE,FALSE,TRUE
unknown-21,coralnet,other,mermaid,not_given,not_given,not_given,not_given,not_given,not_given,not_given,not_given,not_given,not_given,not_given,not_given,not_given,not_given,not_given,not_given,not_given,not_given,not_given,not_given,not_given,not_given,not_given,not_given,not_given,not_given,not_given,not_given,not_given,not_given,not_given,not_given,not_given,not_given,not_given,not_given,FALSE,not_given,not_given,not_given,not_given,not_given,not_given,FALSE
sponges: massive forms: simple,coralnet,sponge,coralscapes_v2,animalia,porifera,not_given,not_given,not_given,not_given,FALSE,FALSE,FALSE,FALSE,FALSE,FALSE,FALSE,FALSE,FALSE,FALSE,FALSE,FALSE,FALSE,FALSE,FALSE,FALSE,FALSE,FALSE,FALSE,FALSE,FALSE,FALSE,FALSE,FALSE,FALSE,FALSE,FALSE,FALSE,FALSE,FALSE,FALSE,FALSE,FALSE,not_given,FALSE,FALSE,FALSE,TRUE
cliona delitrix,coralnet,cliona delitrix,mermaid,animalia,porifera,clionaida,clionaidae,cliona,cliona_delitrix,FALSE,FALSE,FALSE,FALSE,FALSE,FALSE,FALSE,FALSE,FALSE,FALSE,FALSE,FALSE,FALSE,FALSE,FALSE,FALSE,FALSE,FALSE,FALSE,FALSE,FALSE,FALSE,FALSE,FALSE,FALSE,FALSE,FALSE,FALSE,FALSE,FALSE,FALSE,FALSE,FALSE,demospongiae,FALSE,FALSE,FALSE,TRUE
fleshy macroalgae,coralnet,macroalgae,mermaid,none,none,none,none,none,none,FALSE,FALSE,FALSE,FALSE,FALSE,FALSE,FALSE,FALSE,FALSE,FALSE,FALSE,FALSE,FALSE,FALSE,FALSE,FALSE,FALSE,FALSE,FALSE,FALSE,FALSE,FALSE,FALSE,FALSE,FALSE,TRUE,FALSE,not_given,FALSE,FALSE,FALSE,TRUE,FALSE,none,FALSE,FALSE,FALSE,FALSE
stephanocoenia intersepta - bleached,coralnet,,,animalia,cnidaria,scleractinia,astrocoeniidae,stephanocoenia,stephanocoenia_intersepta,not_given,not_given,not_given,not_given,TRUE,not_given,not_given,not_given,not_given,not_given,FALSE,FALSE,TRUE,FALSE,not_given,not_given,FALSE,not_given,not_given,not_given,not_given,not_given,FALSE,not_given,TRUE,FALSE,FALSE,FALSE,FALSE,FALSE,FALSE,FALSE,FALSE,hexacorallia,FALSE,FALSE,FALSE,TRUE
foraminifera,coralnet,foraminifera,mermaid,not_given,retaria,not_given,not_given,not_given,not_given,FALSE,FALSE,FALSE,FALSE,FALSE,FALSE,FALSE,FALSE,FALSE,FALSE,FALSE,FALSE,FALSE,FALSE,FALSE,FALSE,FALSE,FALSE,FALSE,FALSE,FALSE,FALSE,FALSE,FALSE,FALSE,FALSE,FALSE,not_given,FALSE,FALSE,FALSE,FALSE,FALSE,not_given,FALSE,FALSE,FALSE,FALSE
macroalgae: articulated calcareous: green,coralnet,calcifying algae,coralnet,none,none,none,none,none,none,FALSE,FALSE,FALSE,FALSE,FALSE,FALSE,FALSE,FALSE,FALSE,FALSE,FALSE,FALSE,FALSE,FALSE,FALSE,FALSE,FALSE,FALSE,FALSE,FALSE,FALSE,FALSE,FALSE,FALSE,FALSE,TRUE,FALSE,not_given,FALSE,FALSE,FALSE,not_given,FALSE,none,FALSE,FALSE,FALSE,FALSE
dipsastraea matthai,coralnet,dipsastraea matthaii,mermaid,animalia,cnidaria,scleractinia,merulinidae,dipsastraea,dipsastraea_matthaii,not_given,not_given,not_given,not_given,TRUE,not_given,not_given,not_given,not_given,not_given,FALSE,FALSE,not_given,FALSE,not_given,FALSE,FALSE,not_given,not_given,not_given,not_given,not_given,FALSE,not_given,FALSE,FALSE,FALSE,FALSE,FALSE,FALSE,FALSE,FALSE,FALSE,hexacorallia,FALSE,FALSE,FALSE,TRUE
non-bio,coralnet,other,mermaid,not_given,not_given,not_given,not_given,not_given,not_given,not_given,not_given,not_given,not_given,not_given,not_given,not_given,not_given,not_given,not_given,not_given,not_given,not_given,not_given,not_given,not_given,not_given,not_given,not_given,not_given,not_given,not_given,not_given,not_given,not_given,not_given,not_given,not_given,not_given,not_given,FALSE,not_given,not_given,not_given,not_given,not_given,not_given,FALSE
porites_encrusting,coralnet,porites alive,coralscapes_v2,animalia,cnidaria,scleractinia,poritidae,porites,not_given,FALSE,FALSE,not_given,FALSE,TRUE,FALSE,TRUE,not_given,not_given,not_given,FALSE,FALSE,not_given,FALSE,FALSE,not_given,FALSE,FALSE,FALSE,FALSE,FALSE,FALSE,FALSE,FALSE,FALSE,FALSE,FALSE,FALSE,FALSE,FALSE,FALSE,FALSE,FALSE,hexacorallia,FALSE,FALSE,FALSE,TRUE
tridacna,coralnet,giant clam,coralscapes_v2,animalia,mollusca,cardiida,cardiidae,tridacna,not_given,FALSE,FALSE,FALSE,FALSE,FALSE,FALSE,FALSE,FALSE,FALSE,FALSE,FALSE,FALSE,FALSE,FALSE,FALSE,FALSE,FALSE,FALSE,FALSE,FALSE,FALSE,FALSE,FALSE,FALSE,FALSE,FALSE,FALSE,FALSE,FALSE,FALSE,FALSE,FALSE,FALSE,bivalvia,FALSE,FALSE,FALSE,TRUE
hydrozoan-sp3,coralnet,hydrozoa,mermaid,animalia,cnidaria,not_given,not_given,not_given,not_given,not_given,not_given,not_given,not_given,not_given,not_given,not_given,not_given,not_given,not_given,not_given,not_given,not_given,not_given,not_given,not_given,not_given,not_given,not_given,not_given,not_given,not_given,not_given,not_given,FALSE,FALSE,FALSE,FALSE,FALSE,FALSE,FALSE,FALSE,FALSE,hydrozoa,FALSE,FALSE,FALSE,TRUE
paragoniastra healthy,coralnet,,,animalia,cnidaria,scleractinia,merulinidae,paragoniastrea,not_given,not_given,not_given,not_given,not_given,not_given,not_given,not_given,not_given,not_given,not_given,FALSE,FALSE,not_given,FALSE,not_given,not_given,FALSE,not_given,not_given,not_given,not_given,not_given,FALSE,not_given,FALSE,FALSE,FALSE,FALSE,FALSE,FALSE,FALSE,FALSE,FALSE,hexacorallia,FALSE,FALSE,FALSE,TRUE
dead coral with turf (lof),coralnet,turf algae,mermaid,none,none,none,none,none,none,FALSE,FALSE,FALSE,FALSE,FALSE,FALSE,FALSE,FALSE,FALSE,FALSE,FALSE,FALSE,FALSE,FALSE,FALSE,FALSE,FALSE,FALSE,FALSE,FALSE,FALSE,FALSE,FALSE,FALSE,FALSE,TRUE,FALSE,not_given,FALSE,FALSE,FALSE,FALSE,FALSE,none,FALSE,FALSE,not_given,FALSE
niphates digitalis,coralnet,niphates digitalis,mermaid,animalia,porifera,haplosclerida,niphatidae,niphates,niphates_digitalis,FALSE,FALSE,FALSE,FALSE,FALSE,FALSE,FALSE,FALSE,FALSE,FALSE,FALSE,FALSE,FALSE,FALSE,FALSE,FALSE,FALSE,FALSE,FALSE,FALSE,FALSE,FALSE,FALSE,FALSE,FALSE,FALSE,FALSE,FALSE,FALSE,FALSE,FALSE,FALSE,FALSE,demospongiae,FALSE,FALSE,FALSE,TRUE
montastraea cavernosa - bleached,coralnet,bleached montastraea cavernosa,coralnet,animalia,cnidaria,scleractinia,montastraeidae,montastraea,montastraea_cavernosa,not_given,FALSE,not_given,not_given,TRUE,not_given,not_given,FALSE,not_given,not_given,FALSE,FALSE,not_given,FALSE,not_given,TRUE,FALSE,not_given,not_given,not_given,not_given,not_given,FALSE,not_given,TRUE,FALSE,FALSE,FALSE,FALSE,FALSE,FALSE,FALSE,FALSE,hexacorallia,FALSE,FALSE,FALSE,TRUE
acropora digitifera,coralnet,,,animalia,cnidaria,scleractinia,acroporidae,acropora,acropora_digitifera,FALSE,not_given,FALSE,FALSE,FALSE,FALSE,not_given,not_given,FALSE,FALSE,FALSE,FALSE,FALSE,FALSE,not_given,not_given,FALSE,FALSE,FALSE,not_given,not_given,FALSE,FALSE,not_given,FALSE,FALSE,FALSE,FALSE,FALSE,FALSE,FALSE,FALSE,FALSE,hexacorallia,FALSE,FALSE,FALSE,TRUE
unknown-20,coralnet,other,mermaid,not_given,not_given,not_given,not_given,not_given,not_given,not_given,not_given,not_given,not_given,not_given,not_given,not_given,not_given,not_given,not_given,not_given,not_given,not_given,not_given,not_given,not_given,not_given,not_given,not_given,not_given,not_given,not_given,not_given,not_given,not_given,not_given,not_given,not_given,not_given,not_given,FALSE,not_given,not_given,not_given,not_given,not_given,not_given,FALSE
favidae-mussidae massive/meandroid,coralnet,mussidae,mermaid,animalia,cnidaria,scleractinia,mussidae,not_given,not_given,FALSE,FALSE,not_given,FALSE,TRUE,not_given,not_given,FALSE,FALSE,not_given,FALSE,FALSE,not_given,FALSE,FALSE,not_given,FALSE,TRUE,not_given,FALSE,FALSE,not_given,not_given,FALSE,FALSE,FALSE,FALSE,FALSE,FALSE,FALSE,FALSE,FALSE,FALSE,hexacorallia,FALSE,FALSE,FALSE,TRUE
acropora nonbranching paling,coralnet,acropora alive,coralscapes_v2,animalia,cnidaria,scleractinia,acroporidae,acropora,not_given,FALSE,FALSE,FALSE,FALSE,FALSE,FALSE,not_given,not_given,FALSE,FALSE,FALSE,FALSE,FALSE,FALSE,FALSE,not_given,FALSE,FALSE,FALSE,FALSE,FALSE,FALSE,FALSE,not_given,FALSE,FALSE,FALSE,FALSE,FALSE,FALSE,FALSE,FALSE,FALSE,hexacorallia,FALSE,FALSE,FALSE,TRUE
esponja-sp-9,coralnet,sponge,coralscapes_v2,animalia,porifera,not_given,not_given,not_given,not_given,FALSE,FALSE,FALSE,FALSE,FALSE,FALSE,FALSE,FALSE,FALSE,FALSE,FALSE,FALSE,FALSE,FALSE,FALSE,FALSE,FALSE,FALSE,FALSE,FALSE,FALSE,FALSE,FALSE,FALSE,FALSE,FALSE,FALSE,FALSE,FALSE,FALSE,FALSE,FALSE,FALSE,not_given,FALSE,FALSE,FALSE,TRUE
cladiella sp. bleached,coralnet,cladiella,mermaid,animalia,cnidaria,malacalcyonacea,alcyoniidae,cladiella,not_given,not_given,not_given,not_given,not_given,not_given,not_given,not_given,not_given,not_given,not_given,not_given,not_given,not_given,not_given,not_given,not_given,not_given,not_given,not_given,not_given,not_given,not_given,not_given,not_given,TRUE,FALSE,FALSE,FALSE,FALSE,FALSE,FALSE,FALSE,FALSE,octocorallia,FALSE,FALSE,FALSE,TRUE
dipsastraea favus,coralnet,dipsastraea favus,mermaid,animalia,cnidaria,scleractinia,merulinidae,dipsastraea,dipsastraea_favus,FALSE,FALSE,not_given,FALSE,TRUE,not_given,not_given,FALSE,FALSE,not_given,FALSE,FALSE,not_given,FALSE,FALSE,FALSE,FALSE,not_given,TRUE,FALSE,FALSE,not_given,FALSE,FALSE,FALSE,FALSE,FALSE,FALSE,FALSE,FALSE,FALSE,FALSE,FALSE,hexacorallia,FALSE,FALSE,FALSE,TRUE
"red algae, unidentified encrusting",coralnet,calcifying algae,coralnet,none,none,none,none,none,none,FALSE,FALSE,FALSE,FALSE,FALSE,FALSE,FALSE,FALSE,FALSE,FALSE,FALSE,FALSE,FALSE,FALSE,FALSE,FALSE,FALSE,FALSE,FALSE,FALSE,FALSE,FALSE,FALSE,FALSE,FALSE,TRUE,FALSE,not_given,FALSE,FALSE,FALSE,not_given,FALSE,none,FALSE,FALSE,FALSE,FALSE
dead coral with erect cca (lof),coralnet,crustose coralline algae,mermaid,not_given,rhodophyta,corallinales,not_given,not_given,not_given,FALSE,FALSE,FALSE,FALSE,FALSE,FALSE,FALSE,FALSE,FALSE,FALSE,FALSE,FALSE,FALSE,FALSE,FALSE,FALSE,FALSE,FALSE,FALSE,FALSE,FALSE,FALSE,FALSE,FALSE,FALSE,TRUE,FALSE,not_given,FALSE,FALSE,FALSE,FALSE,FALSE,florideophyceae,FALSE,FALSE,not_given,FALSE
coscinaraea columna,coralnet,,,animalia,cnidaria,scleractinia,coscinaraeidae,coscinaraea,coscinaraea_columna,not_given,not_given,not_given,not_given,not_given,not_given,not_given,not_given,not_given,not_given,FALSE,FALSE,not_given,FALSE,not_given,not_given,FALSE,not_given,not_given,not_given,not_given,not_given,FALSE,not_given,FALSE,FALSE,FALSE,FALSE,FALSE,FALSE,FALSE,FALSE,FALSE,hexacorallia,FALSE,FALSE,FALSE,TRUE
bleached dendrogyra,coralnet,,,animalia,cnidaria,scleractinia,meandrinidae,dendrogyra,not_given,not_given,not_given,not_given,not_given,not_given,not_given,not_given,not_given,not_given,not_given,FALSE,FALSE,not_given,FALSE,not_given,not_given,FALSE,not_given,not_given,not_given,not_given,not_given,FALSE,not_given,TRUE,FALSE,FALSE,FALSE,FALSE,FALSE,FALSE,FALSE,FALSE,hexacorallia,FALSE,FALSE,FALSE,TRUE
montipora nodosa,coralnet,,,animalia,cnidaria,scleractinia,acroporidae,montipora,not_given,FALSE,not_given,not_given,FALSE,not_given,FALSE,not_given,not_given,not_given,not_given,FALSE,FALSE,not_given,FALSE,not_given,not_given,FALSE,not_given,FALSE,FALSE,not_given,FALSE,FALSE,not_given,FALSE,FALSE,FALSE,FALSE,FALSE,FALSE,FALSE,FALSE,FALSE,hexacorallia,FALSE,FALSE,FALSE,TRUE
bleached meandrina,coralnet,,,animalia,cnidaria,scleractinia,meandrinidae,meandrina,not_given,not_given,not_given,not_given,not_given,not_given,not_given,not_given,not_given,not_given,not_given,FALSE,FALSE,not_given,FALSE,not_given,not_given,FALSE,not_given,not_given,not_given,not_given,not_given,FALSE,not_given,TRUE,FALSE,FALSE,FALSE,FALSE,FALSE,FALSE,FALSE,FALSE,hexacorallia,FALSE,FALSE,FALSE,TRUE
astreopora cucullata,coralnet,,,animalia,cnidaria,scleractinia,acroporidae,astreopora,astreopora_cucullata,not_given,not_given,not_given,not_given,not_given,not_given,not_given,not_given,not_given,not_given,FALSE,FALSE,not_given,FALSE,not_given,not_given,FALSE,not_given,not_given,not_given,not_given,not_given,FALSE,not_given,FALSE,FALSE,FALSE,FALSE,FALSE,FALSE,FALSE,FALSE,FALSE,hexacorallia,FALSE,FALSE,FALSE,TRUE
montipora encrusting bleached,coralnet,,,animalia,cnidaria,scleractinia,acroporidae,montipora,not_given,FALSE,FALSE,not_given,FALSE,not_given,FALSE,TRUE,not_given,not_given,not_given,FALSE,FALSE,not_given,FALSE,FALSE,not_given,FALSE,not_given,FALSE,FALSE,FALSE,FALSE,FALSE,FALSE,TRUE,FALSE,FALSE,FALSE,FALSE,FALSE,FALSE,FALSE,FALSE,hexacorallia,FALSE,FALSE,FALSE,TRUE
sponge (encrusting),coralnet,sponge,coralscapes_v2,animalia,porifera,not_given,not_given,not_given,not_given,FALSE,FALSE,FALSE,FALSE,FALSE,FALSE,FALSE,FALSE,FALSE,FALSE,FALSE,FALSE,FALSE,FALSE,FALSE,FALSE,FALSE,FALSE,FALSE,FALSE,FALSE,FALSE,FALSE,FALSE,FALSE,FALSE,FALSE,FALSE,FALSE,FALSE,FALSE,FALSE,FALSE,not_given,FALSE,FALSE,FALSE,TRUE
goniastrea pectinata,coralnet,,,animalia,cnidaria,scleractinia,merulinidae,goniastrea,goniastrea_pectinata,not_given,not_given,not_given,not_given,not_given,not_given,not_given,not_given,not_given,not_given,FALSE,FALSE,not_given,FALSE,not_given,not_given,FALSE,not_given,not_given,not_given,not_given,not_given,FALSE,not_given,FALSE,FALSE,FALSE,FALSE,FALSE,FALSE,FALSE,FALSE,FALSE,hexacorallia,FALSE,FALSE,FALSE,TRUE
acropora globiceps,coralnet,,,animalia,cnidaria,scleractinia,acroporidae,acropora,acropora_globiceps,FALSE,not_given,FALSE,FALSE,FALSE,FALSE,not_given,not_given,FALSE,FALSE,FALSE,FALSE,FALSE,FALSE,not_given,not_given,FALSE,FALSE,FALSE,not_given,not_given,FALSE,FALSE,not_given,FALSE,FALSE,FALSE,FALSE,FALSE,FALSE,FALSE,FALSE,FALSE,hexacorallia,FALSE,FALSE,FALSE,TRUE
cliona spp.,coralnet,cliona,mermaid,animalia,porifera,clionaida,clionaidae,cliona,not_given,FALSE,FALSE,FALSE,FALSE,FALSE,FALSE,FALSE,FALSE,FALSE,FALSE,FALSE,FALSE,FALSE,FALSE,FALSE,FALSE,FALSE,FALSE,FALSE,FALSE,FALSE,FALSE,FALSE,FALSE,FALSE,FALSE,FALSE,FALSE,FALSE,FALSE,FALSE,FALSE,FALSE,demospongiae,FALSE,FALSE,FALSE,TRUE
astrea curta,coralnet,astrea curta,mermaid,animalia,cnidaria,scleractinia,merulinidae,astrea,astrea_curta,FALSE,not_given,not_given,FALSE,TRUE,not_given,not_given,not_given,not_given,TRUE,FALSE,FALSE,TRUE,FALSE,not_given,not_given,FALSE,not_given,FALSE,not_given,not_given,FALSE,FALSE,not_given,FALSE,FALSE,FALSE,FALSE,FALSE,FALSE,FALSE,FALSE,FALSE,hexacorallia,FALSE,FALSE,FALSE,TRUE
rare coral (lof),coralnet,other coral alive,coralscapes_v2,animalia,cnidaria,not_given,not_given,not_given,not_given,not_given,not_given,not_given,not_given,not_given,not_given,not_given,not_given,not_given,not_given,not_given,not_given,not_given,not_given,not_given,not_given,not_given,not_given,not_given,not_given,not_given,not_given,not_given,not_given,FALSE,FALSE,FALSE,FALSE,FALSE,FALSE,FALSE,FALSE,FALSE,not_given,FALSE,FALSE,FALSE,TRUE
didemnidae,coralnet,,,animalia,chordata,aplousobranchia,didemnidae,not_given,not_given,FALSE,FALSE,FALSE,FALSE,FALSE,FALSE,FALSE,FALSE,FALSE,FALSE,FALSE,FALSE,FALSE,FALSE,FALSE,FALSE,FALSE,FALSE,FALSE,FALSE,FALSE,FALSE,FALSE,FALSE,FALSE,FALSE,FALSE,FALSE,FALSE,FALSE,FALSE,FALSE,FALSE,ascidiacea,FALSE,FALSE,FALSE,TRUE
unknown-9,coralnet,other,mermaid,not_given,not_given,not_given,not_given,not_given,not_given,not_given,not_given,not_given,not_given,not_given,not_given,not_given,not_given,not_given,not_given,not_given,not_given,not_given,not_given,not_given,not_given,not_given,not_given,not_given,not_given,not_given,not_given,not_given,not_given,not_given,not_given,not_given,not_given,not_given,not_given,FALSE,not_given,not_given,not_given,not_given,not_given,not_given,FALSE
red macroalgae,coralnet,macroalgae,mermaid,none,none,none,none,none,none,FALSE,FALSE,FALSE,FALSE,FALSE,FALSE,FALSE,FALSE,FALSE,FALSE,FALSE,FALSE,FALSE,FALSE,FALSE,FALSE,FALSE,FALSE,FALSE,FALSE,FALSE,FALSE,FALSE,FALSE,FALSE,TRUE,FALSE,not_given,FALSE,FALSE,FALSE,TRUE,FALSE,none,FALSE,FALSE,FALSE,FALSE
agaricia tenuifolia - bleached,coralnet,,,animalia,cnidaria,scleractinia,agariciidae,agaricia,agaricia_tenuifolia,not_given,FALSE,not_given,not_given,not_given,not_given,not_given,FALSE,TRUE,not_given,FALSE,FALSE,not_given,FALSE,not_given,TRUE,FALSE,not_given,not_given,not_given,not_given,not_given,FALSE,not_given,TRUE,FALSE,FALSE,FALSE,FALSE,FALSE,FALSE,FALSE,FALSE,hexacorallia,FALSE,FALSE,FALSE,TRUE
acropora corymbose/tabular/plate bleached,coralnet,acropora bleached,coralscapes_v2,animalia,cnidaria,scleractinia,acroporidae,acropora,not_given,FALSE,TRUE,FALSE,FALSE,FALSE,FALSE,FALSE,FALSE,FALSE,FALSE,FALSE,FALSE,FALSE,FALSE,TRUE,TRUE,FALSE,FALSE,FALSE,FALSE,not_given,FALSE,FALSE,TRUE,TRUE,FALSE,FALSE,FALSE,FALSE,FALSE,FALSE,FALSE,FALSE,hexacorallia,FALSE,FALSE,FALSE,TRUE
siderastrea siderea - bleached,coralnet,bleached siderastrea siderea,coralnet,animalia,cnidaria,scleractinia,siderastreidae,siderastrea,siderastrea_siderea,FALSE,FALSE,not_given,FALSE,TRUE,not_given,TRUE,not_given,not_given,not_given,FALSE,FALSE,TRUE,FALSE,FALSE,not_given,FALSE,not_given,not_given,FALSE,FALSE,not_given,FALSE,FALSE,TRUE,FALSE,FALSE,FALSE,FALSE,FALSE,FALSE,FALSE,FALSE,hexacorallia,FALSE,FALSE,FALSE,TRUE
bleached diploria labyrinthiformes,coralnet,bleached diploria labyrinthiformis,catlin_seaview,animalia,cnidaria,scleractinia,mussidae,diploria,diploria_labyrinthiformis,FALSE,FALSE,TRUE,FALSE,TRUE,not_given,not_given,FALSE,FALSE,not_given,FALSE,FALSE,not_given,FALSE,FALSE,not_given,FALSE,TRUE,TRUE,FALSE,FALSE,not_given,not_given,FALSE,TRUE,FALSE,FALSE,FALSE,FALSE,FALSE,FALSE,FALSE,FALSE,hexacorallia,FALSE,FALSE,FALSE,TRUE
porites bleached hypermycosis,coralnet,porites bleached,coralscapes_v2,animalia,cnidaria,scleractinia,poritidae,porites,not_given,FALSE,not_given,not_given,FALSE,TRUE,FALSE,not_given,not_given,not_given,not_given,FALSE,FALSE,not_given,FALSE,not_given,not_given,FALSE,FALSE,FALSE,FALSE,not_given,FALSE,FALSE,not_given,TRUE,FALSE,FALSE,FALSE,FALSE,FALSE,FALSE,FALSE,FALSE,hexacorallia,FALSE,FALSE,FALSE,TRUE
bleached orbicella franksi,coralnet,,,animalia,cnidaria,scleractinia,merulinidae,orbicella,orbicella_franksi,FALSE,FALSE,not_given,FALSE,TRUE,not_given,TRUE,FALSE,not_given,not_given,FALSE,FALSE,not_given,FALSE,FALSE,TRUE,FALSE,not_given,not_given,FALSE,FALSE,not_given,FALSE,FALSE,TRUE,FALSE,FALSE,FALSE,FALSE,FALSE,FALSE,FALSE,FALSE,hexacorallia,FALSE,FALSE,FALSE,TRUE
agaricia agaricites - bleached,coralnet,,,animalia,cnidaria,scleractinia,agariciidae,agaricia,agaricia_agaricites,FALSE,FALSE,not_given,FALSE,not_given,not_given,TRUE,FALSE,not_given,not_given,FALSE,FALSE,TRUE,FALSE,FALSE,TRUE,FALSE,not_given,not_given,FALSE,FALSE,not_given,FALSE,FALSE,TRUE,FALSE,FALSE,FALSE,FALSE,FALSE,FALSE,FALSE,FALSE,hexacorallia,FALSE,FALSE,FALSE,TRUE
target,coralnet,transect tools,coralscapes_v2,none,none,none,none,none,none,FALSE,FALSE,FALSE,FALSE,FALSE,FALSE,FALSE,FALSE,FALSE,FALSE,FALSE,FALSE,FALSE,FALSE,FALSE,FALSE,FALSE,FALSE,FALSE,FALSE,FALSE,FALSE,FALSE,FALSE,FALSE,FALSE,FALSE,TRUE,FALSE,TRUE,FALSE,FALSE,FALSE,none,FALSE,FALSE,FALSE,FALSE
transect,coralnet,transect line,coralscapes_v2,none,none,none,none,none,none,FALSE,FALSE,FALSE,FALSE,FALSE,FALSE,FALSE,FALSE,FALSE,FALSE,FALSE,FALSE,FALSE,FALSE,FALSE,FALSE,FALSE,FALSE,FALSE,FALSE,FALSE,FALSE,FALSE,FALSE,FALSE,FALSE,FALSE,TRUE,FALSE,TRUE,TRUE,FALSE,FALSE,none,FALSE,FALSE,FALSE,FALSE
porites porites - bleached,coralnet,bleached porites porites,coralnet,animalia,cnidaria,scleractinia,poritidae,porites,porites_porites,FALSE,FALSE,not_given,FALSE,TRUE,FALSE,TRUE,FALSE,FALSE,TRUE,FALSE,FALSE,TRUE,FALSE,TRUE,TRUE,FALSE,FALSE,FALSE,FALSE,FALSE,FALSE,FALSE,FALSE,TRUE,FALSE,FALSE,FALSE,FALSE,FALSE,FALSE,FALSE,FALSE,hexacorallia,FALSE,FALSE,FALSE,TRUE
astreopora gracilis,coralnet,astreopora gracilis,mermaid,animalia,cnidaria,scleractinia,acroporidae,astreopora,astreopora_gracilis,FALSE,FALSE,not_given,FALSE,not_given,not_given,TRUE,FALSE,not_given,not_given,FALSE,FALSE,TRUE,FALSE,FALSE,TRUE,FALSE,not_given,not_given,FALSE,FALSE,not_given,FALSE,FALSE,FALSE,FALSE,FALSE,FALSE,FALSE,FALSE,FALSE,FALSE,FALSE,hexacorallia,FALSE,FALSE,FALSE,TRUE
favidae-mussidae massive/meandroid bleached,coralnet,meandering coral bleached,coralscapes_v2,animalia,cnidaria,scleractinia,not_given,not_given,not_given,FALSE,FALSE,not_given,FALSE,TRUE,not_given,not_given,FALSE,FALSE,not_given,FALSE,FALSE,TRUE,FALSE,FALSE,not_given,FALSE,TRUE,not_given,FALSE,FALSE,not_given,not_given,FALSE,TRUE,FALSE,FALSE,FALSE,FALSE,FALSE,FALSE,FALSE,FALSE,hexacorallia,FALSE,FALSE,FALSE,TRUE
bryozoan_branching,coralnet,bryozoan,mermaid,animalia,bryozoa,not_given,not_given,not_given,not_given,FALSE,FALSE,FALSE,FALSE,FALSE,FALSE,FALSE,FALSE,FALSE,FALSE,FALSE,FALSE,FALSE,FALSE,FALSE,FALSE,FALSE,FALSE,FALSE,FALSE,FALSE,FALSE,FALSE,FALSE,FALSE,FALSE,FALSE,FALSE,FALSE,FALSE,FALSE,FALSE,FALSE,not_given,FALSE,FALSE,FALSE,TRUE
molluscs: gastropods: shelled,coralnet,molluscs: gastropods,coralnet,animalia,mollusca,not_given,not_given,not_given,not_given,FALSE,FALSE,FALSE,FALSE,FALSE,FALSE,FALSE,FALSE,FALSE,FALSE,FALSE,FALSE,FALSE,FALSE,FALSE,FALSE,FALSE,FALSE,FALSE,FALSE,FALSE,FALSE,FALSE,FALSE,FALSE,FALSE,FALSE,FALSE,FALSE,FALSE,FALSE,FALSE,FALSE,gastropoda,FALSE,FALSE,FALSE,TRUE
bleached cyphastrea,coralnet,,,animalia,cnidaria,scleractinia,merulinidae,cyphastrea,not_given,not_given,not_given,not_given,not_given,not_given,not_given,not_given,not_given,not_given,not_given,FALSE,FALSE,not_given,FALSE,not_given,not_given,FALSE,not_given,not_given,not_given,not_given,not_given,FALSE,not_given,TRUE,FALSE,FALSE,FALSE,FALSE,FALSE,FALSE,FALSE,FALSE,hexacorallia,FALSE,FALSE,FALSE,TRUE
bleached isopora,coralnet,,,animalia,cnidaria,scleractinia,acroporidae,isopora,not_given,not_given,not_given,not_given,not_given,not_given,not_given,not_given,not_given,not_given,not_given,FALSE,FALSE,not_given,FALSE,not_given,not_given,FALSE,not_given,not_given,not_given,not_given,not_given,FALSE,not_given,TRUE,FALSE,FALSE,FALSE,FALSE,FALSE,FALSE,FALSE,FALSE,hexacorallia,FALSE,FALSE,FALSE,TRUE
aiolochroia crassa,coralnet,aiolochroia crassa,mermaid,animalia,porifera,verongiida,aplysinidae,aiolochroia,aiolochroia_crassa,FALSE,FALSE,FALSE,FALSE,FALSE,FALSE,FALSE,FALSE,FALSE,FALSE,FALSE,FALSE,FALSE,FALSE,FALSE,FALSE,FALSE,FALSE,FALSE,FALSE,FALSE,FALSE,FALSE,FALSE,FALSE,FALSE,FALSE,FALSE,FALSE,FALSE,FALSE,FALSE,FALSE,demospongiae,FALSE,FALSE,FALSE,TRUE
orbicella spp. - bleached,coralnet,,,animalia,cnidaria,scleractinia,merulinidae,orbicella,not_given,not_given,not_given,not_given,not_given,not_given,not_given,not_given,not_given,not_given,not_given,FALSE,FALSE,not_given,FALSE,not_given,not_given,FALSE,not_given,not_given,not_given,not_given,not_given,FALSE,not_given,TRUE,FALSE,FALSE,FALSE,FALSE,FALSE,FALSE,FALSE,FALSE,hexacorallia,FALSE,FALSE,FALSE,TRUE
pseudodiploria strigosa- bleached,coralnet,bleached pseudodiploria strigosa,coralnet,animalia,cnidaria,scleractinia,mussidae,pseudodiploria,pseudodiploria_strigosa,FALSE,FALSE,TRUE,FALSE,not_given,not_given,not_given,FALSE,FALSE,not_given,FALSE,FALSE,not_given,FALSE,FALSE,not_given,FALSE,TRUE,not_given,FALSE,FALSE,not_given,not_given,FALSE,TRUE,FALSE,FALSE,FALSE,FALSE,FALSE,FALSE,FALSE,FALSE,hexacorallia,FALSE,FALSE,FALSE,TRUE
acropora branching bleached,coralnet,acropora bleached,coralscapes_v2,animalia,cnidaria,scleractinia,acroporidae,acropora,not_given,FALSE,not_given,FALSE,FALSE,FALSE,FALSE,FALSE,not_given,FALSE,FALSE,FALSE,FALSE,FALSE,FALSE,TRUE,not_given,FALSE,FALSE,FALSE,not_given,not_given,FALSE,FALSE,not_given,TRUE,FALSE,FALSE,FALSE,FALSE,FALSE,FALSE,FALSE,FALSE,hexacorallia,FALSE,FALSE,FALSE,TRUE
pearsonothuria,coralnet,,,animalia,echinodermata,holothuriida,holothuriidae,pearsonothuria,not_given,FALSE,FALSE,FALSE,FALSE,FALSE,FALSE,FALSE,FALSE,FALSE,FALSE,FALSE,FALSE,FALSE,FALSE,FALSE,FALSE,FALSE,FALSE,FALSE,FALSE,FALSE,FALSE,FALSE,FALSE,FALSE,FALSE,FALSE,FALSE,FALSE,FALSE,FALSE,FALSE,FALSE,holothuroidea,FALSE,FALSE,FALSE,TRUE
fire weed hydroid,coralnet,,,animalia,cnidaria,leptothecata,aglaopheniidae,aglaophenia,aglaophenia_cupressina,not_given,not_given,not_given,not_given,not_given,not_given,not_given,not_given,not_given,not_given,not_given,not_given,not_given,not_given,not_given,not_given,not_given,not_given,not_given,not_given,not_given,not_given,not_given,not_given,FALSE,FALSE,FALSE,FALSE,FALSE,FALSE,FALSE,FALSE,FALSE,hydrozoa,FALSE,FALSE,FALSE,TRUE
unknown-1,coralnet,other,mermaid,not_given,not_given,not_given,not_given,not_given,not_given,not_given,not_given,not_given,not_given,not_given,not_given,not_given,not_given,not_given,not_given,not_given,not_given,not_given,not_given,not_given,not_given,not_given,not_given,not_given,not_given,not_given,not_given,not_given,not_given,not_given,not_given,not_given,not_given,not_given,not_given,FALSE,not_given,not_given,not_given,not_given,not_given,not_given,FALSE
acanthastrea echinata,coralnet,acanthastrea echinata,mermaid,animalia,cnidaria,scleractinia,lobophylliidae,acanthastrea,acanthastrea_echinata,FALSE,FALSE,not_given,FALSE,TRUE,not_given,TRUE,not_given,not_given,not_given,FALSE,FALSE,not_given,FALSE,FALSE,FALSE,FALSE,not_given,not_given,FALSE,FALSE,not_given,not_given,FALSE,FALSE,FALSE,FALSE,FALSE,FALSE,FALSE,FALSE,FALSE,FALSE,hexacorallia,FALSE,FALSE,FALSE,TRUE
cinachyrella sp.,coralnet,,,animalia,porifera,tetractinellida,tetillidae,cinachyrella,not_given,FALSE,FALSE,FALSE,FALSE,FALSE,FALSE,FALSE,FALSE,FALSE,FALSE,FALSE,FALSE,FALSE,FALSE,FALSE,FALSE,FALSE,FALSE,FALSE,FALSE,FALSE,FALSE,FALSE,FALSE,FALSE,FALSE,FALSE,FALSE,FALSE,FALSE,FALSE,FALSE,FALSE,demospongiae,FALSE,FALSE,FALSE,TRUE
dead with macroalgae,coralnet,macroalgae,mermaid,none,none,none,none,none,none,FALSE,FALSE,FALSE,FALSE,FALSE,FALSE,FALSE,FALSE,FALSE,FALSE,FALSE,FALSE,FALSE,FALSE,FALSE,FALSE,FALSE,FALSE,FALSE,FALSE,FALSE,FALSE,FALSE,FALSE,FALSE,TRUE,FALSE,not_given,FALSE,FALSE,FALSE,TRUE,FALSE,none,FALSE,FALSE,FALSE,FALSE
heteractis aurora,coralnet,,,animalia,cnidaria,actiniaria,heteractidae,heteractis,heteractis_aurora,not_given,not_given,not_given,not_given,not_given,not_given,not_given,not_given,not_given,not_given,not_given,not_given,not_given,not_given,not_given,not_given,not_given,not_given,not_given,not_given,not_given,not_given,not_given,not_given,FALSE,FALSE,FALSE,FALSE,FALSE,FALSE,FALSE,FALSE,FALSE,hexacorallia,FALSE,FALSE,FALSE,TRUE
unknown-3,coralnet,other,mermaid,not_given,not_given,not_given,not_given,not_given,not_given,not_given,not_given,not_given,not_given,not_given,not_given,not_given,not_given,not_given,not_given,not_given,not_given,not_given,not_given,not_given,not_given,not_given,not_given,not_given,not_given,not_given,not_given,not_given,not_given,not_given,not_given,not_given,not_given,not_given,not_given,FALSE,not_given,not_given,not_given,not_given,not_given,not_given,FALSE
verongula sp.,coralnet,verongula,coralnet,animalia,porifera,verongiida,aplysinidae,verongula,not_given,FALSE,FALSE,FALSE,FALSE,FALSE,FALSE,FALSE,FALSE,FALSE,FALSE,FALSE,FALSE,FALSE,FALSE,FALSE,FALSE,FALSE,FALSE,FALSE,FALSE,FALSE,FALSE,FALSE,FALSE,FALSE,FALSE,FALSE,FALSE,FALSE,FALSE,FALSE,FALSE,FALSE,demospongiae,FALSE,FALSE,FALSE,TRUE
madracis carmabi,coralnet,madracis carmabi,mermaid,animalia,cnidaria,scleractinia,pocilloporidae,madracis,madracis_carmabi,not_given,FALSE,not_given,not_given,FALSE,not_given,TRUE,not_given,FALSE,TRUE,FALSE,FALSE,TRUE,FALSE,TRUE,not_given,FALSE,FALSE,not_given,FALSE,FALSE,not_given,FALSE,FALSE,FALSE,FALSE,FALSE,FALSE,FALSE,FALSE,FALSE,FALSE,FALSE,hexacorallia,FALSE,FALSE,FALSE,TRUE
briozoo-sp-5,coralnet,bryozoan,mermaid,animalia,bryozoa,not_given,not_given,not_given,not_given,FALSE,FALSE,FALSE,FALSE,FALSE,FALSE,FALSE,FALSE,FALSE,FALSE,FALSE,FALSE,FALSE,FALSE,FALSE,FALSE,FALSE,FALSE,FALSE,FALSE,FALSE,FALSE,FALSE,FALSE,FALSE,FALSE,FALSE,FALSE,FALSE,FALSE,FALSE,FALSE,FALSE,not_given,FALSE,FALSE,FALSE,TRUE
montipora effusa,coralnet,,,animalia,cnidaria,scleractinia,acroporidae,montipora,montipora_effusa,FALSE,not_given,not_given,FALSE,not_given,FALSE,not_given,not_given,not_given,not_given,FALSE,FALSE,not_given,FALSE,not_given,not_given,FALSE,not_given,FALSE,FALSE,not_given,FALSE,FALSE,not_given,FALSE,FALSE,FALSE,FALSE,FALSE,FALSE,FALSE,FALSE,FALSE,hexacorallia,FALSE,FALSE,FALSE,TRUE
dipsastraea speciosa,coralnet,dipsastraea speciosa,mermaid,animalia,cnidaria,scleractinia,merulinidae,dipsastraea,dipsastraea_speciosa,not_given,not_given,not_given,not_given,TRUE,not_given,not_given,not_given,not_given,not_given,FALSE,FALSE,not_given,FALSE,not_given,FALSE,FALSE,not_given,not_given,not_given,not_given,not_given,FALSE,not_given,FALSE,FALSE,FALSE,FALSE,FALSE,FALSE,FALSE,FALSE,FALSE,hexacorallia,FALSE,FALSE,FALSE,TRUE
millepora spp. - bleached,coralnet,millepora bleached,coralscapes_v2,animalia,cnidaria,anthoathecata,milleporidae,millepora,not_given,not_given,not_given,not_given,not_given,not_given,not_given,not_given,not_given,not_given,not_given,not_given,not_given,not_given,not_given,not_given,not_given,not_given,not_given,not_given,not_given,not_given,not_given,not_given,not_given,TRUE,FALSE,FALSE,FALSE,FALSE,FALSE,FALSE,FALSE,FALSE,hydrozoa,FALSE,FALSE,FALSE,TRUE
fused rubble with turf sediment,coralnet,rubble,coralscapes_v2,none,none,none,none,none,none,FALSE,FALSE,FALSE,FALSE,FALSE,FALSE,FALSE,FALSE,FALSE,FALSE,FALSE,FALSE,FALSE,FALSE,FALSE,FALSE,FALSE,FALSE,FALSE,FALSE,FALSE,FALSE,FALSE,FALSE,FALSE,FALSE,FALSE,FALSE,FALSE,FALSE,FALSE,FALSE,FALSE,none,FALSE,not_given,not_given,FALSE
ascidian-sp-17,coralnet,ascidian,mermaid,animalia,chordata,not_given,not_given,not_given,not_given,FALSE,FALSE,FALSE,FALSE,FALSE,FALSE,FALSE,FALSE,FALSE,FALSE,FALSE,FALSE,FALSE,FALSE,FALSE,FALSE,FALSE,FALSE,FALSE,FALSE,FALSE,FALSE,FALSE,FALSE,FALSE,FALSE,FALSE,FALSE,FALSE,FALSE,FALSE,FALSE,FALSE,ascidiacea,FALSE,FALSE,FALSE,TRUE
ascidia-sp-8,coralnet,ascidian,mermaid,animalia,chordata,not_given,not_given,not_given,not_given,FALSE,FALSE,FALSE,FALSE,FALSE,FALSE,FALSE,FALSE,FALSE,FALSE,FALSE,FALSE,FALSE,FALSE,FALSE,FALSE,FALSE,FALSE,FALSE,FALSE,FALSE,FALSE,FALSE,FALSE,FALSE,FALSE,FALSE,FALSE,FALSE,FALSE,FALSE,FALSE,FALSE,ascidiacea,FALSE,FALSE,FALSE,TRUE
sclerophytum,coralnet,sclerophytum,mermaid,animalia,cnidaria,malacalcyonacea,sarcophytidae,sclerophytum,not_given,not_given,not_given,not_given,not_given,not_given,not_given,not_given,not_given,not_given,not_given,not_given,not_given,not_given,not_given,not_given,not_given,not_given,not_given,not_given,not_given,not_given,not_given,not_given,not_given,FALSE,FALSE,FALSE,FALSE,FALSE,FALSE,FALSE,FALSE,FALSE,octocorallia,FALSE,FALSE,FALSE,TRUE
montipora peltiformis,coralnet,montipora peltiformis,mermaid,animalia,cnidaria,scleractinia,acroporidae,montipora,montipora_peltiformis,FALSE,FALSE,not_given,FALSE,not_given,FALSE,TRUE,FALSE,TRUE,not_given,FALSE,FALSE,TRUE,FALSE,FALSE,TRUE,FALSE,not_given,FALSE,FALSE,FALSE,FALSE,FALSE,FALSE,FALSE,FALSE,FALSE,FALSE,FALSE,FALSE,FALSE,FALSE,FALSE,hexacorallia,FALSE,FALSE,FALSE,TRUE
pocillopora old dead,coralnet,pocillopora dead,coralscapes_v2,animalia,cnidaria,scleractinia,pocilloporidae,pocillopora,not_given,FALSE,not_given,FALSE,FALSE,FALSE,FALSE,FALSE,not_given,FALSE,FALSE,FALSE,FALSE,FALSE,FALSE,TRUE,FALSE,FALSE,FALSE,FALSE,not_given,FALSE,FALSE,FALSE,FALSE,FALSE,FALSE,FALSE,FALSE,FALSE,FALSE,FALSE,FALSE,FALSE,hexacorallia,FALSE,FALSE,not_given,FALSE
lightly biofilmed rock,coralnet,hard substrate,coralscapes_v2,none,none,none,none,none,none,FALSE,FALSE,FALSE,FALSE,FALSE,FALSE,FALSE,FALSE,FALSE,FALSE,FALSE,FALSE,FALSE,FALSE,FALSE,FALSE,FALSE,FALSE,FALSE,FALSE,FALSE,FALSE,FALSE,FALSE,FALSE,FALSE,FALSE,FALSE,FALSE,FALSE,FALSE,FALSE,FALSE,none,FALSE,FALSE,TRUE,FALSE
lyngbya majuscula,coralnet,,,bacillati,cyanobacteriota,oscillatoriales,oscillatoriaceae,lyngbya,lyngbya_majuscula,FALSE,FALSE,FALSE,FALSE,FALSE,FALSE,FALSE,FALSE,FALSE,FALSE,FALSE,FALSE,FALSE,FALSE,FALSE,FALSE,FALSE,FALSE,FALSE,FALSE,FALSE,FALSE,FALSE,FALSE,FALSE,FALSE,FALSE,FALSE,FALSE,FALSE,FALSE,FALSE,FALSE,cyanophyceae,FALSE,FALSE,FALSE,FALSE
cirrhipathes sp.,coralnet,cirrhipathes,coralscapes_v2,animalia,cnidaria,antipatharia,antipathidae,cirrhipathes,not_given,not_given,not_given,not_given,not_given,not_given,not_given,not_given,not_given,not_given,not_given,not_given,not_given,not_given,not_given,not_given,not_given,not_given,not_given,not_given,not_given,not_given,not_given,not_given,not_given,FALSE,FALSE,FALSE,FALSE,FALSE,FALSE,FALSE,FALSE,FALSE,hexacorallia,FALSE,FALSE,FALSE,TRUE
sediment buried coral,coralnet,hard substrate,coralscapes_v2,none,none,none,none,none,none,FALSE,FALSE,FALSE,FALSE,FALSE,FALSE,FALSE,FALSE,FALSE,FALSE,FALSE,FALSE,FALSE,FALSE,FALSE,FALSE,FALSE,FALSE,FALSE,FALSE,FALSE,FALSE,FALSE,FALSE,FALSE,FALSE,FALSE,FALSE,FALSE,FALSE,FALSE,FALSE,FALSE,none,FALSE,FALSE,TRUE,FALSE
fishing gear,coralnet,fishing gear,catlin_seaview,none,none,none,none,none,none,FALSE,FALSE,FALSE,FALSE,FALSE,FALSE,FALSE,FALSE,FALSE,FALSE,FALSE,FALSE,FALSE,FALSE,FALSE,FALSE,FALSE,FALSE,FALSE,FALSE,FALSE,FALSE,FALSE,FALSE,FALSE,FALSE,FALSE,TRUE,TRUE,FALSE,FALSE,FALSE,FALSE,none,FALSE,FALSE,FALSE,FALSE
acropora monticulosa,coralnet,acropora monticulosa,mermaid,animalia,cnidaria,scleractinia,acroporidae,acropora,acropora_monticulosa,FALSE,not_given,FALSE,FALSE,FALSE,FALSE,FALSE,not_given,FALSE,FALSE,FALSE,FALSE,FALSE,FALSE,TRUE,FALSE,FALSE,FALSE,FALSE,FALSE,TRUE,FALSE,FALSE,FALSE,FALSE,FALSE,FALSE,FALSE,FALSE,FALSE,FALSE,FALSE,FALSE,hexacorallia,FALSE,FALSE,FALSE,TRUE
pavona explanulata,coralnet,pavona explanulata,mermaid,animalia,cnidaria,scleractinia,agariciidae,pavona,pavona_explanulata,FALSE,FALSE,not_given,FALSE,TRUE,FALSE,TRUE,FALSE,not_given,not_given,FALSE,FALSE,not_given,FALSE,FALSE,TRUE,FALSE,not_given,FALSE,FALSE,FALSE,FALSE,FALSE,FALSE,FALSE,FALSE,FALSE,FALSE,FALSE,FALSE,FALSE,FALSE,FALSE,hexacorallia,FALSE,FALSE,FALSE,TRUE
dendostrea sandvichensis,coralnet,,,animalia,mollusca,ostreida,ostreidae,dendostrea,dendostrea_sandvichensis,FALSE,FALSE,FALSE,FALSE,FALSE,FALSE,FALSE,FALSE,FALSE,FALSE,FALSE,FALSE,FALSE,FALSE,FALSE,FALSE,FALSE,FALSE,FALSE,FALSE,FALSE,FALSE,FALSE,FALSE,FALSE,FALSE,FALSE,FALSE,FALSE,FALSE,FALSE,FALSE,FALSE,bivalvia,FALSE,FALSE,FALSE,TRUE
unknown-22,coralnet,other,mermaid,not_given,not_given,not_given,not_given,not_given,not_given,not_given,not_given,not_given,not_given,not_given,not_given,not_given,not_given,not_given,not_given,not_given,not_given,not_given,not_given,not_given,not_given,not_given,not_given,not_given,not_given,not_given,not_given,not_given,not_given,not_given,not_given,not_given,not_given,not_given,not_given,FALSE,not_given,not_given,not_given,not_given,not_given,not_given,FALSE
encrusting sponge/ tunicate,coralnet,other,mermaid,not_given,not_given,not_given,not_given,not_given,not_given,not_given,not_given,not_given,not_given,not_given,not_given,not_given,not_given,not_given,not_given,not_given,not_given,not_given,not_given,not_given,not_given,not_given,not_given,not_given,not_given,not_given,not_given,not_given,not_given,not_given,not_given,not_given,not_given,not_given,not_given,FALSE,not_given,not_given,not_given,not_given,not_given,not_given,FALSE
boring sponge,coralnet,sponge,coralscapes_v2,animalia,porifera,not_given,not_given,not_given,not_given,FALSE,FALSE,FALSE,FALSE,FALSE,FALSE,FALSE,FALSE,FALSE,FALSE,FALSE,FALSE,FALSE,FALSE,FALSE,FALSE,FALSE,FALSE,FALSE,FALSE,FALSE,FALSE,FALSE,FALSE,FALSE,FALSE,FALSE,FALSE,FALSE,FALSE,FALSE,FALSE,FALSE,not_given,FALSE,FALSE,FALSE,TRUE
unknow-14,coralnet,other,mermaid,not_given,not_given,not_given,not_given,not_given,not_given,not_given,not_given,not_given,not_given,not_given,not_given,not_given,not_given,not_given,not_given,not_given,not_given,not_given,not_given,not_given,not_given,not_given,not_given,not_given,not_given,not_given,not_given,not_given,not_given,not_given,not_given,not_given,not_given,not_given,not_given,FALSE,not_given,not_given,not_given,not_given,not_given,not_given,FALSE
asteroidea,coralnet,asteroidea,mermaid,animalia,echinodermata,not_given,not_given,not_given,not_given,FALSE,FALSE,FALSE,FALSE,FALSE,FALSE,FALSE,FALSE,FALSE,FALSE,FALSE,FALSE,FALSE,FALSE,FALSE,FALSE,FALSE,FALSE,FALSE,FALSE,FALSE,FALSE,FALSE,FALSE,FALSE,FALSE,FALSE,FALSE,FALSE,FALSE,FALSE,FALSE,FALSE,asteroidea,FALSE,FALSE,FALSE,TRUE
sand with turf,coralnet,sand,coralscapes_v2,none,none,none,none,none,none,FALSE,FALSE,FALSE,FALSE,FALSE,FALSE,FALSE,FALSE,FALSE,FALSE,FALSE,FALSE,FALSE,FALSE,FALSE,FALSE,FALSE,FALSE,FALSE,FALSE,FALSE,FALSE,FALSE,FALSE,FALSE,FALSE,FALSE,FALSE,FALSE,FALSE,FALSE,FALSE,FALSE,none,FALSE,TRUE,FALSE,FALSE
briozoo-sp-7,coralnet,bryozoan,mermaid,animalia,bryozoa,not_given,not_given,not_given,not_given,FALSE,FALSE,FALSE,FALSE,FALSE,FALSE,FALSE,FALSE,FALSE,FALSE,FALSE,FALSE,FALSE,FALSE,FALSE,FALSE,FALSE,FALSE,FALSE,FALSE,FALSE,FALSE,FALSE,FALSE,FALSE,FALSE,FALSE,FALSE,FALSE,FALSE,FALSE,FALSE,FALSE,not_given,FALSE,FALSE,FALSE,TRUE
halichondria panicea,coralnet,,,animalia,porifera,suberitida,halichondriidae,halichondria,halichondria_panicea,FALSE,FALSE,FALSE,FALSE,FALSE,FALSE,FALSE,FALSE,FALSE,FALSE,FALSE,FALSE,FALSE,FALSE,FALSE,FALSE,FALSE,FALSE,FALSE,FALSE,FALSE,FALSE,FALSE,FALSE,FALSE,FALSE,FALSE,FALSE,FALSE,FALSE,FALSE,FALSE,FALSE,demospongiae,FALSE,FALSE,FALSE,TRUE
unknown-17,coralnet,other,mermaid,not_given,not_given,not_given,not_given,not_given,not_given,not_given,not_given,not_given,not_given,not_given,not_given,not_given,not_given,not_given,not_given,not_given,not_given,not_given,not_given,not_given,not_given,not_given,not_given,not_given,not_given,not_given,not_given,not_given,not_given,not_given,not_given,not_given,not_given,not_given,not_given,FALSE,not_given,not_given,not_given,not_given,not_given,not_given,FALSE
isopora crateriformis,coralnet,,,animalia,cnidaria,scleractinia,acroporidae,isopora,not_given,FALSE,FALSE,not_given,FALSE,not_given,not_given,TRUE,FALSE,not_given,not_given,FALSE,FALSE,not_given,FALSE,FALSE,TRUE,FALSE,not_given,not_given,FALSE,FALSE,not_given,FALSE,FALSE,FALSE,FALSE,FALSE,FALSE,FALSE,FALSE,FALSE,FALSE,FALSE,hexacorallia,FALSE,FALSE,FALSE,TRUE
pavona venosa,coralnet,pavona venosa,mermaid,animalia,cnidaria,scleractinia,agariciidae,pavona,pavona_venosa,FALSE,FALSE,not_given,FALSE,TRUE,FALSE,TRUE,not_given,not_given,not_given,FALSE,FALSE,TRUE,FALSE,FALSE,not_given,FALSE,not_given,FALSE,FALSE,FALSE,FALSE,FALSE,FALSE,FALSE,FALSE,FALSE,FALSE,FALSE,FALSE,FALSE,FALSE,FALSE,hexacorallia,FALSE,FALSE,FALSE,TRUE
alcyoniidae,coralnet,alcyoniidae,mermaid,animalia,cnidaria,malacalcyonacea,alcyoniidae,not_given,not_given,not_given,not_given,not_given,not_given,not_given,not_given,not_given,not_given,not_given,not_given,not_given,not_given,not_given,not_given,not_given,not_given,not_given,not_given,not_given,not_given,not_given,not_given,not_given,not_given,FALSE,FALSE,FALSE,FALSE,FALSE,FALSE,FALSE,FALSE,FALSE,octocorallia,FALSE,FALSE,FALSE,TRUE
bleached dichocoenia stokesi,coralnet,,,animalia,cnidaria,scleractinia,meandrinidae,dichocoenia,dichocoenia_stokesii,FALSE,FALSE,TRUE,FALSE,TRUE,not_given,not_given,FALSE,FALSE,not_given,FALSE,FALSE,TRUE,FALSE,FALSE,not_given,FALSE,TRUE,TRUE,FALSE,FALSE,not_given,not_given,FALSE,TRUE,FALSE,FALSE,FALSE,FALSE,FALSE,FALSE,FALSE,FALSE,hexacorallia,FALSE,FALSE,FALSE,TRUE
condition_scenesced,coralnet,other,mermaid,not_given,not_given,not_given,not_given,not_given,not_given,not_given,not_given,not_given,not_given,not_given,not_given,not_given,not_given,not_given,not_given,not_given,not_given,not_given,not_given,not_given,not_given,not_given,not_given,not_given,not_given,not_given,not_given,not_given,not_given,not_given,not_given,not_given,not_given,not_given,not_given,FALSE,not_given,not_given,not_given,not_given,not_given,not_given,FALSE
spirobranchus giganteus,coralnet,spirobranchus giganteus,mermaid,animalia,annelida,sabellida,serpulidae,spirobranchus,spirobranchus_giganteus,FALSE,FALSE,FALSE,FALSE,FALSE,FALSE,FALSE,FALSE,FALSE,FALSE,FALSE,FALSE,FALSE,FALSE,FALSE,FALSE,FALSE,FALSE,FALSE,FALSE,FALSE,FALSE,FALSE,FALSE,FALSE,FALSE,FALSE,FALSE,FALSE,FALSE,FALSE,FALSE,FALSE,polychaeta,FALSE,FALSE,FALSE,TRUE
acropora secale,coralnet,acropora secale,mermaid,animalia,cnidaria,scleractinia,acroporidae,acropora,acropora_secale,FALSE,not_given,FALSE,FALSE,FALSE,FALSE,FALSE,TRUE,FALSE,FALSE,FALSE,FALSE,FALSE,FALSE,TRUE,FALSE,FALSE,FALSE,FALSE,FALSE,not_given,FALSE,FALSE,FALSE,FALSE,FALSE,FALSE,FALSE,FALSE,FALSE,FALSE,FALSE,FALSE,hexacorallia,FALSE,FALSE,FALSE,TRUE
pocillopora purple morphology recently dead,coralnet,pocillopora dead,coralscapes_v2,animalia,cnidaria,scleractinia,pocilloporidae,pocillopora,not_given,FALSE,not_given,FALSE,FALSE,FALSE,FALSE,FALSE,not_given,FALSE,FALSE,FALSE,FALSE,FALSE,FALSE,TRUE,FALSE,FALSE,FALSE,FALSE,not_given,FALSE,FALSE,FALSE,FALSE,FALSE,FALSE,FALSE,FALSE,FALSE,FALSE,FALSE,FALSE,FALSE,hexacorallia,FALSE,FALSE,not_given,FALSE
dipsastraea veroni,coralnet,dipsastraea veroni,mermaid,animalia,cnidaria,scleractinia,merulinidae,dipsastraea,dipsastraea_veroni,not_given,not_given,not_given,not_given,TRUE,not_given,not_given,not_given,not_given,not_given,FALSE,FALSE,not_given,FALSE,not_given,FALSE,FALSE,not_given,not_given,not_given,not_given,not_given,FALSE,not_given,FALSE,FALSE,FALSE,FALSE,FALSE,FALSE,FALSE,FALSE,FALSE,hexacorallia,FALSE,FALSE,FALSE,TRUE
acropora nasuta,coralnet,acropora nasuta,mermaid,animalia,cnidaria,scleractinia,acroporidae,acropora,acropora_nasuta,FALSE,TRUE,FALSE,FALSE,FALSE,FALSE,FALSE,not_given,FALSE,FALSE,FALSE,FALSE,FALSE,FALSE,TRUE,FALSE,FALSE,FALSE,FALSE,FALSE,not_given,FALSE,FALSE,FALSE,FALSE,FALSE,FALSE,FALSE,FALSE,FALSE,FALSE,FALSE,FALSE,hexacorallia,FALSE,FALSE,FALSE,TRUE
halimeda discoidea,coralnet,halimeda discoidea,mermaid,plantae,chlorophyta,bryopsidales,halimedaceae,halimeda,halimeda_discoidea,FALSE,FALSE,FALSE,FALSE,FALSE,FALSE,FALSE,FALSE,FALSE,FALSE,FALSE,FALSE,FALSE,FALSE,FALSE,FALSE,FALSE,FALSE,FALSE,FALSE,FALSE,FALSE,FALSE,FALSE,FALSE,TRUE,FALSE,FALSE,FALSE,FALSE,FALSE,TRUE,FALSE,ulvophyceae,FALSE,FALSE,FALSE,FALSE
pennatulacea,coralnet,,,animalia,cnidaria,pennatulacea,not_given,not_given,not_given,not_given,not_given,not_given,not_given,not_given,not_given,not_given,not_given,not_given,not_given,not_given,not_given,not_given,not_given,not_given,not_given,not_given,not_given,not_given,not_given,not_given,not_given,not_given,not_given,FALSE,FALSE,FALSE,FALSE,FALSE,FALSE,FALSE,FALSE,FALSE,anthozoa,FALSE,FALSE,FALSE,TRUE
opheodesoma spectabilis,coralnet,,,animalia,echinodermata,apodida,synaptidae,opheodesoma,opheodesoma_spectabilis,FALSE,FALSE,FALSE,FALSE,FALSE,FALSE,FALSE,FALSE,FALSE,FALSE,FALSE,FALSE,FALSE,FALSE,FALSE,FALSE,FALSE,FALSE,FALSE,FALSE,FALSE,FALSE,FALSE,FALSE,FALSE,FALSE,FALSE,FALSE,FALSE,FALSE,FALSE,FALSE,FALSE,holothuroidea,FALSE,FALSE,FALSE,TRUE
sargassum aquifolium,coralnet,,,not_given,ochrophyta,fucales,sargassaceae,sargassum,sargassum_aquifolium,FALSE,FALSE,FALSE,FALSE,FALSE,FALSE,FALSE,FALSE,FALSE,FALSE,FALSE,FALSE,FALSE,FALSE,FALSE,FALSE,FALSE,FALSE,FALSE,FALSE,FALSE,FALSE,FALSE,FALSE,FALSE,TRUE,FALSE,not_given,FALSE,FALSE,FALSE,not_given,FALSE,phaeophyceae,FALSE,FALSE,FALSE,FALSE
anémona-sp1,coralnet,anemone,coralscapes_v2,animalia,cnidaria,actiniaria,not_given,not_given,not_given,not_given,not_given,not_given,not_given,not_given,not_given,not_given,not_given,not_given,not_given,not_given,not_given,not_given,not_given,not_given,not_given,not_given,not_given,not_given,not_given,not_given,not_given,not_given,not_given,FALSE,FALSE,FALSE,FALSE,FALSE,FALSE,FALSE,FALSE,FALSE,hexacorallia,FALSE,FALSE,FALSE,TRUE
oculina diffusa,coralnet,oculina diffusa,mermaid,animalia,cnidaria,scleractinia,oculinidae,oculina,oculina_diffusa,not_given,not_given,not_given,not_given,FALSE,not_given,FALSE,not_given,FALSE,not_given,FALSE,FALSE,FALSE,FALSE,TRUE,not_given,FALSE,FALSE,not_given,not_given,not_given,not_given,FALSE,not_given,FALSE,FALSE,FALSE,FALSE,FALSE,FALSE,FALSE,FALSE,FALSE,hexacorallia,FALSE,FALSE,FALSE,TRUE
molluscs: gastropods: unshelled,coralnet,molluscs: gastropods,coralnet,animalia,mollusca,not_given,not_given,not_given,not_given,FALSE,FALSE,FALSE,FALSE,FALSE,FALSE,FALSE,FALSE,FALSE,FALSE,FALSE,FALSE,FALSE,FALSE,FALSE,FALSE,FALSE,FALSE,FALSE,FALSE,FALSE,FALSE,FALSE,FALSE,FALSE,FALSE,FALSE,FALSE,FALSE,FALSE,FALSE,FALSE,FALSE,gastropoda,FALSE,FALSE,FALSE,TRUE
mycale sp,coralnet,mycale,mermaid,animalia,porifera,poecilosclerida,mycalidae,mycale,not_given,FALSE,FALSE,FALSE,FALSE,FALSE,FALSE,FALSE,FALSE,FALSE,FALSE,FALSE,FALSE,FALSE,FALSE,FALSE,FALSE,FALSE,FALSE,FALSE,FALSE,FALSE,FALSE,FALSE,FALSE,FALSE,FALSE,FALSE,FALSE,FALSE,FALSE,FALSE,FALSE,FALSE,demospongiae,FALSE,FALSE,FALSE,TRUE
bleached eusmilia fastigiata,coralnet,,,animalia,cnidaria,scleractinia,meandrinidae,eusmilia,eusmilia_fastigiata,FALSE,FALSE,not_given,FALSE,TRUE,not_given,not_given,FALSE,FALSE,not_given,FALSE,FALSE,not_given,FALSE,FALSE,not_given,FALSE,TRUE,TRUE,FALSE,FALSE,not_given,TRUE,FALSE,TRUE,FALSE,FALSE,FALSE,FALSE,FALSE,FALSE,FALSE,FALSE,hexacorallia,FALSE,FALSE,FALSE,TRUE
holes,coralnet,dark,coralscapes_v2,none,none,none,none,none,none,FALSE,FALSE,FALSE,FALSE,FALSE,FALSE,FALSE,FALSE,FALSE,FALSE,FALSE,FALSE,FALSE,FALSE,FALSE,FALSE,FALSE,FALSE,FALSE,FALSE,FALSE,FALSE,FALSE,FALSE,FALSE,FALSE,FALSE,not_given,FALSE,FALSE,FALSE,FALSE,TRUE,none,FALSE,FALSE,FALSE,FALSE
coscinaraeidae,coralnet,coscinaraeidae,mermaid,animalia,cnidaria,scleractinia,coscinaraeidae,not_given,not_given,not_given,not_given,not_given,not_given,not_given,not_given,not_given,not_given,not_given,not_given,FALSE,FALSE,not_given,FALSE,not_given,not_given,FALSE,not_given,not_given,not_given,not_given,not_given,FALSE,not_given,FALSE,FALSE,FALSE,FALSE,FALSE,FALSE,FALSE,FALSE,FALSE,hexacorallia,FALSE,FALSE,FALSE,TRUE
non-scleractinian hard corals,coralnet,non-scleractinian,mermaid,animalia,cnidaria,not_given,not_given,not_given,not_given,not_given,not_given,not_given,not_given,not_given,not_given,not_given,not_given,not_given,not_given,not_given,not_given,not_given,not_given,not_given,not_given,not_given,not_given,not_given,not_given,not_given,not_given,not_given,not_given,FALSE,FALSE,FALSE,FALSE,FALSE,FALSE,FALSE,FALSE,FALSE,not_given,FALSE,FALSE,FALSE,TRUE
cyphastrea microphthalma,coralnet,cyphastrea microphthalma,mermaid,animalia,cnidaria,scleractinia,merulinidae,cyphastrea,cyphastrea_microphthalma,not_given,not_given,not_given,not_given,not_given,not_given,not_given,not_given,not_given,not_given,FALSE,FALSE,not_given,FALSE,not_given,not_given,FALSE,not_given,not_given,not_given,not_given,not_given,FALSE,not_given,FALSE,FALSE,FALSE,FALSE,FALSE,FALSE,FALSE,FALSE,FALSE,hexacorallia,FALSE,FALSE,FALSE,TRUE
coelastrea,coralnet,coelastrea,mermaid,animalia,cnidaria,scleractinia,merulinidae,coelastrea,not_given,not_given,not_given,not_given,not_given,not_given,not_given,not_given,not_given,not_given,not_given,FALSE,FALSE,not_given,FALSE,not_given,not_given,FALSE,not_given,not_given,not_given,not_given,not_given,FALSE,not_given,FALSE,FALSE,FALSE,FALSE,FALSE,FALSE,FALSE,FALSE,FALSE,hexacorallia,FALSE,FALSE,FALSE,TRUE
diploastrea heliopora,coralnet,diploastrea heliopora,mermaid,animalia,cnidaria,scleractinia,diploastreidae,diploastrea,diploastrea_heliopora,not_given,not_given,not_given,not_given,TRUE,not_given,not_given,not_given,not_given,not_given,FALSE,FALSE,not_given,FALSE,not_given,not_given,FALSE,not_given,not_given,not_given,not_given,not_given,FALSE,not_given,FALSE,FALSE,FALSE,FALSE,FALSE,FALSE,FALSE,FALSE,FALSE,hexacorallia,FALSE,FALSE,FALSE,TRUE
favites complanata,coralnet,favites complanata,mermaid,animalia,cnidaria,scleractinia,merulinidae,favites,favites_complanata,not_given,not_given,not_given,not_given,TRUE,not_given,not_given,not_given,not_given,not_given,FALSE,FALSE,not_given,FALSE,not_given,not_given,FALSE,not_given,not_given,not_given,not_given,not_given,FALSE,not_given,FALSE,FALSE,FALSE,FALSE,FALSE,FALSE,FALSE,FALSE,FALSE,hexacorallia,FALSE,FALSE,FALSE,TRUE
christmas tree worm,coralnet,spirobranchus giganteus,mermaid,animalia,annelida,sabellida,serpulidae,spirobranchus,spirobranchus_giganteus,FALSE,FALSE,FALSE,FALSE,FALSE,FALSE,FALSE,FALSE,FALSE,FALSE,FALSE,FALSE,FALSE,FALSE,FALSE,FALSE,FALSE,FALSE,FALSE,FALSE,FALSE,FALSE,FALSE,FALSE,FALSE,FALSE,FALSE,FALSE,FALSE,FALSE,FALSE,FALSE,FALSE,polychaeta,FALSE,FALSE,FALSE,TRUE
sclerophyllia,coralnet,sclerophyllia,mermaid,animalia,cnidaria,scleractinia,lobophylliidae,sclerophyllia,not_given,not_given,not_given,not_given,not_given,not_given,not_given,not_given,not_given,not_given,not_given,FALSE,FALSE,not_given,FALSE,not_given,not_given,FALSE,not_given,not_given,not_given,not_given,not_given,not_given,not_given,FALSE,FALSE,FALSE,FALSE,FALSE,FALSE,FALSE,FALSE,FALSE,hexacorallia,FALSE,FALSE,FALSE,TRUE
porites recent dead,coralnet,porites dead,coralscapes_v2,animalia,cnidaria,scleractinia,poritidae,porites,not_given,FALSE,not_given,not_given,FALSE,TRUE,FALSE,not_given,not_given,not_given,not_given,FALSE,FALSE,not_given,FALSE,not_given,not_given,FALSE,FALSE,FALSE,FALSE,not_given,FALSE,FALSE,not_given,FALSE,FALSE,FALSE,FALSE,FALSE,FALSE,FALSE,FALSE,FALSE,hexacorallia,FALSE,FALSE,not_given,FALSE
porites old dead,coralnet,porites dead,coralscapes_v2,animalia,cnidaria,scleractinia,poritidae,porites,not_given,FALSE,not_given,not_given,FALSE,TRUE,FALSE,not_given,not_given,not_given,not_given,FALSE,FALSE,not_given,FALSE,not_given,not_given,FALSE,FALSE,FALSE,FALSE,not_given,FALSE,FALSE,not_given,FALSE,FALSE,FALSE,FALSE,FALSE,FALSE,FALSE,FALSE,FALSE,hexacorallia,FALSE,FALSE,not_given,FALSE
esponja-sp-2,coralnet,sponge,coralscapes_v2,animalia,porifera,not_given,not_given,not_given,not_given,FALSE,FALSE,FALSE,FALSE,FALSE,FALSE,FALSE,FALSE,FALSE,FALSE,FALSE,FALSE,FALSE,FALSE,FALSE,FALSE,FALSE,FALSE,FALSE,FALSE,FALSE,FALSE,FALSE,FALSE,FALSE,FALSE,FALSE,FALSE,FALSE,FALSE,FALSE,FALSE,FALSE,not_given,FALSE,FALSE,FALSE,TRUE
ascidia-sp-3,coralnet,ascidian,mermaid,animalia,chordata,not_given,not_given,not_given,not_given,FALSE,FALSE,FALSE,FALSE,FALSE,FALSE,FALSE,FALSE,FALSE,FALSE,FALSE,FALSE,FALSE,FALSE,FALSE,FALSE,FALSE,FALSE,FALSE,FALSE,FALSE,FALSE,FALSE,FALSE,FALSE,FALSE,FALSE,FALSE,FALSE,FALSE,FALSE,FALSE,FALSE,ascidiacea,FALSE,FALSE,FALSE,TRUE
sediment (fine),coralnet,sand,coralscapes_v2,none,none,none,none,none,none,FALSE,FALSE,FALSE,FALSE,FALSE,FALSE,FALSE,FALSE,FALSE,FALSE,FALSE,FALSE,FALSE,FALSE,FALSE,FALSE,FALSE,FALSE,FALSE,FALSE,FALSE,FALSE,FALSE,FALSE,FALSE,FALSE,FALSE,FALSE,FALSE,FALSE,FALSE,FALSE,FALSE,none,FALSE,TRUE,FALSE,FALSE
arms-crep-cca,coralnet,crustose coralline algae,mermaid,not_given,rhodophyta,corallinales,not_given,not_given,not_given,FALSE,FALSE,FALSE,FALSE,FALSE,FALSE,FALSE,FALSE,FALSE,FALSE,FALSE,FALSE,FALSE,FALSE,FALSE,FALSE,FALSE,FALSE,FALSE,FALSE,FALSE,FALSE,FALSE,FALSE,FALSE,TRUE,FALSE,not_given,FALSE,FALSE,FALSE,FALSE,FALSE,florideophyceae,FALSE,FALSE,not_given,FALSE
corallina,coralnet,corallina,mermaid,not_given,rhodophyta,corallinales,corallinaceae,corallina,not_given,FALSE,FALSE,FALSE,FALSE,FALSE,FALSE,FALSE,FALSE,FALSE,FALSE,FALSE,FALSE,FALSE,FALSE,FALSE,FALSE,FALSE,FALSE,FALSE,FALSE,FALSE,FALSE,FALSE,FALSE,FALSE,TRUE,FALSE,not_given,FALSE,FALSE,FALSE,FALSE,FALSE,florideophyceae,FALSE,FALSE,FALSE,FALSE
turf growing on hard substrate,coralnet,algae covered substrate,coralscapes_v2,none,none,none,none,none,none,FALSE,FALSE,FALSE,FALSE,FALSE,FALSE,FALSE,FALSE,FALSE,FALSE,FALSE,FALSE,FALSE,FALSE,FALSE,FALSE,FALSE,FALSE,FALSE,FALSE,FALSE,FALSE,FALSE,FALSE,FALSE,TRUE,FALSE,FALSE,FALSE,FALSE,FALSE,not_given,FALSE,none,FALSE,FALSE,FALSE,FALSE
saccharina,coralnet,,,chromista,ochrophyta,laminariales,laminariaceae,saccharina,not_given,FALSE,FALSE,FALSE,FALSE,FALSE,FALSE,FALSE,FALSE,FALSE,FALSE,FALSE,FALSE,FALSE,FALSE,FALSE,FALSE,FALSE,FALSE,FALSE,FALSE,FALSE,FALSE,FALSE,FALSE,FALSE,TRUE,FALSE,FALSE,FALSE,FALSE,FALSE,FALSE,FALSE,phaeophyceae,FALSE,FALSE,FALSE,FALSE
saccharina latissima/ saccharina complanata/,coralnet,saccharina,coralnet,chromista,ochrophyta,laminariales,laminariaceae,saccharina,not_given,FALSE,FALSE,FALSE,FALSE,FALSE,FALSE,FALSE,FALSE,FALSE,FALSE,FALSE,FALSE,FALSE,FALSE,FALSE,FALSE,FALSE,FALSE,FALSE,FALSE,FALSE,FALSE,FALSE,FALSE,FALSE,TRUE,FALSE,FALSE,FALSE,FALSE,FALSE,FALSE,FALSE,phaeophyceae,FALSE,FALSE,FALSE,FALSE
arms-bryozoa encrusting,coralnet,bryozoan,mermaid,animalia,bryozoa,not_given,not_given,not_given,not_given,FALSE,FALSE,FALSE,FALSE,FALSE,FALSE,FALSE,FALSE,FALSE,FALSE,FALSE,FALSE,FALSE,FALSE,FALSE,FALSE,FALSE,FALSE,FALSE,FALSE,FALSE,FALSE,FALSE,FALSE,FALSE,FALSE,FALSE,FALSE,FALSE,FALSE,FALSE,FALSE,FALSE,not_given,FALSE,FALSE,FALSE,TRUE
acropora cf. pulchra,coralnet,,,animalia,cnidaria,scleractinia,acroporidae,acropora,acropora_pulchra,FALSE,TRUE,FALSE,FALSE,FALSE,FALSE,FALSE,not_given,FALSE,FALSE,FALSE,FALSE,FALSE,FALSE,TRUE,FALSE,FALSE,FALSE,FALSE,TRUE,not_given,FALSE,FALSE,FALSE,FALSE,FALSE,FALSE,FALSE,FALSE,FALSE,FALSE,FALSE,FALSE,hexacorallia,FALSE,FALSE,FALSE,TRUE
rocky substrate,coralnet,hard substrate,coralscapes_v2,none,none,none,none,none,none,FALSE,FALSE,FALSE,FALSE,FALSE,FALSE,FALSE,FALSE,FALSE,FALSE,FALSE,FALSE,FALSE,FALSE,FALSE,FALSE,FALSE,FALSE,FALSE,FALSE,FALSE,FALSE,FALSE,FALSE,FALSE,FALSE,FALSE,FALSE,FALSE,FALSE,FALSE,FALSE,FALSE,none,FALSE,FALSE,TRUE,FALSE
chthamalus sp.,coralnet,,,animalia,arthropoda,balanomorpha,chthamalidae,chthamalus,not_given,FALSE,FALSE,FALSE,FALSE,FALSE,FALSE,FALSE,FALSE,FALSE,FALSE,FALSE,FALSE,FALSE,FALSE,FALSE,FALSE,FALSE,FALSE,FALSE,FALSE,FALSE,FALSE,FALSE,FALSE,FALSE,FALSE,FALSE,FALSE,FALSE,FALSE,FALSE,FALSE,FALSE,thecostraca,FALSE,FALSE,FALSE,TRUE
acropora cervicornis dead,coralnet,,,animalia,cnidaria,scleractinia,acroporidae,acropora,acropora_cervicornis,FALSE,not_given,FALSE,FALSE,FALSE,FALSE,FALSE,not_given,FALSE,FALSE,FALSE,FALSE,FALSE,FALSE,TRUE,FALSE,FALSE,FALSE,FALSE,TRUE,not_given,FALSE,FALSE,FALSE,FALSE,FALSE,FALSE,FALSE,FALSE,FALSE,FALSE,FALSE,FALSE,hexacorallia,FALSE,FALSE,not_given,FALSE
acropora cervicornis - bleached,coralnet,,,animalia,cnidaria,scleractinia,acroporidae,acropora,acropora_cervicornis,FALSE,not_given,FALSE,FALSE,FALSE,FALSE,FALSE,not_given,FALSE,FALSE,FALSE,FALSE,FALSE,FALSE,TRUE,FALSE,FALSE,FALSE,FALSE,TRUE,not_given,FALSE,FALSE,FALSE,FALSE,FALSE,FALSE,FALSE,FALSE,FALSE,FALSE,FALSE,FALSE,hexacorallia,FALSE,FALSE,not_given,FALSE
soft sediment,coralnet,sand,coralscapes_v2,none,none,none,none,none,none,FALSE,FALSE,FALSE,FALSE,FALSE,FALSE,FALSE,FALSE,FALSE,FALSE,FALSE,FALSE,FALSE,FALSE,FALSE,FALSE,FALSE,FALSE,FALSE,FALSE,FALSE,FALSE,FALSE,FALSE,FALSE,FALSE,FALSE,FALSE,FALSE,FALSE,FALSE,FALSE,FALSE,none,FALSE,TRUE,FALSE,FALSE
turf: filamentous,coralnet,turf algae,mermaid,none,none,none,none,none,none,FALSE,FALSE,FALSE,FALSE,FALSE,FALSE,FALSE,FALSE,FALSE,FALSE,FALSE,FALSE,FALSE,FALSE,FALSE,FALSE,FALSE,FALSE,FALSE,FALSE,FALSE,FALSE,FALSE,FALSE,FALSE,TRUE,FALSE,not_given,FALSE,FALSE,FALSE,FALSE,FALSE,none,FALSE,FALSE,not_given,FALSE
coccoid cyanobacteria,coralnet,cyanobacteria,mermaid,bacillati,cyanobacteriota,not_given,not_given,not_given,not_given,FALSE,FALSE,FALSE,FALSE,FALSE,FALSE,FALSE,FALSE,FALSE,FALSE,FALSE,FALSE,FALSE,FALSE,FALSE,FALSE,FALSE,FALSE,FALSE,FALSE,FALSE,FALSE,FALSE,FALSE,FALSE,FALSE,FALSE,FALSE,FALSE,FALSE,FALSE,FALSE,FALSE,not_given,FALSE,FALSE,FALSE,FALSE
corynactis carnea,coralnet,,,animalia,cnidaria,corallimorpharia,corallimorphidae,corynactis,corynactis_carnea,not_given,not_given,not_given,not_given,not_given,not_given,not_given,not_given,not_given,not_given,not_given,not_given,not_given,not_given,not_given,not_given,not_given,not_given,not_given,not_given,not_given,not_given,not_given,not_given,FALSE,FALSE,FALSE,FALSE,FALSE,FALSE,FALSE,FALSE,FALSE,hexacorallia,FALSE,FALSE,FALSE,TRUE
mytilus spp. (small),coralnet,,,animalia,mollusca,mytilida,mytilidae,mytilus,not_given,FALSE,FALSE,FALSE,FALSE,FALSE,FALSE,FALSE,FALSE,FALSE,FALSE,FALSE,FALSE,FALSE,FALSE,FALSE,FALSE,FALSE,FALSE,FALSE,FALSE,FALSE,FALSE,FALSE,FALSE,FALSE,FALSE,FALSE,FALSE,FALSE,FALSE,FALSE,FALSE,FALSE,bivalvia,FALSE,FALSE,FALSE,TRUE
agarum/ neoagarum,coralnet,,,chromista,ochrophyta,laminariales,agaraceae,not_given,not_given,FALSE,FALSE,FALSE,FALSE,FALSE,FALSE,FALSE,FALSE,FALSE,FALSE,FALSE,FALSE,FALSE,FALSE,FALSE,FALSE,FALSE,FALSE,FALSE,FALSE,FALSE,FALSE,FALSE,FALSE,FALSE,TRUE,FALSE,FALSE,FALSE,FALSE,FALSE,not_given,FALSE,phaeophyceae,FALSE,FALSE,FALSE,FALSE
small filamentous cyanobacteria,coralnet,cyanobacteria,mermaid,bacillati,cyanobacteriota,not_given,not_given,not_given,not_given,FALSE,FALSE,FALSE,FALSE,FALSE,FALSE,FALSE,FALSE,FALSE,FALSE,FALSE,FALSE,FALSE,FALSE,FALSE,FALSE,FALSE,FALSE,FALSE,FALSE,FALSE,FALSE,FALSE,FALSE,FALSE,FALSE,FALSE,FALSE,FALSE,FALSE,FALSE,FALSE,FALSE,not_given,FALSE,FALSE,FALSE,FALSE
chthamalus bisinuatus,coralnet,,,animalia,arthropoda,balanomorpha,chthamalidae,chthamalus,chthamalus_bisinuatus,FALSE,FALSE,FALSE,FALSE,FALSE,FALSE,FALSE,FALSE,FALSE,FALSE,FALSE,FALSE,FALSE,FALSE,FALSE,FALSE,FALSE,FALSE,FALSE,FALSE,FALSE,FALSE,FALSE,FALSE,FALSE,FALSE,FALSE,FALSE,FALSE,FALSE,FALSE,FALSE,FALSE,thecostraca,FALSE,FALSE,FALSE,TRUE
arms-crep-peyssonnelia spp,coralnet,peyssonnelia,mermaid,not_given,rhodophyta,peyssonneliales,peyssonneliaceae,peyssonnelia,not_given,FALSE,FALSE,FALSE,FALSE,FALSE,FALSE,FALSE,FALSE,FALSE,FALSE,FALSE,FALSE,FALSE,FALSE,FALSE,FALSE,FALSE,FALSE,FALSE,FALSE,FALSE,FALSE,FALSE,FALSE,FALSE,TRUE,FALSE,not_given,FALSE,FALSE,FALSE,FALSE,FALSE,florideophyceae,FALSE,FALSE,FALSE,FALSE
cover - abundance of algae turf,coralnet,turf algae,mermaid,none,none,none,none,none,none,FALSE,FALSE,FALSE,FALSE,FALSE,FALSE,FALSE,FALSE,FALSE,FALSE,FALSE,FALSE,FALSE,FALSE,FALSE,FALSE,FALSE,FALSE,FALSE,FALSE,FALSE,FALSE,FALSE,FALSE,FALSE,TRUE,FALSE,not_given,FALSE,FALSE,FALSE,FALSE,FALSE,none,FALSE,FALSE,not_given,FALSE
"bryozoan, branching unidentified",coralnet,bryozoan,mermaid,animalia,bryozoa,not_given,not_given,not_given,not_given,FALSE,FALSE,FALSE,FALSE,FALSE,FALSE,FALSE,FALSE,FALSE,FALSE,FALSE,FALSE,FALSE,FALSE,FALSE,FALSE,FALSE,FALSE,FALSE,FALSE,FALSE,FALSE,FALSE,FALSE,FALSE,FALSE,FALSE,FALSE,FALSE,FALSE,FALSE,FALSE,FALSE,not_given,FALSE,FALSE,FALSE,TRUE
turf,coralnet,turf algae,mermaid,none,none,none,none,none,none,FALSE,FALSE,FALSE,FALSE,FALSE,FALSE,FALSE,FALSE,FALSE,FALSE,FALSE,FALSE,FALSE,FALSE,FALSE,FALSE,FALSE,FALSE,FALSE,FALSE,FALSE,FALSE,FALSE,FALSE,FALSE,TRUE,FALSE,not_given,FALSE,FALSE,FALSE,FALSE,FALSE,none,FALSE,FALSE,not_given,FALSE
arms-crep-brown encrusting macroalgae,coralnet,phaeophyceae,mermaid,not_given,ochrophyta,not_given,not_given,not_given,not_given,FALSE,FALSE,FALSE,FALSE,FALSE,FALSE,FALSE,FALSE,FALSE,FALSE,FALSE,FALSE,FALSE,FALSE,FALSE,FALSE,FALSE,FALSE,FALSE,FALSE,FALSE,FALSE,FALSE,FALSE,FALSE,TRUE,FALSE,not_given,FALSE,FALSE,FALSE,TRUE,FALSE,phaeophyceae,FALSE,FALSE,FALSE,FALSE
pebble,coralnet,rubble,coralscapes_v2,none,none,none,none,none,none,FALSE,FALSE,FALSE,FALSE,FALSE,FALSE,FALSE,FALSE,FALSE,FALSE,FALSE,FALSE,FALSE,FALSE,FALSE,FALSE,FALSE,FALSE,FALSE,FALSE,FALSE,FALSE,FALSE,FALSE,FALSE,FALSE,FALSE,FALSE,FALSE,FALSE,FALSE,FALSE,FALSE,none,FALSE,not_given,not_given,FALSE
grazed or thin turf,coralnet,turf algae,mermaid,none,none,none,none,none,none,FALSE,FALSE,FALSE,FALSE,FALSE,FALSE,FALSE,FALSE,FALSE,FALSE,FALSE,FALSE,FALSE,FALSE,FALSE,FALSE,FALSE,FALSE,FALSE,FALSE,FALSE,FALSE,FALSE,FALSE,FALSE,TRUE,FALSE,not_given,FALSE,FALSE,FALSE,FALSE,FALSE,none,FALSE,FALSE,not_given,FALSE
sediment covered limestone,coralnet,hard substrate,coralscapes_v2,none,none,none,none,none,none,FALSE,FALSE,FALSE,FALSE,FALSE,FALSE,FALSE,FALSE,FALSE,FALSE,FALSE,FALSE,FALSE,FALSE,FALSE,FALSE,FALSE,FALSE,FALSE,FALSE,FALSE,FALSE,FALSE,FALSE,FALSE,FALSE,FALSE,FALSE,FALSE,FALSE,FALSE,FALSE,FALSE,none,FALSE,FALSE,TRUE,FALSE
branching coral rubble,coralnet,rubble,coralscapes_v2,none,none,none,none,none,none,FALSE,FALSE,FALSE,FALSE,FALSE,FALSE,FALSE,FALSE,FALSE,FALSE,FALSE,FALSE,FALSE,FALSE,FALSE,FALSE,FALSE,FALSE,FALSE,FALSE,FALSE,FALSE,FALSE,FALSE,FALSE,FALSE,FALSE,FALSE,FALSE,FALSE,FALSE,FALSE,FALSE,none,FALSE,not_given,not_given,FALSE
seagrass (enhalus acoroides),coralnet,enhalus acoroides,mermaid,plantae,not_given,alismatales,hydrocharitaceae,enhalus,enhalus_acoroides,FALSE,FALSE,FALSE,FALSE,FALSE,FALSE,FALSE,FALSE,FALSE,FALSE,FALSE,FALSE,FALSE,FALSE,FALSE,FALSE,FALSE,FALSE,FALSE,FALSE,FALSE,FALSE,FALSE,FALSE,FALSE,FALSE,FALSE,FALSE,FALSE,FALSE,FALSE,FALSE,FALSE,not_given,FALSE,FALSE,FALSE,FALSE
metridium senile,coralnet,,,animalia,cnidaria,actiniaria,metridiidae,metridium,metridium_senile,not_given,not_given,not_given,not_given,not_given,not_given,not_given,not_given,not_given,not_given,not_given,not_given,not_given,not_given,not_given,not_given,not_given,not_given,not_given,not_given,not_given,not_given,not_given,not_given,FALSE,FALSE,FALSE,FALSE,FALSE,FALSE,FALSE,FALSE,FALSE,hexacorallia,FALSE,FALSE,FALSE,TRUE
sand_soft,coralnet,sand,coralscapes_v2,none,none,none,none,none,none,FALSE,FALSE,FALSE,FALSE,FALSE,FALSE,FALSE,FALSE,FALSE,FALSE,FALSE,FALSE,FALSE,FALSE,FALSE,FALSE,FALSE,FALSE,FALSE,FALSE,FALSE,FALSE,FALSE,FALSE,FALSE,FALSE,FALSE,FALSE,FALSE,FALSE,FALSE,FALSE,FALSE,none,FALSE,TRUE,FALSE,FALSE
substrate: consolidated (hard) boulders,coralnet,hard substrate,coralscapes_v2,none,none,none,none,none,none,FALSE,FALSE,FALSE,FALSE,FALSE,FALSE,FALSE,FALSE,FALSE,FALSE,FALSE,FALSE,FALSE,FALSE,FALSE,FALSE,FALSE,FALSE,FALSE,FALSE,FALSE,FALSE,FALSE,FALSE,FALSE,FALSE,FALSE,FALSE,FALSE,FALSE,FALSE,FALSE,FALSE,none,FALSE,FALSE,TRUE,FALSE
dictyota dichotoma,coralnet,,,chromista,ochrophyta,dictyotales,dictyotaceae,dictyota,dictyota_dichotoma,FALSE,FALSE,FALSE,FALSE,FALSE,FALSE,FALSE,FALSE,FALSE,FALSE,FALSE,FALSE,FALSE,FALSE,FALSE,FALSE,FALSE,FALSE,FALSE,FALSE,FALSE,FALSE,FALSE,FALSE,FALSE,TRUE,FALSE,FALSE,FALSE,FALSE,FALSE,FALSE,FALSE,phaeophyceae,FALSE,FALSE,FALSE,FALSE
neospongodes atlantica,coralnet,,,animalia,cnidaria,malacalcyonacea,nephtheidae,neospongodes,neospongodes_atlantica,not_given,not_given,not_given,not_given,not_given,not_given,not_given,not_given,not_given,not_given,not_given,not_given,not_given,not_given,not_given,not_given,not_given,not_given,not_given,not_given,not_given,not_given,not_given,not_given,FALSE,FALSE,FALSE,FALSE,FALSE,FALSE,FALSE,FALSE,FALSE,octocorallia,FALSE,FALSE,FALSE,TRUE
epilithic algal matirx smotheting rubble,coralnet,rubble,coralscapes_v2,none,none,none,none,none,none,FALSE,FALSE,FALSE,FALSE,FALSE,FALSE,FALSE,FALSE,FALSE,FALSE,FALSE,FALSE,FALSE,FALSE,FALSE,FALSE,FALSE,FALSE,FALSE,FALSE,FALSE,FALSE,FALSE,FALSE,FALSE,FALSE,FALSE,FALSE,FALSE,FALSE,FALSE,FALSE,FALSE,none,FALSE,not_given,not_given,FALSE
bryozoan_encrusting,coralnet,bryozoan,mermaid,animalia,bryozoa,not_given,not_given,not_given,not_given,FALSE,FALSE,FALSE,FALSE,FALSE,FALSE,FALSE,FALSE,FALSE,FALSE,FALSE,FALSE,FALSE,FALSE,FALSE,FALSE,FALSE,FALSE,FALSE,FALSE,FALSE,FALSE,FALSE,FALSE,FALSE,FALSE,FALSE,FALSE,FALSE,FALSE,FALSE,FALSE,FALSE,not_given,FALSE,FALSE,FALSE,TRUE
thick turf algae,coralnet,turf algae,mermaid,none,none,none,none,none,none,FALSE,FALSE,FALSE,FALSE,FALSE,FALSE,FALSE,FALSE,FALSE,FALSE,FALSE,FALSE,FALSE,FALSE,FALSE,FALSE,FALSE,FALSE,FALSE,FALSE,FALSE,FALSE,FALSE,FALSE,FALSE,TRUE,FALSE,not_given,FALSE,FALSE,FALSE,FALSE,FALSE,none,FALSE,FALSE,not_given,FALSE
organic matter rubble,coralnet,rubble,coralscapes_v2,none,none,none,none,none,none,FALSE,FALSE,FALSE,FALSE,FALSE,FALSE,FALSE,FALSE,FALSE,FALSE,FALSE,FALSE,FALSE,FALSE,FALSE,FALSE,FALSE,FALSE,FALSE,FALSE,FALSE,FALSE,FALSE,FALSE,FALSE,FALSE,FALSE,FALSE,FALSE,FALSE,FALSE,FALSE,FALSE,none,FALSE,not_given,not_given,FALSE
cred-acropora spp_tabulate,coralnet,table acropora alive,coralscapes_v2,animalia,cnidaria,scleractinia,acroporidae,acropora,not_given,FALSE,FALSE,FALSE,FALSE,FALSE,FALSE,FALSE,FALSE,FALSE,FALSE,FALSE,FALSE,FALSE,FALSE,TRUE,TRUE,FALSE,FALSE,FALSE,not_given,FALSE,FALSE,FALSE,TRUE,FALSE,FALSE,FALSE,FALSE,FALSE,FALSE,FALSE,FALSE,FALSE,hexacorallia,FALSE,FALSE,FALSE,TRUE
calcifying calcareous crustose algae: sub,coralnet,calcifying algae,coralnet,none,none,none,none,none,none,FALSE,FALSE,FALSE,FALSE,FALSE,FALSE,FALSE,FALSE,FALSE,FALSE,FALSE,FALSE,FALSE,FALSE,FALSE,FALSE,FALSE,FALSE,FALSE,FALSE,FALSE,FALSE,FALSE,FALSE,FALSE,TRUE,FALSE,not_given,FALSE,FALSE,FALSE,not_given,FALSE,none,FALSE,FALSE,FALSE,FALSE
arms-red algae,coralnet,rhodophyta,mermaid,not_given,rhodophyta,not_given,not_given,not_given,not_given,FALSE,FALSE,FALSE,FALSE,FALSE,FALSE,FALSE,FALSE,FALSE,FALSE,FALSE,FALSE,FALSE,FALSE,FALSE,FALSE,FALSE,FALSE,FALSE,FALSE,FALSE,FALSE,FALSE,FALSE,FALSE,TRUE,FALSE,not_given,FALSE,FALSE,FALSE,FALSE,FALSE,not_given,FALSE,FALSE,FALSE,FALSE
brown_algae_light,coralnet,phaeophyceae,mermaid,not_given,ochrophyta,not_given,not_given,not_given,not_given,FALSE,FALSE,FALSE,FALSE,FALSE,FALSE,FALSE,FALSE,FALSE,FALSE,FALSE,FALSE,FALSE,FALSE,FALSE,FALSE,FALSE,FALSE,FALSE,FALSE,FALSE,FALSE,FALSE,FALSE,FALSE,TRUE,FALSE,not_given,FALSE,FALSE,FALSE,not_given,FALSE,phaeophyceae,FALSE,FALSE,FALSE,FALSE
sargassum filipendula,coralnet,,,chromista,ochrophyta,fucales,sargassaceae,sargassum,sargassum_filipendula,FALSE,FALSE,FALSE,FALSE,FALSE,FALSE,FALSE,FALSE,FALSE,FALSE,FALSE,FALSE,FALSE,FALSE,FALSE,FALSE,FALSE,FALSE,FALSE,FALSE,FALSE,FALSE,FALSE,FALSE,FALSE,TRUE,FALSE,FALSE,FALSE,FALSE,FALSE,not_given,FALSE,phaeophyceae,FALSE,FALSE,FALSE,FALSE
hard coral coverage,coralnet,hard coral alive,coralscapes_v2,animalia,cnidaria,scleractinia,not_given,not_given,not_given,not_given,not_given,not_given,not_given,not_given,not_given,not_given,not_given,not_given,not_given,FALSE,FALSE,not_given,FALSE,not_given,not_given,FALSE,not_given,not_given,not_given,not_given,not_given,FALSE,not_given,FALSE,FALSE,FALSE,FALSE,FALSE,FALSE,FALSE,FALSE,FALSE,hexacorallia,FALSE,FALSE,FALSE,TRUE
thin turf algae,coralnet,turf algae,mermaid,none,none,none,none,none,none,FALSE,FALSE,FALSE,FALSE,FALSE,FALSE,FALSE,FALSE,FALSE,FALSE,FALSE,FALSE,FALSE,FALSE,FALSE,FALSE,FALSE,FALSE,FALSE,FALSE,FALSE,FALSE,FALSE,FALSE,FALSE,TRUE,FALSE,not_given,FALSE,FALSE,FALSE,FALSE,FALSE,none,FALSE,FALSE,not_given,FALSE
aulacomya atra,coralnet,,,animalia,mollusca,mytilida,mytilidae,aulacomya,aulacomya_atra,FALSE,FALSE,FALSE,FALSE,FALSE,FALSE,FALSE,FALSE,FALSE,FALSE,FALSE,FALSE,FALSE,FALSE,FALSE,FALSE,FALSE,FALSE,FALSE,FALSE,FALSE,FALSE,FALSE,FALSE,FALSE,FALSE,FALSE,FALSE,FALSE,FALSE,FALSE,FALSE,FALSE,bivalvia,FALSE,FALSE,FALSE,TRUE
shell hash/gravel,coralnet,rubble,coralscapes_v2,none,none,none,none,none,none,FALSE,FALSE,FALSE,FALSE,FALSE,FALSE,FALSE,FALSE,FALSE,FALSE,FALSE,FALSE,FALSE,FALSE,FALSE,FALSE,FALSE,FALSE,FALSE,FALSE,FALSE,FALSE,FALSE,FALSE,FALSE,FALSE,FALSE,FALSE,FALSE,FALSE,FALSE,FALSE,FALSE,none,FALSE,not_given,not_given,FALSE
cobbles,coralnet,rubble,coralscapes_v2,none,none,none,none,none,none,FALSE,FALSE,FALSE,FALSE,FALSE,FALSE,FALSE,FALSE,FALSE,FALSE,FALSE,FALSE,FALSE,FALSE,FALSE,FALSE,FALSE,FALSE,FALSE,FALSE,FALSE,FALSE,FALSE,FALSE,FALSE,FALSE,FALSE,FALSE,FALSE,FALSE,FALSE,FALSE,FALSE,none,FALSE,not_given,not_given,FALSE
epizoanthus sp.,coralnet,,,animalia,cnidaria,zoantharia,epizoanthidae,epizoanthus,not_given,not_given,not_given,not_given,not_given,not_given,not_given,not_given,not_given,not_given,not_given,not_given,not_given,not_given,not_given,not_given,not_given,not_given,not_given,not_given,not_given,not_given,not_given,not_given,not_given,FALSE,FALSE,FALSE,FALSE,FALSE,FALSE,FALSE,FALSE,FALSE,hexacorallia,FALSE,FALSE,FALSE,TRUE
fucus serratus,coralnet,,,chromista,ochrophyta,fucales,fucaceae,fucus,fucus_serratus,FALSE,FALSE,FALSE,FALSE,FALSE,FALSE,FALSE,FALSE,FALSE,FALSE,FALSE,FALSE,FALSE,FALSE,FALSE,FALSE,FALSE,FALSE,FALSE,FALSE,FALSE,FALSE,FALSE,FALSE,FALSE,TRUE,FALSE,FALSE,FALSE,FALSE,FALSE,not_given,FALSE,phaeophyceae,FALSE,FALSE,FALSE,FALSE
substrate: consolidated (hard) rock,coralnet,hard substrate,coralscapes_v2,none,none,none,none,none,none,FALSE,FALSE,FALSE,FALSE,FALSE,FALSE,FALSE,FALSE,FALSE,FALSE,FALSE,FALSE,FALSE,FALSE,FALSE,FALSE,FALSE,FALSE,FALSE,FALSE,FALSE,FALSE,FALSE,FALSE,FALSE,FALSE,FALSE,FALSE,FALSE,FALSE,FALSE,FALSE,FALSE,none,FALSE,FALSE,TRUE,FALSE
crep-t1 crustose coralline algae,coralnet,crustose coralline algae,mermaid,not_given,rhodophyta,corallinales,not_given,not_given,not_given,FALSE,FALSE,FALSE,FALSE,FALSE,FALSE,FALSE,FALSE,FALSE,FALSE,FALSE,FALSE,FALSE,FALSE,FALSE,FALSE,FALSE,FALSE,FALSE,FALSE,FALSE,FALSE,FALSE,FALSE,FALSE,TRUE,FALSE,not_given,FALSE,FALSE,FALSE,FALSE,FALSE,florideophyceae,FALSE,FALSE,not_given,FALSE
champia chathamensis,coralnet,,,plantae,rhodophyta,rhodymeniales,champiaceae,champia,champia_chathamensis,FALSE,FALSE,FALSE,FALSE,FALSE,FALSE,FALSE,FALSE,FALSE,FALSE,FALSE,FALSE,FALSE,FALSE,FALSE,FALSE,FALSE,FALSE,FALSE,FALSE,FALSE,FALSE,FALSE,FALSE,FALSE,TRUE,FALSE,FALSE,FALSE,FALSE,FALSE,FALSE,FALSE,florideophyceae,FALSE,FALSE,FALSE,FALSE
too dark,coralnet,dark,coralscapes_v2,none,none,none,none,none,none,FALSE,FALSE,FALSE,FALSE,FALSE,FALSE,FALSE,FALSE,FALSE,FALSE,FALSE,FALSE,FALSE,FALSE,FALSE,FALSE,FALSE,FALSE,FALSE,FALSE,FALSE,FALSE,FALSE,FALSE,FALSE,FALSE,FALSE,not_given,FALSE,FALSE,FALSE,FALSE,TRUE,none,FALSE,FALSE,FALSE,FALSE
turf algal sediment matrix,coralnet,turf algae,mermaid,none,none,none,none,none,none,FALSE,FALSE,FALSE,FALSE,FALSE,FALSE,FALSE,FALSE,FALSE,FALSE,FALSE,FALSE,FALSE,FALSE,FALSE,FALSE,FALSE,FALSE,FALSE,FALSE,FALSE,FALSE,FALSE,FALSE,FALSE,TRUE,FALSE,not_given,FALSE,FALSE,FALSE,FALSE,FALSE,none,FALSE,FALSE,not_given,FALSE
chondria species,coralnet,,,plantae,rhodophyta,ceramiales,rhodomelaceae,chondria,not_given,FALSE,FALSE,FALSE,FALSE,FALSE,FALSE,FALSE,FALSE,FALSE,FALSE,FALSE,FALSE,FALSE,FALSE,FALSE,FALSE,FALSE,FALSE,FALSE,FALSE,FALSE,FALSE,FALSE,FALSE,FALSE,TRUE,FALSE,FALSE,FALSE,FALSE,FALSE,not_given,FALSE,florideophyceae,FALSE,FALSE,FALSE,FALSE
zoanthus sociatus_,coralnet,,,animalia,cnidaria,zoantharia,zoanthidae,zoanthus,zoanthus_sociatus,not_given,not_given,not_given,not_given,not_given,not_given,not_given,not_given,not_given,not_given,not_given,not_given,not_given,not_given,not_given,not_given,not_given,not_given,not_given,not_given,not_given,not_given,not_given,not_given,FALSE,FALSE,FALSE,FALSE,FALSE,FALSE,FALSE,FALSE,FALSE,hexacorallia,FALSE,FALSE,FALSE,TRUE
mytilaster solisianus,coralnet,,,animalia,mollusca,mytilida,mytilidae,mytilaster,mytilaster_solisianus,FALSE,FALSE,FALSE,FALSE,FALSE,FALSE,FALSE,FALSE,FALSE,FALSE,FALSE,FALSE,FALSE,FALSE,FALSE,FALSE,FALSE,FALSE,FALSE,FALSE,FALSE,FALSE,FALSE,FALSE,FALSE,FALSE,FALSE,FALSE,FALSE,FALSE,FALSE,FALSE,FALSE,bivalvia,FALSE,FALSE,FALSE,TRUE
cystoseira barbata,coralnet,,,chromista,ochrophyta,fucales,sargassaceae,cystoseira,not_given,FALSE,FALSE,FALSE,FALSE,FALSE,FALSE,FALSE,FALSE,FALSE,FALSE,FALSE,FALSE,FALSE,FALSE,FALSE,FALSE,FALSE,FALSE,FALSE,FALSE,FALSE,FALSE,FALSE,FALSE,FALSE,TRUE,FALSE,FALSE,FALSE,FALSE,FALSE,not_given,FALSE,phaeophyceae,FALSE,FALSE,FALSE,FALSE
botryllus schlosseri,coralnet,,,animalia,chordata,stolidobranchia,styelidae,botryllus,botryllus_schlosseri,FALSE,FALSE,FALSE,FALSE,FALSE,FALSE,FALSE,FALSE,FALSE,FALSE,FALSE,FALSE,FALSE,FALSE,FALSE,FALSE,FALSE,FALSE,FALSE,FALSE,FALSE,FALSE,FALSE,FALSE,FALSE,FALSE,FALSE,FALSE,FALSE,FALSE,FALSE,FALSE,FALSE,ascidiacea,FALSE,FALSE,FALSE,TRUE
xenia cf crassa healthy,coralnet,xenia crassa,coralnet,animalia,cnidaria,malacalcyonacea,xeniidae,xenia,xenia_crasssa,not_given,not_given,not_given,not_given,not_given,not_given,not_given,not_given,not_given,not_given,not_given,not_given,not_given,not_given,not_given,not_given,not_given,not_given,not_given,not_given,not_given,not_given,not_given,not_given,FALSE,FALSE,FALSE,FALSE,FALSE,FALSE,FALSE,FALSE,FALSE,octocorallia,FALSE,FALSE,FALSE,TRUE
arms-green algae,coralnet,green algae,mermaid,plantae,not_given,not_given,not_given,not_given,not_given,FALSE,FALSE,FALSE,FALSE,FALSE,FALSE,FALSE,FALSE,FALSE,FALSE,FALSE,FALSE,FALSE,FALSE,FALSE,FALSE,FALSE,FALSE,FALSE,FALSE,FALSE,FALSE,FALSE,FALSE,FALSE,TRUE,FALSE,FALSE,FALSE,FALSE,FALSE,not_given,FALSE,not_given,FALSE,FALSE,FALSE,FALSE
macro algae,coralnet,macroalgae,mermaid,none,none,none,none,none,none,FALSE,FALSE,FALSE,FALSE,FALSE,FALSE,FALSE,FALSE,FALSE,FALSE,FALSE,FALSE,FALSE,FALSE,FALSE,FALSE,FALSE,FALSE,FALSE,FALSE,FALSE,FALSE,FALSE,FALSE,FALSE,TRUE,FALSE,not_given,FALSE,FALSE,FALSE,TRUE,FALSE,none,FALSE,FALSE,FALSE,FALSE
encrusting coralline algae,coralnet,crustose coralline algae,mermaid,not_given,rhodophyta,corallinales,not_given,not_given,not_given,FALSE,FALSE,FALSE,FALSE,FALSE,FALSE,FALSE,FALSE,FALSE,FALSE,FALSE,FALSE,FALSE,FALSE,FALSE,FALSE,FALSE,FALSE,FALSE,FALSE,FALSE,FALSE,FALSE,FALSE,FALSE,TRUE,FALSE,not_given,FALSE,FALSE,FALSE,FALSE,FALSE,florideophyceae,FALSE,FALSE,not_given,FALSE
brown macroalgae,coralnet,phaeophyceae,mermaid,not_given,ochrophyta,not_given,not_given,not_given,not_given,FALSE,FALSE,FALSE,FALSE,FALSE,FALSE,FALSE,FALSE,FALSE,FALSE,FALSE,FALSE,FALSE,FALSE,FALSE,FALSE,FALSE,FALSE,FALSE,FALSE,FALSE,FALSE,FALSE,FALSE,FALSE,TRUE,FALSE,not_given,FALSE,FALSE,FALSE,TRUE,FALSE,phaeophyceae,FALSE,FALSE,FALSE,FALSE
lophocladia sp.,coralnet,,,plantae,rhodophyta,ceramiales,rhodomelaceae,lophocladia,not_given,FALSE,FALSE,FALSE,FALSE,FALSE,FALSE,FALSE,FALSE,FALSE,FALSE,FALSE,FALSE,FALSE,FALSE,FALSE,FALSE,FALSE,FALSE,FALSE,FALSE,FALSE,FALSE,FALSE,FALSE,FALSE,TRUE,FALSE,FALSE,FALSE,FALSE,FALSE,FALSE,FALSE,florideophyceae,FALSE,FALSE,FALSE,FALSE
dead staghorn acropora,coralnet,acropora dead,coralscapes_v2,animalia,cnidaria,scleractinia,acroporidae,acropora,not_given,FALSE,not_given,FALSE,FALSE,FALSE,FALSE,FALSE,not_given,FALSE,FALSE,FALSE,FALSE,FALSE,FALSE,TRUE,not_given,FALSE,FALSE,FALSE,not_given,not_given,FALSE,FALSE,not_given,FALSE,FALSE,FALSE,FALSE,FALSE,FALSE,FALSE,FALSE,FALSE,hexacorallia,FALSE,FALSE,not_given,FALSE
brown encrusting algae,coralnet,phaeophyceae,mermaid,not_given,ochrophyta,not_given,not_given,not_given,not_given,FALSE,FALSE,FALSE,FALSE,FALSE,FALSE,FALSE,FALSE,FALSE,FALSE,FALSE,FALSE,FALSE,FALSE,FALSE,FALSE,FALSE,FALSE,FALSE,FALSE,FALSE,FALSE,FALSE,FALSE,FALSE,TRUE,FALSE,not_given,FALSE,FALSE,FALSE,not_given,FALSE,phaeophyceae,FALSE,FALSE,FALSE,FALSE
long sediment-laden algal turf,coralnet,turf algae,mermaid,none,none,none,none,none,none,FALSE,FALSE,FALSE,FALSE,FALSE,FALSE,FALSE,FALSE,FALSE,FALSE,FALSE,FALSE,FALSE,FALSE,FALSE,FALSE,FALSE,FALSE,FALSE,FALSE,FALSE,FALSE,FALSE,FALSE,FALSE,TRUE,FALSE,not_given,FALSE,FALSE,FALSE,FALSE,FALSE,none,FALSE,FALSE,not_given,FALSE
protopalythoa variabilis,coralnet,,,animalia,cnidaria,zoantharia,sphenopidae,palythoa,palythoa_variabilis,not_given,not_given,not_given,not_given,not_given,not_given,not_given,not_given,not_given,not_given,not_given,not_given,not_given,not_given,not_given,not_given,not_given,not_given,not_given,not_given,not_given,not_given,not_given,not_given,FALSE,FALSE,FALSE,FALSE,FALSE,FALSE,FALSE,FALSE,FALSE,hexacorallia,FALSE,FALSE,FALSE,TRUE
ciona intestinalis,coralnet,,,animalia,chordata,phlebobranchia,cionidae,ciona,ciona_intestinalis,FALSE,FALSE,FALSE,FALSE,FALSE,FALSE,FALSE,FALSE,FALSE,FALSE,FALSE,FALSE,FALSE,FALSE,FALSE,FALSE,FALSE,FALSE,FALSE,FALSE,FALSE,FALSE,FALSE,FALSE,FALSE,FALSE,FALSE,FALSE,FALSE,FALSE,FALSE,FALSE,FALSE,ascidiacea,FALSE,FALSE,FALSE,TRUE
fucus sp.,coralnet,,,chromista,ochrophyta,fucales,fucaceae,fucus,not_given,FALSE,FALSE,FALSE,FALSE,FALSE,FALSE,FALSE,FALSE,FALSE,FALSE,FALSE,FALSE,FALSE,FALSE,FALSE,FALSE,FALSE,FALSE,FALSE,FALSE,FALSE,FALSE,FALSE,FALSE,FALSE,TRUE,FALSE,FALSE,FALSE,FALSE,FALSE,not_given,FALSE,phaeophyceae,FALSE,FALSE,FALSE,FALSE
sand patches,coralnet,sand,coralscapes_v2,none,none,none,none,none,none,FALSE,FALSE,FALSE,FALSE,FALSE,FALSE,FALSE,FALSE,FALSE,FALSE,FALSE,FALSE,FALSE,FALSE,FALSE,FALSE,FALSE,FALSE,FALSE,FALSE,FALSE,FALSE,FALSE,FALSE,FALSE,FALSE,FALSE,FALSE,FALSE,FALSE,FALSE,FALSE,FALSE,none,FALSE,TRUE,FALSE,FALSE
seagrasses: strap-like leaves: p. australis,coralnet,seagrass,coralscapes_v2,plantae,not_given,alismatales,not_given,not_given,not_given,FALSE,FALSE,FALSE,FALSE,FALSE,FALSE,FALSE,FALSE,FALSE,FALSE,FALSE,FALSE,FALSE,FALSE,FALSE,FALSE,FALSE,FALSE,FALSE,FALSE,FALSE,FALSE,FALSE,FALSE,FALSE,FALSE,FALSE,FALSE,FALSE,FALSE,FALSE,FALSE,FALSE,not_given,FALSE,FALSE,FALSE,FALSE
cover - seagrass halodule uninervis,coralnet,halodule uninervis,mermaid,plantae,not_given,alismatales,cymodoceaceae,halodule,halodule_uninervis,FALSE,FALSE,FALSE,FALSE,FALSE,FALSE,FALSE,FALSE,FALSE,FALSE,FALSE,FALSE,FALSE,FALSE,FALSE,FALSE,FALSE,FALSE,FALSE,FALSE,FALSE,FALSE,FALSE,FALSE,FALSE,FALSE,FALSE,FALSE,FALSE,FALSE,FALSE,FALSE,FALSE,not_given,FALSE,FALSE,FALSE,FALSE
brown filamentous algae,coralnet,phaeophyceae,mermaid,not_given,ochrophyta,not_given,not_given,not_given,not_given,FALSE,FALSE,FALSE,FALSE,FALSE,FALSE,FALSE,FALSE,FALSE,FALSE,FALSE,FALSE,FALSE,FALSE,FALSE,FALSE,FALSE,FALSE,FALSE,FALSE,FALSE,FALSE,FALSE,FALSE,FALSE,TRUE,FALSE,not_given,FALSE,FALSE,FALSE,not_given,FALSE,phaeophyceae,FALSE,FALSE,FALSE,FALSE
fucus sp. adult,coralnet,fucus sp.,coralnet,chromista,ochrophyta,fucales,fucaceae,fucus,not_given,FALSE,FALSE,FALSE,FALSE,FALSE,FALSE,FALSE,FALSE,FALSE,FALSE,FALSE,FALSE,FALSE,FALSE,FALSE,FALSE,FALSE,FALSE,FALSE,FALSE,FALSE,FALSE,FALSE,FALSE,FALSE,TRUE,FALSE,FALSE,FALSE,FALSE,FALSE,not_given,FALSE,phaeophyceae,FALSE,FALSE,FALSE,FALSE
cover - seagrass enhalus acoroides,coralnet,enhalus acoroides,mermaid,plantae,not_given,alismatales,hydrocharitaceae,enhalus,enhalus_acoroides,FALSE,FALSE,FALSE,FALSE,FALSE,FALSE,FALSE,FALSE,FALSE,FALSE,FALSE,FALSE,FALSE,FALSE,FALSE,FALSE,FALSE,FALSE,FALSE,FALSE,FALSE,FALSE,FALSE,FALSE,FALSE,FALSE,FALSE,FALSE,FALSE,FALSE,FALSE,FALSE,FALSE,not_given,FALSE,FALSE,FALSE,FALSE
healthy coral,coralnet,other coral alive,coralscapes_v2,animalia,cnidaria,not_given,not_given,not_given,not_given,not_given,not_given,not_given,not_given,not_given,not_given,not_given,not_given,not_given,not_given,not_given,not_given,not_given,not_given,not_given,not_given,not_given,not_given,not_given,not_given,not_given,not_given,not_given,not_given,FALSE,FALSE,FALSE,FALSE,FALSE,FALSE,FALSE,FALSE,FALSE,not_given,FALSE,FALSE,FALSE,TRUE
cystophora retroflexa,coralnet,,,chromista,ochrophyta,fucales,sargassaceae,cystophora,cystophora_retroflexa,FALSE,FALSE,FALSE,FALSE,FALSE,FALSE,FALSE,FALSE,FALSE,FALSE,FALSE,FALSE,FALSE,FALSE,FALSE,FALSE,FALSE,FALSE,FALSE,FALSE,FALSE,FALSE,FALSE,FALSE,FALSE,TRUE,FALSE,FALSE,FALSE,FALSE,FALSE,FALSE,FALSE,phaeophyceae,FALSE,FALSE,FALSE,FALSE
ecklonia radiata,coralnet,,,chromista,ochrophyta,laminariales,lessoniaceae,ecklonia,ecklonia_radiata,FALSE,FALSE,FALSE,FALSE,FALSE,FALSE,FALSE,FALSE,FALSE,FALSE,FALSE,FALSE,FALSE,FALSE,FALSE,FALSE,FALSE,FALSE,FALSE,FALSE,FALSE,FALSE,FALSE,FALSE,FALSE,TRUE,FALSE,FALSE,FALSE,FALSE,FALSE,FALSE,FALSE,phaeophyceae,FALSE,FALSE,FALSE,FALSE
"red algae, filamentous",coralnet,rhodophyta,mermaid,not_given,rhodophyta,not_given,not_given,not_given,not_given,FALSE,FALSE,FALSE,FALSE,FALSE,FALSE,FALSE,FALSE,FALSE,FALSE,FALSE,FALSE,FALSE,FALSE,FALSE,FALSE,FALSE,FALSE,FALSE,FALSE,FALSE,FALSE,FALSE,FALSE,FALSE,TRUE,FALSE,not_given,FALSE,FALSE,FALSE,FALSE,FALSE,not_given,FALSE,FALSE,FALSE,FALSE
carpophyllum maschalocarpum,coralnet,,,chromista,ochrophyta,fucales,sargassaceae,carpophyllum,not_given,FALSE,FALSE,FALSE,FALSE,FALSE,FALSE,FALSE,FALSE,FALSE,FALSE,FALSE,FALSE,FALSE,FALSE,FALSE,FALSE,FALSE,FALSE,FALSE,FALSE,FALSE,FALSE,FALSE,FALSE,FALSE,TRUE,FALSE,FALSE,FALSE,FALSE,FALSE,FALSE,FALSE,phaeophyceae,FALSE,FALSE,FALSE,FALSE
biotic matrix on rubble,coralnet,rubble,coralscapes_v2,none,none,none,none,none,none,FALSE,FALSE,FALSE,FALSE,FALSE,FALSE,FALSE,FALSE,FALSE,FALSE,FALSE,FALSE,FALSE,FALSE,FALSE,FALSE,FALSE,FALSE,FALSE,FALSE,FALSE,FALSE,FALSE,FALSE,FALSE,FALSE,FALSE,FALSE,FALSE,FALSE,FALSE,FALSE,FALSE,none,FALSE,not_given,not_given,FALSE
blurry,coralnet,background,coralscapes_v2,none,none,none,none,none,none,FALSE,FALSE,FALSE,FALSE,FALSE,FALSE,FALSE,FALSE,FALSE,FALSE,FALSE,FALSE,FALSE,FALSE,FALSE,FALSE,FALSE,FALSE,FALSE,FALSE,FALSE,FALSE,FALSE,FALSE,FALSE,FALSE,TRUE,FALSE,FALSE,FALSE,FALSE,FALSE,FALSE,none,FALSE,FALSE,FALSE,FALSE
arms-crep-bivalve-empty,coralnet,bivalvia,mermaid,animalia,mollusca,not_given,not_given,not_given,not_given,FALSE,FALSE,FALSE,FALSE,FALSE,FALSE,FALSE,FALSE,FALSE,FALSE,FALSE,FALSE,FALSE,FALSE,FALSE,FALSE,FALSE,FALSE,FALSE,FALSE,FALSE,FALSE,FALSE,FALSE,FALSE,FALSE,FALSE,FALSE,FALSE,FALSE,FALSE,FALSE,FALSE,bivalvia,FALSE,FALSE,FALSE,TRUE
porites lichen,coralnet,porites lichen,mermaid,animalia,cnidaria,scleractinia,poritidae,porites,porites_lichen,FALSE,FALSE,not_given,FALSE,not_given,FALSE,not_given,FALSE,not_given,TRUE,FALSE,FALSE,not_given,FALSE,not_given,TRUE,FALSE,not_given,FALSE,FALSE,not_given,FALSE,FALSE,not_given,FALSE,FALSE,FALSE,FALSE,FALSE,FALSE,FALSE,FALSE,FALSE,hexacorallia,FALSE,FALSE,FALSE,TRUE
unknown invertebrate,coralnet,invertebrate,mermaid,animalia,not_given,not_given,not_given,not_given,not_given,FALSE,FALSE,FALSE,FALSE,FALSE,FALSE,FALSE,FALSE,FALSE,FALSE,FALSE,FALSE,FALSE,FALSE,FALSE,FALSE,FALSE,FALSE,FALSE,FALSE,FALSE,FALSE,FALSE,FALSE,FALSE,FALSE,FALSE,FALSE,FALSE,FALSE,FALSE,FALSE,FALSE,not_given,FALSE,FALSE,FALSE,TRUE
arbacia dufresnii,coralnet,,,animalia,echinodermata,arbacioida,arbaciidae,arbacia,arbacia_dufresnii,FALSE,FALSE,FALSE,FALSE,FALSE,FALSE,FALSE,FALSE,FALSE,FALSE,FALSE,FALSE,FALSE,FALSE,FALSE,FALSE,FALSE,FALSE,FALSE,FALSE,FALSE,FALSE,FALSE,FALSE,FALSE,FALSE,FALSE,FALSE,FALSE,FALSE,FALSE,FALSE,FALSE,echinoidea,FALSE,FALSE,FALSE,TRUE
porites thick healthy,coralnet,porites alive,coralscapes_v2,animalia,cnidaria,scleractinia,poritidae,porites,not_given,FALSE,not_given,not_given,FALSE,TRUE,FALSE,not_given,not_given,not_given,not_given,FALSE,FALSE,not_given,FALSE,not_given,not_given,FALSE,FALSE,FALSE,FALSE,not_given,FALSE,FALSE,not_given,FALSE,FALSE,FALSE,FALSE,FALSE,FALSE,FALSE,FALSE,FALSE,hexacorallia,FALSE,FALSE,FALSE,TRUE
cladophora sp.,coralnet,cladophora,mermaid,plantae,chlorophyta,cladophorales,cladophoraceae,cladophora,not_given,FALSE,FALSE,FALSE,FALSE,FALSE,FALSE,FALSE,FALSE,FALSE,FALSE,FALSE,FALSE,FALSE,FALSE,FALSE,FALSE,FALSE,FALSE,FALSE,FALSE,FALSE,FALSE,FALSE,FALSE,FALSE,TRUE,FALSE,FALSE,FALSE,FALSE,FALSE,FALSE,FALSE,ulvophyceae,FALSE,FALSE,FALSE,FALSE
fucus vesiculosus,coralnet,,,chromista,ochrophyta,fucales,fucaceae,fucus,fucus_vesiculous,FALSE,FALSE,FALSE,FALSE,FALSE,FALSE,FALSE,FALSE,FALSE,FALSE,FALSE,FALSE,FALSE,FALSE,FALSE,FALSE,FALSE,FALSE,FALSE,FALSE,FALSE,FALSE,FALSE,FALSE,FALSE,TRUE,FALSE,FALSE,FALSE,FALSE,FALSE,not_given,FALSE,phaeophyceae,FALSE,FALSE,FALSE,FALSE
macroalgae: laminate: brown: zonaria sp.,coralnet,phaeophyceae,mermaid,not_given,ochrophyta,not_given,not_given,not_given,not_given,FALSE,FALSE,FALSE,FALSE,FALSE,FALSE,FALSE,FALSE,FALSE,FALSE,FALSE,FALSE,FALSE,FALSE,FALSE,FALSE,FALSE,FALSE,FALSE,FALSE,FALSE,FALSE,FALSE,FALSE,FALSE,TRUE,FALSE,not_given,FALSE,FALSE,FALSE,not_given,FALSE,phaeophyceae,FALSE,FALSE,FALSE,FALSE
chondria dasyphylla,coralnet,,,plantae,rhodophyta,ceramiales,rhodomelaceae,chondria,chondria_dasyphylla,FALSE,FALSE,FALSE,FALSE,FALSE,FALSE,FALSE,FALSE,FALSE,FALSE,FALSE,FALSE,FALSE,FALSE,FALSE,FALSE,FALSE,FALSE,FALSE,FALSE,FALSE,FALSE,FALSE,FALSE,FALSE,TRUE,FALSE,FALSE,FALSE,FALSE,FALSE,FALSE,FALSE,florideophyceae,FALSE,FALSE,FALSE,FALSE
zostera spp.,coralnet,zostera,mermaid,plantae,not_given,alismatales,zosteraceae,zostera,not_given,FALSE,FALSE,FALSE,FALSE,FALSE,FALSE,FALSE,FALSE,FALSE,FALSE,FALSE,FALSE,FALSE,FALSE,FALSE,FALSE,FALSE,FALSE,FALSE,FALSE,FALSE,FALSE,FALSE,FALSE,FALSE,FALSE,FALSE,FALSE,FALSE,FALSE,FALSE,FALSE,FALSE,not_given,FALSE,FALSE,FALSE,FALSE
arms-crep-tunicate solitary,coralnet,tunicate,mermaid,animalia,chordata,not_given,not_given,not_given,not_given,FALSE,FALSE,FALSE,FALSE,FALSE,FALSE,FALSE,FALSE,FALSE,FALSE,FALSE,FALSE,FALSE,FALSE,FALSE,FALSE,FALSE,FALSE,FALSE,FALSE,FALSE,FALSE,FALSE,FALSE,FALSE,FALSE,FALSE,FALSE,FALSE,FALSE,FALSE,FALSE,FALSE,not_given,FALSE,FALSE,FALSE,TRUE
a. galapagensis (alive),coralnet,,,animalia,cnidaria,antipatharia,antipathidae,antipathes,antipathes_galapagensis,not_given,not_given,not_given,not_given,not_given,not_given,not_given,not_given,not_given,not_given,not_given,not_given,not_given,not_given,not_given,not_given,not_given,not_given,not_given,not_given,not_given,not_given,not_given,not_given,FALSE,FALSE,FALSE,FALSE,FALSE,FALSE,FALSE,FALSE,FALSE,hexacorallia,FALSE,FALSE,FALSE,TRUE
costaria costata,coralnet,,,chromista,ochrophyta,laminariales,agaraceae,costaria,costaria_costata,FALSE,FALSE,FALSE,FALSE,FALSE,FALSE,FALSE,FALSE,FALSE,FALSE,FALSE,FALSE,FALSE,FALSE,FALSE,FALSE,FALSE,FALSE,FALSE,FALSE,FALSE,FALSE,FALSE,FALSE,FALSE,TRUE,FALSE,FALSE,FALSE,FALSE,FALSE,not_given,FALSE,phaeophyceae,FALSE,FALSE,FALSE,FALSE
white encrusting bryozoan (generic),coralnet,bryozoan,mermaid,animalia,bryozoa,not_given,not_given,not_given,not_given,FALSE,FALSE,FALSE,FALSE,FALSE,FALSE,FALSE,FALSE,FALSE,FALSE,FALSE,FALSE,FALSE,FALSE,FALSE,FALSE,FALSE,FALSE,FALSE,FALSE,FALSE,FALSE,FALSE,FALSE,FALSE,FALSE,FALSE,FALSE,FALSE,FALSE,FALSE,FALSE,FALSE,not_given,FALSE,FALSE,FALSE,TRUE
fleshy_algae,coralnet,algae covered substrate,coralscapes_v2,none,none,none,none,none,none,FALSE,FALSE,FALSE,FALSE,FALSE,FALSE,FALSE,FALSE,FALSE,FALSE,FALSE,FALSE,FALSE,FALSE,FALSE,FALSE,FALSE,FALSE,FALSE,FALSE,FALSE,FALSE,FALSE,FALSE,FALSE,TRUE,FALSE,FALSE,FALSE,FALSE,FALSE,not_given,FALSE,none,FALSE,FALSE,FALSE,FALSE
lithophyllum incrustans,coralnet,,,plantae,rhodophyta,corallinales,lithophyllaceae,lithophyllum,lithophyllum_incrustans,FALSE,FALSE,FALSE,FALSE,FALSE,FALSE,FALSE,FALSE,FALSE,FALSE,FALSE,FALSE,FALSE,FALSE,FALSE,FALSE,FALSE,FALSE,FALSE,FALSE,FALSE,FALSE,FALSE,FALSE,FALSE,TRUE,FALSE,FALSE,FALSE,FALSE,FALSE,FALSE,FALSE,florideophyceae,FALSE,FALSE,FALSE,FALSE
rubber grip tape,coralnet,transect tools,coralscapes_v2,none,none,none,none,none,none,FALSE,FALSE,FALSE,FALSE,FALSE,FALSE,FALSE,FALSE,FALSE,FALSE,FALSE,FALSE,FALSE,FALSE,FALSE,FALSE,FALSE,FALSE,FALSE,FALSE,FALSE,FALSE,FALSE,FALSE,FALSE,FALSE,FALSE,TRUE,FALSE,TRUE,FALSE,FALSE,FALSE,none,FALSE,FALSE,FALSE,FALSE
arms-barnacle-empty,coralnet,barnacles,coralnet,animalia,arthropoda,not_given,not_given,not_given,not_given,FALSE,FALSE,FALSE,FALSE,FALSE,FALSE,FALSE,FALSE,FALSE,FALSE,FALSE,FALSE,FALSE,FALSE,FALSE,FALSE,FALSE,FALSE,FALSE,FALSE,FALSE,FALSE,FALSE,FALSE,FALSE,FALSE,FALSE,FALSE,FALSE,FALSE,FALSE,FALSE,FALSE,thecostraca,FALSE,FALSE,FALSE,TRUE
red algae.,coralnet,rhodophyta,mermaid,not_given,rhodophyta,not_given,not_given,not_given,not_given,FALSE,FALSE,FALSE,FALSE,FALSE,FALSE,FALSE,FALSE,FALSE,FALSE,FALSE,FALSE,FALSE,FALSE,FALSE,FALSE,FALSE,FALSE,FALSE,FALSE,FALSE,FALSE,FALSE,FALSE,FALSE,TRUE,FALSE,not_given,FALSE,FALSE,FALSE,FALSE,FALSE,not_given,FALSE,FALSE,FALSE,FALSE
halophila ovalis,coralnet,halophila ovalis,mermaid,plantae,not_given,alismatales,hydrocharitaceae,halophila,halophila_ovalis,FALSE,FALSE,FALSE,FALSE,FALSE,FALSE,FALSE,FALSE,FALSE,FALSE,FALSE,FALSE,FALSE,FALSE,FALSE,FALSE,FALSE,FALSE,FALSE,FALSE,FALSE,FALSE,FALSE,FALSE,FALSE,FALSE,FALSE,FALSE,FALSE,FALSE,FALSE,FALSE,FALSE,not_given,FALSE,FALSE,FALSE,FALSE
macroalgae-seaweed,coralnet,macroalgae,mermaid,none,none,none,none,none,none,FALSE,FALSE,FALSE,FALSE,FALSE,FALSE,FALSE,FALSE,FALSE,FALSE,FALSE,FALSE,FALSE,FALSE,FALSE,FALSE,FALSE,FALSE,FALSE,FALSE,FALSE,FALSE,FALSE,FALSE,FALSE,TRUE,FALSE,not_given,FALSE,FALSE,FALSE,TRUE,FALSE,none,FALSE,FALSE,FALSE,FALSE
spirobranchus triqueter,coralnet,,,animalia,annelida,sabellida,serpulidae,spirobranchus,spirobranchus_triqueter,FALSE,FALSE,FALSE,FALSE,FALSE,FALSE,FALSE,FALSE,FALSE,FALSE,FALSE,FALSE,FALSE,FALSE,FALSE,FALSE,FALSE,FALSE,FALSE,FALSE,FALSE,FALSE,FALSE,FALSE,FALSE,FALSE,FALSE,FALSE,FALSE,FALSE,FALSE,FALSE,FALSE,polychaeta,FALSE,FALSE,FALSE,TRUE
montastrea spp.,coralnet,montastraea,mermaid,animalia,cnidaria,scleractinia,montastraeidae,montastraea,not_given,not_given,FALSE,not_given,not_given,TRUE,not_given,not_given,FALSE,not_given,not_given,FALSE,FALSE,not_given,FALSE,not_given,TRUE,FALSE,not_given,not_given,not_given,not_given,not_given,FALSE,not_given,TRUE,FALSE,FALSE,FALSE,FALSE,FALSE,FALSE,FALSE,FALSE,hexacorallia,FALSE,FALSE,FALSE,TRUE
porites species (mounding),coralnet,porites alive,coralscapes_v2,animalia,cnidaria,scleractinia,poritidae,porites,not_given,FALSE,not_given,not_given,FALSE,TRUE,FALSE,not_given,not_given,not_given,not_given,FALSE,FALSE,not_given,FALSE,not_given,not_given,FALSE,FALSE,FALSE,FALSE,not_given,FALSE,FALSE,not_given,FALSE,FALSE,FALSE,FALSE,FALSE,FALSE,FALSE,FALSE,FALSE,hexacorallia,FALSE,FALSE,FALSE,TRUE
austrominius modestus,coralnet,,,animalia,arthropoda,sessilia,elminiidae,austrominius,austrominius_modestus,FALSE,FALSE,FALSE,FALSE,FALSE,FALSE,FALSE,FALSE,FALSE,FALSE,FALSE,FALSE,FALSE,FALSE,FALSE,FALSE,FALSE,FALSE,FALSE,FALSE,FALSE,FALSE,FALSE,FALSE,FALSE,FALSE,FALSE,FALSE,FALSE,FALSE,FALSE,FALSE,FALSE,thecostraca,FALSE,FALSE,FALSE,TRUE
porites branching healthy,coralnet,porites alive,coralscapes_v2,animalia,cnidaria,scleractinia,poritidae,porites,not_given,FALSE,not_given,not_given,FALSE,TRUE,FALSE,FALSE,not_given,FALSE,not_given,FALSE,FALSE,FALSE,FALSE,TRUE,not_given,FALSE,FALSE,FALSE,FALSE,not_given,FALSE,FALSE,not_given,FALSE,FALSE,FALSE,FALSE,FALSE,FALSE,FALSE,FALSE,FALSE,hexacorallia,FALSE,FALSE,FALSE,TRUE
algae matrix,coralnet,algae covered substrate,coralscapes_v2,none,none,none,none,none,none,FALSE,FALSE,FALSE,FALSE,FALSE,FALSE,FALSE,FALSE,FALSE,FALSE,FALSE,FALSE,FALSE,FALSE,FALSE,FALSE,FALSE,FALSE,FALSE,FALSE,FALSE,FALSE,FALSE,FALSE,FALSE,TRUE,FALSE,FALSE,FALSE,FALSE,FALSE,not_given,FALSE,none,FALSE,FALSE,FALSE,FALSE
macrocystis pyrifera,coralnet,macrocystis pyrifera,mermaid,not_given,ochrophyta,laminariales,laminariaceae,macrocystis,macrocystis_pyrifera,FALSE,FALSE,FALSE,FALSE,FALSE,FALSE,FALSE,FALSE,FALSE,FALSE,FALSE,FALSE,FALSE,FALSE,FALSE,FALSE,FALSE,FALSE,FALSE,FALSE,FALSE,FALSE,FALSE,FALSE,FALSE,TRUE,FALSE,not_given,FALSE,FALSE,FALSE,FALSE,FALSE,phaeophyceae,FALSE,FALSE,FALSE,FALSE
unidentified brown,coralnet,phaeophyceae,mermaid,not_given,ochrophyta,not_given,not_given,not_given,not_given,FALSE,FALSE,FALSE,FALSE,FALSE,FALSE,FALSE,FALSE,FALSE,FALSE,FALSE,FALSE,FALSE,FALSE,FALSE,FALSE,FALSE,FALSE,FALSE,FALSE,FALSE,FALSE,FALSE,FALSE,FALSE,TRUE,FALSE,not_given,FALSE,FALSE,FALSE,not_given,FALSE,phaeophyceae,FALSE,FALSE,FALSE,FALSE
cosmasterias lurida,coralnet,,,animalia,echinodermata,forcipulatida,stichasteridae,cosmasterias,cosmasterias_lurida,FALSE,FALSE,FALSE,FALSE,FALSE,FALSE,FALSE,FALSE,FALSE,FALSE,FALSE,FALSE,FALSE,FALSE,FALSE,FALSE,FALSE,FALSE,FALSE,FALSE,FALSE,FALSE,FALSE,FALSE,FALSE,FALSE,FALSE,FALSE,FALSE,FALSE,FALSE,FALSE,FALSE,asteroidea,FALSE,FALSE,FALSE,TRUE
galaxaura rugosa,coralnet,galaxaura rugosa,mermaid,not_given,rhodophyta,nemaliales,galaxauraceae,galaxaura,galaxaura_rugosa,FALSE,FALSE,FALSE,FALSE,FALSE,FALSE,FALSE,FALSE,FALSE,FALSE,FALSE,FALSE,FALSE,FALSE,FALSE,FALSE,FALSE,FALSE,FALSE,FALSE,FALSE,FALSE,FALSE,FALSE,FALSE,TRUE,FALSE,not_given,FALSE,FALSE,FALSE,FALSE,FALSE,florideophyceae,FALSE,FALSE,FALSE,FALSE
agarum clathratum (canopy),coralnet,,,chromista,ochrophyta,laminariales,agaraceae,agarum,agarum_clathratum,FALSE,FALSE,FALSE,FALSE,FALSE,FALSE,FALSE,FALSE,FALSE,FALSE,FALSE,FALSE,FALSE,FALSE,FALSE,FALSE,FALSE,FALSE,FALSE,FALSE,FALSE,FALSE,FALSE,FALSE,FALSE,TRUE,FALSE,FALSE,FALSE,FALSE,FALSE,FALSE,FALSE,phaeophyceae,FALSE,FALSE,FALSE,FALSE
ramicrusta spp.,coralnet,ramicrusta,mermaid,plantae,rhodophyta,peyssonneliales,peyssonneliaceae,ramicrusta,not_given,FALSE,FALSE,FALSE,FALSE,FALSE,FALSE,FALSE,FALSE,FALSE,FALSE,FALSE,FALSE,FALSE,FALSE,FALSE,FALSE,FALSE,FALSE,FALSE,FALSE,FALSE,FALSE,FALSE,FALSE,FALSE,TRUE,FALSE,FALSE,FALSE,FALSE,FALSE,FALSE,FALSE,florideophyceae,FALSE,FALSE,FALSE,FALSE
red fine filamentous algae,coralnet,rhodophyta,mermaid,not_given,rhodophyta,not_given,not_given,not_given,not_given,FALSE,FALSE,FALSE,FALSE,FALSE,FALSE,FALSE,FALSE,FALSE,FALSE,FALSE,FALSE,FALSE,FALSE,FALSE,FALSE,FALSE,FALSE,FALSE,FALSE,FALSE,FALSE,FALSE,FALSE,FALSE,TRUE,FALSE,not_given,FALSE,FALSE,FALSE,FALSE,FALSE,not_given,FALSE,FALSE,FALSE,FALSE
sedentary annelida polychaeta,coralnet,polychaeta,coralnet,animalia,annelida,not_given,not_given,not_given,not_given,FALSE,FALSE,FALSE,FALSE,FALSE,FALSE,FALSE,FALSE,FALSE,FALSE,FALSE,FALSE,FALSE,FALSE,FALSE,FALSE,FALSE,FALSE,FALSE,FALSE,FALSE,FALSE,FALSE,FALSE,FALSE,FALSE,FALSE,FALSE,FALSE,FALSE,FALSE,FALSE,FALSE,polychaeta,FALSE,FALSE,FALSE,TRUE
bull kelp blade,coralnet,,,chromista,ochrophyta,laminariales,laminariaceae,nereocystis,nereocystis_luetkeana,FALSE,FALSE,FALSE,FALSE,FALSE,FALSE,FALSE,FALSE,FALSE,FALSE,FALSE,FALSE,FALSE,FALSE,FALSE,FALSE,FALSE,FALSE,FALSE,FALSE,FALSE,FALSE,FALSE,FALSE,FALSE,TRUE,FALSE,FALSE,FALSE,FALSE,FALSE,FALSE,FALSE,phaeophyceae,FALSE,FALSE,FALSE,FALSE
fragments of dead coral,coralnet,hard coral dead,coralscapes_v2,animalia,cnidaria,scleractinia,not_given,not_given,not_given,not_given,not_given,not_given,not_given,not_given,not_given,not_given,not_given,not_given,not_given,FALSE,FALSE,not_given,FALSE,not_given,not_given,FALSE,not_given,not_given,not_given,not_given,not_given,FALSE,not_given,FALSE,FALSE,FALSE,FALSE,FALSE,FALSE,FALSE,FALSE,FALSE,hexacorallia,FALSE,FALSE,not_given,FALSE
turf algae-covered acropora,coralnet,acropora dead,coralscapes_v2,animalia,cnidaria,scleractinia,acroporidae,acropora,not_given,FALSE,not_given,FALSE,FALSE,FALSE,FALSE,FALSE,not_given,FALSE,FALSE,FALSE,FALSE,FALSE,FALSE,TRUE,not_given,FALSE,FALSE,FALSE,not_given,not_given,FALSE,FALSE,not_given,FALSE,TRUE,FALSE,FALSE,FALSE,FALSE,FALSE,not_given,FALSE,hexacorallia,FALSE,FALSE,not_given,FALSE
pocillopora (branching),coralnet,pocillopora alive,coralscapes_v2,animalia,cnidaria,scleractinia,pocilloporidae,pocillopora,not_given,FALSE,not_given,FALSE,FALSE,FALSE,FALSE,FALSE,not_given,FALSE,FALSE,FALSE,FALSE,FALSE,FALSE,TRUE,FALSE,FALSE,FALSE,FALSE,not_given,FALSE,FALSE,FALSE,FALSE,FALSE,FALSE,FALSE,FALSE,FALSE,FALSE,FALSE,FALSE,FALSE,hexacorallia,FALSE,FALSE,FALSE,TRUE
isopora sub-massive,coralnet,isopora,mermaid,animalia,cnidaria,scleractinia,acroporidae,isopora,not_given,not_given,not_given,not_given,not_given,not_given,not_given,not_given,not_given,not_given,not_given,FALSE,FALSE,TRUE,FALSE,not_given,not_given,FALSE,not_given,not_given,not_given,not_given,not_given,FALSE,not_given,FALSE,FALSE,FALSE,FALSE,FALSE,FALSE,FALSE,FALSE,FALSE,hexacorallia,FALSE,FALSE,FALSE,TRUE
parasmittina alba,coralnet,,,animalia,bryozoa,cheilostomatida,smittinidae,parasmittina,parasmittina_alba,FALSE,FALSE,FALSE,FALSE,FALSE,FALSE,FALSE,FALSE,FALSE,FALSE,FALSE,FALSE,FALSE,FALSE,FALSE,FALSE,FALSE,FALSE,FALSE,FALSE,FALSE,FALSE,FALSE,FALSE,FALSE,FALSE,FALSE,FALSE,FALSE,FALSE,FALSE,FALSE,FALSE,gymnolaemata,FALSE,FALSE,FALSE,TRUE
sandy bottom,coralnet,sand,coralscapes_v2,none,none,none,none,none,none,FALSE,FALSE,FALSE,FALSE,FALSE,FALSE,FALSE,FALSE,FALSE,FALSE,FALSE,FALSE,FALSE,FALSE,FALSE,FALSE,FALSE,FALSE,FALSE,FALSE,FALSE,FALSE,FALSE,FALSE,FALSE,FALSE,FALSE,FALSE,FALSE,FALSE,FALSE,FALSE,FALSE,none,FALSE,TRUE,FALSE,FALSE
unidentified algae,coralnet,algae covered substrate,coralscapes_v2,none,none,none,none,none,none,FALSE,FALSE,FALSE,FALSE,FALSE,FALSE,FALSE,FALSE,FALSE,FALSE,FALSE,FALSE,FALSE,FALSE,FALSE,FALSE,FALSE,FALSE,FALSE,FALSE,FALSE,FALSE,FALSE,FALSE,FALSE,TRUE,FALSE,FALSE,FALSE,FALSE,FALSE,not_given,FALSE,none,FALSE,FALSE,FALSE,FALSE
rhodymenia sp.,coralnet,,,plantae,rhodophyta,rhodymeniales,rhodymeniaceae,rhodymenia,not_given,FALSE,FALSE,FALSE,FALSE,FALSE,FALSE,FALSE,FALSE,FALSE,FALSE,FALSE,FALSE,FALSE,FALSE,FALSE,FALSE,FALSE,FALSE,FALSE,FALSE,FALSE,FALSE,FALSE,FALSE,FALSE,TRUE,FALSE,FALSE,FALSE,FALSE,FALSE,FALSE,FALSE,florideophyceae,FALSE,FALSE,FALSE,FALSE
botrylloides niger,coralnet,,,animalia,chordata,stolidobranchia,styelidae,botrylloides,botrylloides_niger,FALSE,FALSE,FALSE,FALSE,FALSE,FALSE,FALSE,FALSE,FALSE,FALSE,FALSE,FALSE,FALSE,FALSE,FALSE,FALSE,FALSE,FALSE,FALSE,FALSE,FALSE,FALSE,FALSE,FALSE,FALSE,FALSE,FALSE,FALSE,FALSE,FALSE,FALSE,FALSE,FALSE,ascidiacea,FALSE,FALSE,FALSE,TRUE
padina pavonica,coralnet,,,chromista,ochrophyta,dictyotales,dictyotaceae,padina,padina_pavonica,FALSE,FALSE,FALSE,FALSE,FALSE,FALSE,FALSE,FALSE,FALSE,FALSE,FALSE,FALSE,FALSE,FALSE,FALSE,FALSE,FALSE,FALSE,FALSE,FALSE,FALSE,FALSE,FALSE,FALSE,FALSE,TRUE,FALSE,FALSE,FALSE,FALSE,FALSE,not_given,FALSE,phaeophyceae,FALSE,FALSE,FALSE,FALSE
hormosiraceae banksii,coralnet,,,chromista,ochrophyta,fucales,hormosiraceae,hormosira,hormosira_banksii,FALSE,FALSE,FALSE,FALSE,FALSE,FALSE,FALSE,FALSE,FALSE,FALSE,FALSE,FALSE,FALSE,FALSE,FALSE,FALSE,FALSE,FALSE,FALSE,FALSE,FALSE,FALSE,FALSE,FALSE,FALSE,TRUE,FALSE,FALSE,FALSE,FALSE,FALSE,not_given,FALSE,phaeophyceae,FALSE,FALSE,FALSE,FALSE
green fine filamentous algae,coralnet,green algae,mermaid,plantae,not_given,not_given,not_given,not_given,not_given,FALSE,FALSE,FALSE,FALSE,FALSE,FALSE,FALSE,FALSE,FALSE,FALSE,FALSE,FALSE,FALSE,FALSE,FALSE,FALSE,FALSE,FALSE,FALSE,FALSE,FALSE,FALSE,FALSE,FALSE,FALSE,TRUE,FALSE,FALSE,FALSE,FALSE,FALSE,not_given,FALSE,not_given,FALSE,FALSE,FALSE,FALSE
branching coralline algae -non-articulated,coralnet,crustose coralline algae,mermaid,not_given,rhodophyta,corallinales,not_given,not_given,not_given,FALSE,FALSE,FALSE,FALSE,FALSE,FALSE,FALSE,FALSE,FALSE,FALSE,FALSE,FALSE,FALSE,FALSE,FALSE,FALSE,FALSE,FALSE,FALSE,FALSE,FALSE,FALSE,FALSE,FALSE,FALSE,TRUE,FALSE,not_given,FALSE,FALSE,FALSE,FALSE,FALSE,florideophyceae,FALSE,FALSE,not_given,FALSE
diplosoma listerianum,coralnet,,,animalia,chordata,aplousobranchia,didemnidae,diplosoma,diplosoma_listerianum,FALSE,FALSE,FALSE,FALSE,FALSE,FALSE,FALSE,FALSE,FALSE,FALSE,FALSE,FALSE,FALSE,FALSE,FALSE,FALSE,FALSE,FALSE,FALSE,FALSE,FALSE,FALSE,FALSE,FALSE,FALSE,FALSE,FALSE,FALSE,FALSE,FALSE,FALSE,FALSE,FALSE,ascidiacea,FALSE,FALSE,FALSE,TRUE
orange encrusting bryozoan (generic),coralnet,bryozoan,mermaid,animalia,bryozoa,not_given,not_given,not_given,not_given,FALSE,FALSE,FALSE,FALSE,FALSE,FALSE,FALSE,FALSE,FALSE,FALSE,FALSE,FALSE,FALSE,FALSE,FALSE,FALSE,FALSE,FALSE,FALSE,FALSE,FALSE,FALSE,FALSE,FALSE,FALSE,FALSE,FALSE,FALSE,FALSE,FALSE,FALSE,FALSE,FALSE,not_given,FALSE,FALSE,FALSE,TRUE
reteporella spp.,coralnet,,,animalia,bryozoa,cheilostomatida,phidoloporidae,reteporella,not_given,FALSE,FALSE,FALSE,FALSE,FALSE,FALSE,FALSE,FALSE,FALSE,FALSE,FALSE,FALSE,FALSE,FALSE,FALSE,FALSE,FALSE,FALSE,FALSE,FALSE,FALSE,FALSE,FALSE,FALSE,FALSE,FALSE,FALSE,FALSE,FALSE,FALSE,FALSE,FALSE,FALSE,gymnolaemata,FALSE,FALSE,FALSE,TRUE
patella sp.,coralnet,,,animalia,mollusca,patellida,patellidae,patella,not_given,FALSE,FALSE,FALSE,FALSE,FALSE,FALSE,FALSE,FALSE,FALSE,FALSE,FALSE,FALSE,FALSE,FALSE,FALSE,FALSE,FALSE,FALSE,FALSE,FALSE,FALSE,FALSE,FALSE,FALSE,FALSE,FALSE,FALSE,FALSE,FALSE,FALSE,FALSE,FALSE,FALSE,gastropoda,FALSE,FALSE,FALSE,TRUE
on quadrat,coralnet,transect tools,coralscapes_v2,none,none,none,none,none,none,FALSE,FALSE,FALSE,FALSE,FALSE,FALSE,FALSE,FALSE,FALSE,FALSE,FALSE,FALSE,FALSE,FALSE,FALSE,FALSE,FALSE,FALSE,FALSE,FALSE,FALSE,FALSE,FALSE,FALSE,FALSE,FALSE,FALSE,TRUE,FALSE,TRUE,FALSE,FALSE,FALSE,none,FALSE,FALSE,FALSE,FALSE
green algae - filamentous,coralnet,green algae,mermaid,plantae,not_given,not_given,not_given,not_given,not_given,FALSE,FALSE,FALSE,FALSE,FALSE,FALSE,FALSE,FALSE,FALSE,FALSE,FALSE,FALSE,FALSE,FALSE,FALSE,FALSE,FALSE,FALSE,FALSE,FALSE,FALSE,FALSE,FALSE,FALSE,FALSE,TRUE,FALSE,FALSE,FALSE,FALSE,FALSE,not_given,FALSE,not_given,FALSE,FALSE,FALSE,FALSE
staghorn alive,coralnet,acropora alive,coralscapes_v2,animalia,cnidaria,scleractinia,acroporidae,acropora,not_given,FALSE,not_given,FALSE,FALSE,FALSE,FALSE,FALSE,not_given,FALSE,FALSE,FALSE,FALSE,FALSE,FALSE,TRUE,not_given,FALSE,FALSE,FALSE,not_given,not_given,FALSE,FALSE,not_given,FALSE,FALSE,FALSE,FALSE,FALSE,FALSE,FALSE,FALSE,FALSE,hexacorallia,FALSE,FALSE,FALSE,TRUE
a. galapagensis (dead),coralnet,,,animalia,cnidaria,antipatharia,antipathidae,antipathes,antipathes_galapagensis,not_given,not_given,not_given,not_given,not_given,not_given,not_given,not_given,not_given,not_given,not_given,not_given,not_given,not_given,not_given,not_given,not_given,not_given,not_given,not_given,not_given,not_given,not_given,not_given,FALSE,FALSE,FALSE,FALSE,FALSE,FALSE,FALSE,FALSE,FALSE,hexacorallia,FALSE,FALSE,not_given,FALSE
loose substrate: sediment,coralnet,sand,coralscapes_v2,none,none,none,none,none,none,FALSE,FALSE,FALSE,FALSE,FALSE,FALSE,FALSE,FALSE,FALSE,FALSE,FALSE,FALSE,FALSE,FALSE,FALSE,FALSE,FALSE,FALSE,FALSE,FALSE,FALSE,FALSE,FALSE,FALSE,FALSE,FALSE,FALSE,FALSE,FALSE,FALSE,FALSE,FALSE,FALSE,none,FALSE,TRUE,FALSE,FALSE
botrylloides violaceus,coralnet,,,animalia,chordata,stolidobranchia,styelidae,botrylloides,botrylloides_violaceus,FALSE,FALSE,FALSE,FALSE,FALSE,FALSE,FALSE,FALSE,FALSE,FALSE,FALSE,FALSE,FALSE,FALSE,FALSE,FALSE,FALSE,FALSE,FALSE,FALSE,FALSE,FALSE,FALSE,FALSE,FALSE,FALSE,FALSE,FALSE,FALSE,FALSE,FALSE,FALSE,FALSE,ascidiacea,FALSE,FALSE,FALSE,TRUE
mytilater lineatus,coralnet,,,animalia,mollusca,mytilida,mytilidae,mytilaster,mytilaster_lineatus,FALSE,FALSE,FALSE,FALSE,FALSE,FALSE,FALSE,FALSE,FALSE,FALSE,FALSE,FALSE,FALSE,FALSE,FALSE,FALSE,FALSE,FALSE,FALSE,FALSE,FALSE,FALSE,FALSE,FALSE,FALSE,FALSE,FALSE,FALSE,FALSE,FALSE,FALSE,FALSE,FALSE,bivalvia,FALSE,FALSE,FALSE,TRUE
dead porites massive,coralnet,porites dead,coralscapes_v2,animalia,cnidaria,scleractinia,poritidae,porites,not_given,FALSE,not_given,not_given,FALSE,TRUE,FALSE,not_given,not_given,not_given,not_given,FALSE,FALSE,not_given,FALSE,not_given,not_given,FALSE,FALSE,FALSE,FALSE,not_given,FALSE,FALSE,not_given,FALSE,FALSE,FALSE,FALSE,FALSE,FALSE,FALSE,FALSE,FALSE,hexacorallia,FALSE,FALSE,not_given,FALSE
fucus distichus,coralnet,,,chromista,ochrophyta,fucales,fucaceae,fucus,fucus_distichus,FALSE,FALSE,FALSE,FALSE,FALSE,FALSE,FALSE,FALSE,FALSE,FALSE,FALSE,FALSE,FALSE,FALSE,FALSE,FALSE,FALSE,FALSE,FALSE,FALSE,FALSE,FALSE,FALSE,FALSE,FALSE,TRUE,FALSE,FALSE,FALSE,FALSE,FALSE,not_given,FALSE,phaeophyceae,FALSE,FALSE,FALSE,FALSE
wand_tws,coralnet,transect tools,coralscapes_v2,none,none,none,none,none,none,FALSE,FALSE,FALSE,FALSE,FALSE,FALSE,FALSE,FALSE,FALSE,FALSE,FALSE,FALSE,FALSE,FALSE,FALSE,FALSE,FALSE,FALSE,FALSE,FALSE,FALSE,FALSE,FALSE,FALSE,FALSE,FALSE,FALSE,TRUE,FALSE,TRUE,FALSE,FALSE,FALSE,none,FALSE,FALSE,FALSE,FALSE
boring bivalves,coralnet,bivalvia,mermaid,animalia,mollusca,not_given,not_given,not_given,not_given,FALSE,FALSE,FALSE,FALSE,FALSE,FALSE,FALSE,FALSE,FALSE,FALSE,FALSE,FALSE,FALSE,FALSE,FALSE,FALSE,FALSE,FALSE,FALSE,FALSE,FALSE,FALSE,FALSE,FALSE,FALSE,FALSE,FALSE,FALSE,FALSE,FALSE,FALSE,FALSE,FALSE,bivalvia,FALSE,FALSE,FALSE,TRUE
sargassum muticum,coralnet,,,not_given,ochrophyta,fucales,sargassaceae,sargassum,sargassum_muticum,FALSE,FALSE,FALSE,FALSE,FALSE,FALSE,FALSE,FALSE,FALSE,FALSE,FALSE,FALSE,FALSE,FALSE,FALSE,FALSE,FALSE,FALSE,FALSE,FALSE,FALSE,FALSE,FALSE,FALSE,FALSE,TRUE,FALSE,not_given,FALSE,FALSE,FALSE,not_given,FALSE,phaeophyceae,FALSE,FALSE,FALSE,FALSE
gelidium spp,coralnet,,,plantae,rhodophyta,gelidiales,gelidiaceae,gelidium,not_given,FALSE,FALSE,FALSE,FALSE,FALSE,FALSE,FALSE,FALSE,FALSE,FALSE,FALSE,FALSE,FALSE,FALSE,FALSE,FALSE,FALSE,FALSE,FALSE,FALSE,FALSE,FALSE,FALSE,FALSE,FALSE,TRUE,FALSE,FALSE,FALSE,FALSE,FALSE,FALSE,FALSE,florideophyceae,FALSE,FALSE,FALSE,FALSE
tetraclita stalactifera,coralnet,,,animalia,arthropoda,balanomorpha,tetraclitidae,tetraclita,tetraclita_stalactifera,FALSE,FALSE,FALSE,FALSE,FALSE,FALSE,FALSE,FALSE,FALSE,FALSE,FALSE,FALSE,FALSE,FALSE,FALSE,FALSE,FALSE,FALSE,FALSE,FALSE,FALSE,FALSE,FALSE,FALSE,FALSE,FALSE,FALSE,FALSE,FALSE,FALSE,FALSE,FALSE,FALSE,thecostraca,FALSE,FALSE,FALSE,TRUE
macroalgae: sheet-like / membraneous: red,coralnet,rhodophyta,mermaid,not_given,rhodophyta,not_given,not_given,not_given,not_given,FALSE,FALSE,FALSE,FALSE,FALSE,FALSE,FALSE,FALSE,FALSE,FALSE,FALSE,FALSE,FALSE,FALSE,FALSE,FALSE,FALSE,FALSE,FALSE,FALSE,FALSE,FALSE,FALSE,FALSE,FALSE,TRUE,FALSE,not_given,FALSE,FALSE,FALSE,FALSE,FALSE,not_given,FALSE,FALSE,FALSE,FALSE
cirripedia - barnacle,coralnet,barnacles,coralnet,animalia,arthropoda,not_given,not_given,not_given,not_given,FALSE,FALSE,FALSE,FALSE,FALSE,FALSE,FALSE,FALSE,FALSE,FALSE,FALSE,FALSE,FALSE,FALSE,FALSE,FALSE,FALSE,FALSE,FALSE,FALSE,FALSE,FALSE,FALSE,FALSE,FALSE,FALSE,FALSE,FALSE,FALSE,FALSE,FALSE,FALSE,FALSE,thecostraca,FALSE,FALSE,FALSE,TRUE
red encrusting algae,coralnet,rhodophyta,mermaid,not_given,rhodophyta,not_given,not_given,not_given,not_given,FALSE,FALSE,FALSE,FALSE,FALSE,FALSE,FALSE,FALSE,FALSE,FALSE,FALSE,FALSE,FALSE,FALSE,FALSE,FALSE,FALSE,FALSE,FALSE,FALSE,FALSE,FALSE,FALSE,FALSE,FALSE,TRUE,FALSE,not_given,FALSE,FALSE,FALSE,FALSE,FALSE,not_given,FALSE,FALSE,FALSE,FALSE
macroalge:filamentous:red:polysiphonia,coralnet,rhodophyta,mermaid,not_given,rhodophyta,not_given,not_given,not_given,not_given,FALSE,FALSE,FALSE,FALSE,FALSE,FALSE,FALSE,FALSE,FALSE,FALSE,FALSE,FALSE,FALSE,FALSE,FALSE,FALSE,FALSE,FALSE,FALSE,FALSE,FALSE,FALSE,FALSE,FALSE,FALSE,TRUE,FALSE,not_given,FALSE,FALSE,FALSE,FALSE,FALSE,not_given,FALSE,FALSE,FALSE,FALSE
bleaching,coralnet,other coral bleached,coralscapes_v2,animalia,cnidaria,not_given,not_given,not_given,not_given,not_given,not_given,not_given,not_given,not_given,not_given,not_given,not_given,not_given,not_given,not_given,not_given,not_given,not_given,not_given,not_given,not_given,not_given,not_given,not_given,not_given,not_given,not_given,not_given,TRUE,FALSE,FALSE,FALSE,FALSE,FALSE,FALSE,FALSE,FALSE,not_given,FALSE,FALSE,FALSE,TRUE
porites branching yellow morphology healthy,coralnet,porites alive,coralscapes_v2,animalia,cnidaria,scleractinia,poritidae,porites,not_given,FALSE,not_given,not_given,FALSE,TRUE,FALSE,FALSE,not_given,FALSE,not_given,FALSE,FALSE,FALSE,FALSE,TRUE,not_given,FALSE,FALSE,FALSE,FALSE,not_given,FALSE,FALSE,not_given,FALSE,FALSE,FALSE,FALSE,FALSE,FALSE,FALSE,FALSE,FALSE,hexacorallia,FALSE,FALSE,FALSE,TRUE
reef star,coralnet,human-made structure,coralscapes_v2,none,none,none,none,none,none,FALSE,FALSE,FALSE,FALSE,FALSE,FALSE,FALSE,FALSE,FALSE,FALSE,FALSE,FALSE,FALSE,FALSE,FALSE,FALSE,FALSE,FALSE,FALSE,FALSE,FALSE,FALSE,FALSE,FALSE,FALSE,FALSE,FALSE,TRUE,FALSE,FALSE,FALSE,FALSE,FALSE,none,FALSE,FALSE,FALSE,FALSE
macroalgae:erectcoarseb:brown:carpoglosum,coralnet,phaeophyceae,mermaid,not_given,ochrophyta,not_given,not_given,not_given,not_given,FALSE,FALSE,FALSE,FALSE,FALSE,FALSE,FALSE,FALSE,FALSE,FALSE,FALSE,FALSE,FALSE,FALSE,FALSE,FALSE,FALSE,FALSE,FALSE,FALSE,FALSE,FALSE,FALSE,FALSE,FALSE,TRUE,FALSE,not_given,FALSE,FALSE,FALSE,TRUE,FALSE,phaeophyceae,FALSE,FALSE,FALSE,FALSE
non hermatypic: millepora (fire coral),coralnet,millepora,coralscapes_v2,animalia,cnidaria,anthoathecata,milleporidae,millepora,not_given,not_given,not_given,not_given,not_given,not_given,not_given,not_given,not_given,not_given,not_given,not_given,not_given,not_given,not_given,not_given,not_given,not_given,not_given,not_given,not_given,not_given,not_given,not_given,not_given,FALSE,FALSE,FALSE,FALSE,FALSE,FALSE,FALSE,FALSE,FALSE,hydrozoa,FALSE,FALSE,FALSE,TRUE
acropora compound,coralnet,acropora alive,coralscapes_v2,animalia,cnidaria,scleractinia,acroporidae,acropora,not_given,FALSE,not_given,FALSE,FALSE,FALSE,FALSE,FALSE,not_given,FALSE,FALSE,FALSE,FALSE,FALSE,FALSE,TRUE,not_given,FALSE,FALSE,FALSE,not_given,not_given,FALSE,FALSE,not_given,FALSE,FALSE,FALSE,FALSE,FALSE,FALSE,FALSE,FALSE,FALSE,hexacorallia,FALSE,FALSE,FALSE,TRUE
seriatopora branching,coralnet,seriatopora alive,coralscapes_v2,animalia,cnidaria,scleractinia,pocilloporidae,seriatopora,not_given,FALSE,FALSE,FALSE,FALSE,FALSE,FALSE,FALSE,not_given,FALSE,FALSE,FALSE,FALSE,FALSE,FALSE,TRUE,FALSE,FALSE,FALSE,FALSE,not_given,not_given,FALSE,FALSE,FALSE,FALSE,FALSE,FALSE,FALSE,FALSE,FALSE,FALSE,FALSE,FALSE,hexacorallia,FALSE,FALSE,FALSE,TRUE
acropora cf. pulchra (bleached),coralnet,,,animalia,cnidaria,scleractinia,acroporidae,acropora,acropora_pulchra,FALSE,TRUE,FALSE,FALSE,FALSE,FALSE,FALSE,not_given,FALSE,FALSE,FALSE,FALSE,FALSE,FALSE,TRUE,FALSE,FALSE,FALSE,FALSE,TRUE,not_given,FALSE,FALSE,FALSE,TRUE,FALSE,FALSE,FALSE,FALSE,FALSE,FALSE,FALSE,FALSE,hexacorallia,FALSE,FALSE,FALSE,TRUE
"porites lobata, recently dead",coralnet,,,animalia,cnidaria,scleractinia,poritidae,porites,porites_lobata,FALSE,not_given,not_given,FALSE,TRUE,FALSE,FALSE,not_given,FALSE,not_given,FALSE,FALSE,FALSE,FALSE,TRUE,not_given,FALSE,FALSE,FALSE,FALSE,not_given,FALSE,FALSE,not_given,FALSE,FALSE,FALSE,FALSE,FALSE,FALSE,FALSE,FALSE,FALSE,hexacorallia,FALSE,FALSE,not_given,FALSE
poor photo/dark/unidentifiable,coralnet,dark,coralscapes_v2,none,none,none,none,none,none,FALSE,FALSE,FALSE,FALSE,FALSE,FALSE,FALSE,FALSE,FALSE,FALSE,FALSE,FALSE,FALSE,FALSE,FALSE,FALSE,FALSE,FALSE,FALSE,FALSE,FALSE,FALSE,FALSE,FALSE,FALSE,FALSE,FALSE,not_given,FALSE,FALSE,FALSE,FALSE,TRUE,none,FALSE,FALSE,FALSE,FALSE
thick filamentous cyanobacteria,coralnet,cyanobacteria,mermaid,bacillati,cyanobacteriota,not_given,not_given,not_given,not_given,FALSE,FALSE,FALSE,FALSE,FALSE,FALSE,FALSE,FALSE,FALSE,FALSE,FALSE,FALSE,FALSE,FALSE,FALSE,FALSE,FALSE,FALSE,FALSE,FALSE,FALSE,FALSE,FALSE,FALSE,FALSE,FALSE,FALSE,FALSE,FALSE,FALSE,FALSE,FALSE,FALSE,not_given,FALSE,FALSE,FALSE,FALSE
stylophora (branching),coralnet,stylophora alive,coralscapes_v2,animalia,cnidaria,scleractinia,pocilloporidae,stylophora,not_given,not_given,FALSE,not_given,not_given,FALSE,not_given,FALSE,not_given,FALSE,FALSE,FALSE,FALSE,FALSE,FALSE,TRUE,FALSE,FALSE,FALSE,not_given,not_given,not_given,not_given,FALSE,FALSE,FALSE,FALSE,FALSE,FALSE,FALSE,FALSE,FALSE,FALSE,FALSE,hexacorallia,FALSE,FALSE,FALSE,TRUE
calcareous turf,coralnet,turf algae,mermaid,none,none,none,none,none,none,FALSE,FALSE,FALSE,FALSE,FALSE,FALSE,FALSE,FALSE,FALSE,FALSE,FALSE,FALSE,FALSE,FALSE,FALSE,FALSE,FALSE,FALSE,FALSE,FALSE,FALSE,FALSE,FALSE,FALSE,FALSE,TRUE,FALSE,not_given,FALSE,FALSE,FALSE,FALSE,FALSE,none,FALSE,FALSE,not_given,FALSE
cca growing on hard substrate,coralnet,crustose coralline algae,mermaid,not_given,rhodophyta,corallinales,not_given,not_given,not_given,FALSE,FALSE,FALSE,FALSE,FALSE,FALSE,FALSE,FALSE,FALSE,FALSE,FALSE,FALSE,FALSE,FALSE,FALSE,FALSE,FALSE,FALSE,FALSE,FALSE,FALSE,FALSE,FALSE,FALSE,FALSE,TRUE,FALSE,not_given,FALSE,FALSE,FALSE,FALSE,FALSE,florideophyceae,FALSE,FALSE,not_given,FALSE
individual tunicates,coralnet,tunicate,mermaid,animalia,chordata,not_given,not_given,not_given,not_given,FALSE,FALSE,FALSE,FALSE,FALSE,FALSE,FALSE,FALSE,FALSE,FALSE,FALSE,FALSE,FALSE,FALSE,FALSE,FALSE,FALSE,FALSE,FALSE,FALSE,FALSE,FALSE,FALSE,FALSE,FALSE,FALSE,FALSE,FALSE,FALSE,FALSE,FALSE,FALSE,FALSE,not_given,FALSE,FALSE,FALSE,TRUE
cyanobacteria on rock or other substrates,coralnet,cyanobacteria,mermaid,bacillati,cyanobacteriota,not_given,not_given,not_given,not_given,FALSE,FALSE,FALSE,FALSE,FALSE,FALSE,FALSE,FALSE,FALSE,FALSE,FALSE,FALSE,FALSE,FALSE,FALSE,FALSE,FALSE,FALSE,FALSE,FALSE,FALSE,FALSE,FALSE,FALSE,FALSE,FALSE,FALSE,FALSE,FALSE,FALSE,FALSE,FALSE,FALSE,not_given,FALSE,FALSE,FALSE,FALSE
dead acropora (branching),coralnet,acropora dead,coralscapes_v2,animalia,cnidaria,scleractinia,acroporidae,acropora,not_given,FALSE,not_given,FALSE,FALSE,FALSE,FALSE,FALSE,not_given,FALSE,FALSE,FALSE,FALSE,FALSE,FALSE,TRUE,not_given,FALSE,FALSE,FALSE,not_given,not_given,FALSE,FALSE,not_given,FALSE,FALSE,FALSE,FALSE,FALSE,FALSE,FALSE,FALSE,FALSE,hexacorallia,FALSE,FALSE,not_given,FALSE
benthic cyanobacterial mat,coralnet,cyanobacteria,mermaid,bacillati,cyanobacteriota,not_given,not_given,not_given,not_given,FALSE,FALSE,FALSE,FALSE,FALSE,FALSE,FALSE,FALSE,FALSE,FALSE,FALSE,FALSE,FALSE,FALSE,FALSE,FALSE,FALSE,FALSE,FALSE,FALSE,FALSE,FALSE,FALSE,FALSE,FALSE,FALSE,FALSE,FALSE,FALSE,FALSE,FALSE,FALSE,FALSE,not_given,FALSE,FALSE,FALSE,FALSE
cover - abundance of live isopora palifera,coralnet,isopora palifera,mermaid,animalia,cnidaria,scleractinia,acroporidae,isopora,isopora_palifera,not_given,FALSE,not_given,not_given,FALSE,not_given,TRUE,FALSE,FALSE,TRUE,FALSE,FALSE,FALSE,FALSE,TRUE,TRUE,FALSE,FALSE,not_given,FALSE,FALSE,not_given,FALSE,FALSE,FALSE,FALSE,FALSE,FALSE,FALSE,FALSE,FALSE,FALSE,FALSE,hexacorallia,FALSE,FALSE,FALSE,TRUE
cred-astrea spp,coralnet,astrea,mermaid,animalia,cnidaria,scleractinia,merulinidae,astrea,not_given,FALSE,not_given,not_given,FALSE,not_given,not_given,not_given,not_given,not_given,not_given,FALSE,FALSE,not_given,FALSE,not_given,not_given,FALSE,not_given,FALSE,not_given,not_given,FALSE,FALSE,not_given,FALSE,FALSE,FALSE,FALSE,FALSE,FALSE,FALSE,FALSE,FALSE,hexacorallia,FALSE,FALSE,FALSE,TRUE
fucus spiralis,coralnet,,,chromista,ochrophyta,fucales,fucaceae,fucus,fucus_spiralis,FALSE,FALSE,FALSE,FALSE,FALSE,FALSE,FALSE,FALSE,FALSE,FALSE,FALSE,FALSE,FALSE,FALSE,FALSE,FALSE,FALSE,FALSE,FALSE,FALSE,FALSE,FALSE,FALSE,FALSE,FALSE,TRUE,FALSE,FALSE,FALSE,FALSE,FALSE,not_given,FALSE,phaeophyceae,FALSE,FALSE,FALSE,FALSE
pebble / gravel: biologenic: coral rubble,coralnet,rubble,coralscapes_v2,none,none,none,none,none,none,FALSE,FALSE,FALSE,FALSE,FALSE,FALSE,FALSE,FALSE,FALSE,FALSE,FALSE,FALSE,FALSE,FALSE,FALSE,FALSE,FALSE,FALSE,FALSE,FALSE,FALSE,FALSE,FALSE,FALSE,FALSE,FALSE,FALSE,FALSE,FALSE,FALSE,FALSE,FALSE,FALSE,none,FALSE,not_given,not_given,FALSE
reel,coralnet,transect tools,coralscapes_v2,none,none,none,none,none,none,FALSE,FALSE,FALSE,FALSE,FALSE,FALSE,FALSE,FALSE,FALSE,FALSE,FALSE,FALSE,FALSE,FALSE,FALSE,FALSE,FALSE,FALSE,FALSE,FALSE,FALSE,FALSE,FALSE,FALSE,FALSE,FALSE,FALSE,TRUE,FALSE,TRUE,FALSE,FALSE,FALSE,none,FALSE,FALSE,FALSE,FALSE
porites branching bleached,coralnet,porites bleached,coralscapes_v2,animalia,cnidaria,scleractinia,poritidae,porites,not_given,FALSE,not_given,not_given,FALSE,TRUE,FALSE,FALSE,not_given,FALSE,not_given,FALSE,FALSE,FALSE,FALSE,TRUE,not_given,FALSE,FALSE,FALSE,FALSE,not_given,FALSE,FALSE,not_given,TRUE,FALSE,FALSE,FALSE,FALSE,FALSE,FALSE,FALSE,FALSE,hexacorallia,FALSE,FALSE,FALSE,TRUE
porites thick bleached,coralnet,porites bleached,coralscapes_v2,animalia,cnidaria,scleractinia,poritidae,porites,not_given,FALSE,not_given,not_given,FALSE,TRUE,FALSE,not_given,not_given,not_given,not_given,FALSE,FALSE,not_given,FALSE,not_given,not_given,FALSE,FALSE,FALSE,FALSE,not_given,FALSE,FALSE,not_given,TRUE,FALSE,FALSE,FALSE,FALSE,FALSE,FALSE,FALSE,FALSE,hexacorallia,FALSE,FALSE,FALSE,TRUE
bleached encrusting,coralnet,hard coral bleached,coralscapes_v2,animalia,cnidaria,scleractinia,not_given,not_given,not_given,FALSE,FALSE,not_given,FALSE,not_given,not_given,TRUE,not_given,not_given,not_given,FALSE,FALSE,not_given,FALSE,FALSE,not_given,FALSE,not_given,not_given,FALSE,FALSE,not_given,FALSE,FALSE,TRUE,FALSE,FALSE,FALSE,FALSE,FALSE,FALSE,FALSE,FALSE,hexacorallia,FALSE,FALSE,FALSE,TRUE
other hard coral bleached (white),coralnet,hard coral bleached,coralscapes_v2,animalia,cnidaria,scleractinia,not_given,not_given,not_given,not_given,not_given,not_given,not_given,not_given,not_given,not_given,not_given,not_given,not_given,FALSE,FALSE,not_given,FALSE,not_given,not_given,FALSE,not_given,not_given,not_given,not_given,not_given,FALSE,not_given,TRUE,FALSE,FALSE,FALSE,FALSE,FALSE,FALSE,FALSE,FALSE,hexacorallia,FALSE,FALSE,FALSE,TRUE
bleached porites cylindrica,coralnet,,,animalia,cnidaria,scleractinia,poritidae,porites,porites_cylindrica,FALSE,FALSE,not_given,FALSE,FALSE,FALSE,TRUE,not_given,FALSE,not_given,FALSE,FALSE,FALSE,FALSE,TRUE,not_given,FALSE,FALSE,FALSE,FALSE,FALSE,FALSE,FALSE,FALSE,TRUE,FALSE,FALSE,FALSE,FALSE,FALSE,FALSE,FALSE,FALSE,hexacorallia,FALSE,FALSE,FALSE,TRUE
porites branching yellow morphology bleached,coralnet,porites bleached,coralscapes_v2,animalia,cnidaria,scleractinia,poritidae,porites,not_given,FALSE,not_given,not_given,FALSE,TRUE,FALSE,FALSE,not_given,FALSE,not_given,FALSE,FALSE,FALSE,FALSE,TRUE,not_given,FALSE,FALSE,FALSE,FALSE,not_given,FALSE,FALSE,not_given,TRUE,FALSE,FALSE,FALSE,FALSE,FALSE,FALSE,FALSE,FALSE,hexacorallia,FALSE,FALSE,FALSE,TRUE
bleached siderastrea,coralnet,,,animalia,cnidaria,scleractinia,siderastreidae,siderastrea,not_given,not_given,not_given,not_given,not_given,not_given,not_given,not_given,not_given,not_given,not_given,FALSE,FALSE,not_given,FALSE,not_given,not_given,FALSE,not_given,not_given,not_given,not_given,not_given,FALSE,not_given,TRUE,FALSE,FALSE,FALSE,FALSE,FALSE,FALSE,FALSE,FALSE,hexacorallia,FALSE,FALSE,FALSE,TRUE
bleached acropora corymbose,coralnet,acropora bleached,coralscapes_v2,animalia,cnidaria,scleractinia,acroporidae,acropora,not_given,FALSE,TRUE,FALSE,FALSE,FALSE,FALSE,FALSE,not_given,FALSE,FALSE,FALSE,FALSE,FALSE,FALSE,TRUE,FALSE,FALSE,FALSE,FALSE,FALSE,not_given,FALSE,FALSE,FALSE,TRUE,FALSE,FALSE,FALSE,FALSE,FALSE,FALSE,FALSE,FALSE,hexacorallia,FALSE,FALSE,FALSE,TRUE
acropora muricata bleached,coralnet,,,animalia,cnidaria,scleractinia,acroporidae,acropora,acropora_muricata,FALSE,FALSE,FALSE,FALSE,FALSE,FALSE,FALSE,not_given,FALSE,FALSE,FALSE,FALSE,FALSE,FALSE,TRUE,FALSE,FALSE,FALSE,FALSE,TRUE,FALSE,FALSE,FALSE,FALSE,TRUE,FALSE,FALSE,FALSE,FALSE,FALSE,FALSE,FALSE,FALSE,hexacorallia,FALSE,FALSE,FALSE,TRUE
hard coral bleached,coralnet,hard coral bleached,coralscapes_v2,animalia,cnidaria,scleractinia,not_given,not_given,not_given,not_given,not_given,not_given,not_given,not_given,not_given,not_given,not_given,not_given,not_given,FALSE,FALSE,not_given,FALSE,not_given,not_given,FALSE,not_given,not_given,not_given,not_given,not_given,FALSE,not_given,TRUE,FALSE,FALSE,FALSE,FALSE,FALSE,FALSE,FALSE,FALSE,hexacorallia,FALSE,FALSE,FALSE,TRUE
protopalythoa variabilis bleached,coralnet,,,animalia,cnidaria,zoantharia,sphenopidae,palythoa,palythoa_variabilis,not_given,not_given,not_given,not_given,not_given,not_given,not_given,not_given,not_given,not_given,not_given,not_given,not_given,not_given,not_given,not_given,not_given,not_given,not_given,not_given,not_given,not_given,not_given,not_given,TRUE,FALSE,FALSE,FALSE,FALSE,FALSE,FALSE,FALSE,FALSE,hexacorallia,FALSE,FALSE,FALSE,TRUE
soft coral_bleached,coralnet,soft coral (malacalcyonacea) bleached,coralscapes_v2,animalia,cnidaria,malacalcyonacea,not_given,not_given,not_given,not_given,not_given,not_given,not_given,not_given,not_given,not_given,not_given,not_given,not_given,not_given,not_given,not_given,not_given,not_given,not_given,not_given,not_given,not_given,not_given,not_given,not_given,not_given,not_given,TRUE,FALSE,FALSE,FALSE,FALSE,FALSE,FALSE,FALSE,FALSE,octocorallia,FALSE,FALSE,FALSE,TRUE
acropora (branching),ucsd_mosaics,acropora alive,coralscapes_v2,animalia,cnidaria,scleractinia,acroporidae,acropora,not_given,FALSE,not_given,FALSE,FALSE,FALSE,FALSE,FALSE,not_given,FALSE,FALSE,FALSE,FALSE,FALSE,FALSE,TRUE,not_given,FALSE,FALSE,FALSE,not_given,not_given,FALSE,FALSE,not_given,FALSE,FALSE,FALSE,FALSE,FALSE,FALSE,FALSE,FALSE,FALSE,hexacorallia,FALSE,FALSE,FALSE,TRUE
acropora (corymbose),ucsd_mosaics,acropora alive,coralscapes_v2,animalia,cnidaria,scleractinia,acroporidae,acropora,not_given,FALSE,TRUE,FALSE,FALSE,FALSE,FALSE,FALSE,not_given,FALSE,FALSE,FALSE,FALSE,FALSE,FALSE,TRUE,FALSE,FALSE,FALSE,FALSE,FALSE,not_given,FALSE,FALSE,FALSE,FALSE,FALSE,FALSE,FALSE,FALSE,FALSE,FALSE,FALSE,FALSE,hexacorallia,FALSE,FALSE,FALSE,TRUE
acropora (plating),ucsd_mosaics,table acropora alive,coralscapes_v2,animalia,cnidaria,scleractinia,acroporidae,acropora,not_given,FALSE,FALSE,FALSE,FALSE,FALSE,FALSE,FALSE,FALSE,FALSE,FALSE,FALSE,FALSE,FALSE,FALSE,TRUE,TRUE,FALSE,FALSE,FALSE,not_given,FALSE,FALSE,FALSE,TRUE,FALSE,FALSE,FALSE,FALSE,FALSE,FALSE,FALSE,FALSE,FALSE,hexacorallia,FALSE,FALSE,FALSE,TRUE
astreopora myriophthalma,ucsd_mosaics,astreopora myriophthalma,mermaid,animalia,cnidaria,scleractinia,acroporidae,astreopora,astreopora_myriophthalma,FALSE,FALSE,not_given,FALSE,TRUE,not_given,TRUE,FALSE,not_given,not_given,FALSE,FALSE,TRUE,FALSE,FALSE,TRUE,FALSE,not_given,not_given,FALSE,FALSE,not_given,FALSE,FALSE,FALSE,FALSE,FALSE,FALSE,FALSE,FALSE,FALSE,FALSE,FALSE,hexacorallia,FALSE,FALSE,FALSE,TRUE
clavularia,ucsd_mosaics,clavularia,mermaid,animalia,cnidaria,malacalcyonacea,clavulariidae,clavularia,not_given,not_given,not_given,not_given,not_given,not_given,not_given,not_given,not_given,not_given,not_given,not_given,not_given,not_given,not_given,not_given,not_given,not_given,not_given,not_given,not_given,not_given,not_given,not_given,not_given,FALSE,FALSE,FALSE,FALSE,FALSE,FALSE,FALSE,FALSE,FALSE,octocorallia,FALSE,FALSE,FALSE,TRUE
corallimorph,ucsd_mosaics,corallimorpharia,mermaid,animalia,cnidaria,corallimorpharia,not_given,not_given,not_given,not_given,not_given,not_given,not_given,not_given,not_given,not_given,not_given,not_given,not_given,not_given,not_given,not_given,not_given,not_given,not_given,not_given,not_given,not_given,not_given,not_given,not_given,not_given,not_given,FALSE,FALSE,FALSE,FALSE,FALSE,FALSE,FALSE,FALSE,FALSE,hexacorallia,FALSE,FALSE,FALSE,TRUE
dictyosphaeria,ucsd_mosaics,dictyosphaeria,mermaid,plantae,chlorophyta,cladophorales,siphonocladaceae,dictyosphaeria,not_given,FALSE,FALSE,FALSE,FALSE,FALSE,FALSE,FALSE,FALSE,FALSE,FALSE,FALSE,FALSE,FALSE,FALSE,FALSE,FALSE,FALSE,FALSE,FALSE,FALSE,FALSE,FALSE,FALSE,FALSE,FALSE,TRUE,FALSE,FALSE,FALSE,FALSE,FALSE,FALSE,FALSE,ulvophyceae,FALSE,FALSE,FALSE,FALSE
favia matthai,ucsd_mosaics,dipsastraea matthaii,mermaid,animalia,cnidaria,scleractinia,merulinidae,dipsastraea,dipsastraea_matthaii,not_given,not_given,not_given,not_given,TRUE,not_given,not_given,not_given,not_given,not_given,FALSE,FALSE,not_given,FALSE,not_given,FALSE,FALSE,not_given,not_given,not_given,not_given,not_given,FALSE,not_given,FALSE,FALSE,FALSE,FALSE,FALSE,FALSE,FALSE,FALSE,FALSE,hexacorallia,FALSE,FALSE,FALSE,TRUE
favia stelligera,ucsd_mosaics,goniastrea stelligera,mermaid,animalia,cnidaria,scleractinia,merulinidae,goniastrea,goniastrea_stelligera,not_given,not_given,not_given,not_given,not_given,not_given,not_given,not_given,not_given,not_given,FALSE,FALSE,TRUE,FALSE,not_given,FALSE,FALSE,not_given,not_given,not_given,not_given,not_given,FALSE,FALSE,FALSE,FALSE,FALSE,FALSE,FALSE,FALSE,FALSE,FALSE,FALSE,hexacorallia,FALSE,FALSE,FALSE,TRUE
favites (encrusting),ucsd_mosaics,favites,mermaid,animalia,cnidaria,scleractinia,merulinidae,favites,not_given,FALSE,FALSE,not_given,FALSE,FALSE,not_given,TRUE,not_given,not_given,not_given,FALSE,FALSE,FALSE,FALSE,FALSE,not_given,FALSE,not_given,not_given,FALSE,FALSE,not_given,FALSE,FALSE,FALSE,FALSE,FALSE,FALSE,FALSE,FALSE,FALSE,FALSE,FALSE,hexacorallia,FALSE,FALSE,FALSE,TRUE
favites (submassive),ucsd_mosaics,favites,mermaid,animalia,cnidaria,scleractinia,merulinidae,favites,not_given,not_given,not_given,not_given,not_given,not_given,not_given,FALSE,not_given,not_given,not_given,FALSE,FALSE,TRUE,FALSE,not_given,not_given,FALSE,not_given,not_given,not_given,not_given,not_given,FALSE,not_given,FALSE,FALSE,FALSE,FALSE,FALSE,FALSE,FALSE,FALSE,FALSE,hexacorallia,FALSE,FALSE,FALSE,TRUE
fungia,ucsd_mosaics,fungia,mermaid,animalia,cnidaria,scleractinia,fungiidae,fungia,not_given,TRUE,FALSE,FALSE,TRUE,FALSE,not_given,not_given,not_given,not_given,not_given,TRUE,FALSE,not_given,FALSE,FALSE,not_given,FALSE,FALSE,FALSE,FALSE,FALSE,TRUE,FALSE,FALSE,FALSE,FALSE,FALSE,FALSE,FALSE,FALSE,FALSE,FALSE,FALSE,hexacorallia,FALSE,FALSE,FALSE,TRUE
halimeda,ucsd_mosaics,halimeda,mermaid,plantae,chlorophyta,bryopsidales,halimedaceae,halimeda,not_given,FALSE,FALSE,FALSE,FALSE,FALSE,FALSE,FALSE,FALSE,FALSE,FALSE,FALSE,FALSE,FALSE,FALSE,FALSE,FALSE,FALSE,FALSE,FALSE,FALSE,FALSE,FALSE,FALSE,FALSE,FALSE,TRUE,FALSE,FALSE,FALSE,FALSE,FALSE,TRUE,FALSE,ulvophyceae,FALSE,FALSE,FALSE,FALSE
halomitra pileus,ucsd_mosaics,halomitra,mermaid,animalia,cnidaria,scleractinia,fungiidae,halomitra,not_given,TRUE,FALSE,not_given,FALSE,not_given,not_given,not_given,FALSE,not_given,not_given,FALSE,FALSE,not_given,FALSE,FALSE,TRUE,FALSE,not_given,not_given,FALSE,FALSE,TRUE,FALSE,FALSE,FALSE,FALSE,FALSE,FALSE,FALSE,FALSE,FALSE,FALSE,FALSE,hexacorallia,FALSE,FALSE,FALSE,TRUE
hydnophora exesa,ucsd_mosaics,,,animalia,cnidaria,scleractinia,merulinidae,hydnophora,hydnophora_exesa,FALSE,FALSE,not_given,FALSE,not_given,not_given,not_given,FALSE,not_given,not_given,FALSE,FALSE,not_given,FALSE,not_given,TRUE,FALSE,not_given,FALSE,not_given,not_given,FALSE,FALSE,not_given,FALSE,FALSE,FALSE,FALSE,FALSE,FALSE,FALSE,FALSE,FALSE,hexacorallia,FALSE,FALSE,FALSE,TRUE
hydnophora microconos,ucsd_mosaics,hydnophora microconos,coralnet,animalia,cnidaria,scleractinia,merulinidae,hydnophora,hydnophora_microconos,FALSE,FALSE,not_given,FALSE,TRUE,not_given,not_given,FALSE,not_given,not_given,FALSE,FALSE,not_given,FALSE,not_given,TRUE,FALSE,not_given,FALSE,not_given,not_given,FALSE,FALSE,not_given,FALSE,FALSE,FALSE,FALSE,FALSE,FALSE,FALSE,FALSE,FALSE,hexacorallia,FALSE,FALSE,FALSE,TRUE
leptastrea,ucsd_mosaics,leptastrea,mermaid,animalia,cnidaria,scleractinia,leptastreidae,leptastrea,not_given,FALSE,FALSE,not_given,FALSE,not_given,not_given,TRUE,not_given,not_given,not_given,FALSE,FALSE,not_given,FALSE,FALSE,not_given,FALSE,not_given,not_given,FALSE,FALSE,not_given,FALSE,FALSE,FALSE,FALSE,FALSE,FALSE,FALSE,FALSE,FALSE,FALSE,FALSE,hexacorallia,FALSE,FALSE,FALSE,TRUE
lobophyllia,ucsd_mosaics,lobophyllia,mermaid,animalia,cnidaria,scleractinia,lobophylliidae,lobophyllia,not_given,FALSE,FALSE,not_given,FALSE,TRUE,not_given,not_given,FALSE,FALSE,not_given,FALSE,FALSE,not_given,FALSE,FALSE,FALSE,FALSE,TRUE,TRUE,FALSE,FALSE,FALSE,not_given,FALSE,FALSE,FALSE,FALSE,FALSE,FALSE,FALSE,FALSE,FALSE,FALSE,hexacorallia,FALSE,FALSE,FALSE,TRUE
montastrea curta,ucsd_mosaics,astrea curta,mermaid,animalia,cnidaria,scleractinia,merulinidae,astrea,astrea_curta,FALSE,not_given,not_given,FALSE,TRUE,not_given,not_given,not_given,not_given,TRUE,FALSE,FALSE,TRUE,FALSE,not_given,not_given,FALSE,not_given,FALSE,not_given,not_given,FALSE,FALSE,not_given,FALSE,FALSE,FALSE,FALSE,FALSE,FALSE,FALSE,FALSE,FALSE,hexacorallia,FALSE,FALSE,FALSE,TRUE
montipora (encrusting),ucsd_mosaics,montipora,mermaid,animalia,cnidaria,scleractinia,acroporidae,montipora,not_given,FALSE,FALSE,not_given,FALSE,not_given,FALSE,TRUE,not_given,not_given,not_given,FALSE,FALSE,not_given,FALSE,FALSE,not_given,FALSE,not_given,FALSE,FALSE,FALSE,FALSE,FALSE,FALSE,FALSE,FALSE,FALSE,FALSE,FALSE,FALSE,FALSE,FALSE,FALSE,hexacorallia,FALSE,FALSE,FALSE,TRUE
montipora (plating),ucsd_mosaics,montipora,mermaid,animalia,cnidaria,scleractinia,acroporidae,montipora,not_given,FALSE,FALSE,not_given,FALSE,not_given,FALSE,not_given,FALSE,not_given,not_given,FALSE,FALSE,not_given,FALSE,not_given,TRUE,FALSE,not_given,FALSE,FALSE,not_given,FALSE,FALSE,not_given,FALSE,FALSE,FALSE,FALSE,FALSE,FALSE,FALSE,FALSE,FALSE,hexacorallia,FALSE,FALSE,FALSE,TRUE
pasmmocora,ucsd_mosaics,psammocora,mermaid,animalia,cnidaria,scleractinia,psammocoridae,psammocora,not_given,FALSE,FALSE,not_given,FALSE,not_given,not_given,TRUE,not_given,not_given,not_given,FALSE,FALSE,not_given,FALSE,FALSE,not_given,FALSE,not_given,not_given,FALSE,FALSE,not_given,FALSE,FALSE,FALSE,FALSE,FALSE,FALSE,FALSE,FALSE,FALSE,FALSE,FALSE,hexacorallia,FALSE,FALSE,FALSE,TRUE
pavona (submassive),ucsd_mosaics,pavona alive,coralscapes_v2,animalia,cnidaria,scleractinia,agariciidae,pavona,not_given,FALSE,FALSE,not_given,FALSE,not_given,FALSE,not_given,FALSE,not_given,not_given,FALSE,FALSE,TRUE,FALSE,not_given,TRUE,FALSE,not_given,FALSE,FALSE,not_given,FALSE,FALSE,not_given,FALSE,FALSE,FALSE,FALSE,FALSE,FALSE,FALSE,FALSE,FALSE,hexacorallia,FALSE,FALSE,FALSE,TRUE
pavona varians,ucsd_mosaics,pavona varians,mermaid,animalia,cnidaria,scleractinia,agariciidae,pavona,pavona_varians,FALSE,FALSE,not_given,FALSE,not_given,FALSE,TRUE,FALSE,not_given,not_given,FALSE,FALSE,TRUE,FALSE,FALSE,TRUE,FALSE,not_given,FALSE,FALSE,FALSE,FALSE,FALSE,FALSE,FALSE,FALSE,FALSE,FALSE,FALSE,FALSE,FALSE,FALSE,FALSE,hexacorallia,FALSE,FALSE,FALSE,TRUE
platygyra,ucsd_mosaics,platygyra,mermaid,animalia,cnidaria,scleractinia,merulinidae,platygyra,not_given,FALSE,FALSE,TRUE,FALSE,TRUE,not_given,not_given,FALSE,FALSE,not_given,FALSE,FALSE,not_given,FALSE,FALSE,not_given,FALSE,TRUE,FALSE,FALSE,FALSE,FALSE,not_given,FALSE,FALSE,FALSE,FALSE,FALSE,FALSE,FALSE,FALSE,FALSE,FALSE,hexacorallia,FALSE,FALSE,FALSE,TRUE
pocillopora,ucsd_mosaics,pocillopora alive,coralscapes_v2,animalia,cnidaria,scleractinia,pocilloporidae,pocillopora,not_given,FALSE,TRUE,FALSE,FALSE,FALSE,FALSE,FALSE,not_given,FALSE,FALSE,FALSE,FALSE,FALSE,FALSE,TRUE,FALSE,FALSE,FALSE,FALSE,FALSE,FALSE,FALSE,FALSE,FALSE,FALSE,FALSE,FALSE,FALSE,FALSE,FALSE,FALSE,FALSE,FALSE,hexacorallia,FALSE,FALSE,FALSE,TRUE
pocillopora eydouxi,ucsd_mosaics,pocillopora grandis,mermaid,animalia,cnidaria,scleractinia,pocilloporidae,pocillopora,pocillopora_grandis,FALSE,TRUE,FALSE,FALSE,FALSE,FALSE,FALSE,not_given,FALSE,TRUE,FALSE,FALSE,FALSE,FALSE,TRUE,FALSE,FALSE,FALSE,FALSE,FALSE,not_given,FALSE,FALSE,FALSE,FALSE,FALSE,FALSE,FALSE,FALSE,FALSE,FALSE,FALSE,FALSE,hexacorallia,FALSE,FALSE,FALSE,TRUE
porites (massive),ucsd_mosaics,porites,mermaid,animalia,cnidaria,scleractinia,poritidae,porites,not_given,FALSE,not_given,not_given,FALSE,TRUE,FALSE,not_given,not_given,not_given,not_given,FALSE,FALSE,not_given,FALSE,not_given,not_given,FALSE,not_given,FALSE,FALSE,not_given,FALSE,FALSE,not_given,FALSE,FALSE,FALSE,FALSE,FALSE,FALSE,FALSE,FALSE,FALSE,hexacorallia,FALSE,FALSE,FALSE,TRUE
porites rus,ucsd_mosaics,porites rus,mermaid,animalia,cnidaria,scleractinia,poritidae,porites,porites_rus,FALSE,FALSE,not_given,FALSE,TRUE,FALSE,TRUE,FALSE,FALSE,not_given,FALSE,FALSE,TRUE,FALSE,TRUE,TRUE,FALSE,FALSE,FALSE,FALSE,FALSE,FALSE,FALSE,FALSE,FALSE,FALSE,FALSE,FALSE,FALSE,FALSE,FALSE,FALSE,FALSE,hexacorallia,FALSE,FALSE,FALSE,TRUE
porites superfusa,ucsd_mosaics,porites superfusa,mermaid,animalia,cnidaria,scleractinia,poritidae,porites,porites_superfusa,FALSE,FALSE,not_given,FALSE,TRUE,FALSE,TRUE,not_given,not_given,TRUE,FALSE,FALSE,not_given,FALSE,FALSE,not_given,FALSE,not_given,FALSE,FALSE,FALSE,FALSE,FALSE,FALSE,FALSE,FALSE,FALSE,FALSE,FALSE,FALSE,FALSE,FALSE,FALSE,hexacorallia,FALSE,FALSE,FALSE,TRUE
soft coral,ucsd_mosaics,soft coral (malacalcyonacea) alive,coralscapes_v2,animalia,cnidaria,malacalcyonacea,not_given,not_given,not_given,not_given,not_given,not_given,not_given,not_given,not_given,not_given,not_given,not_given,not_given,not_given,not_given,not_given,not_given,not_given,not_given,not_given,not_given,not_given,not_given,not_given,not_given,not_given,not_given,FALSE,FALSE,FALSE,FALSE,FALSE,FALSE,FALSE,FALSE,FALSE,octocorallia,FALSE,FALSE,FALSE,TRUE
stylophora pistillata,ucsd_mosaics,stylophora pistillata,mermaid,animalia,cnidaria,scleractinia,pocilloporidae,stylophora,stylophora_pistillata,not_given,TRUE,FALSE,not_given,FALSE,not_given,FALSE,not_given,FALSE,FALSE,FALSE,FALSE,TRUE,FALSE,TRUE,FALSE,FALSE,FALSE,not_given,FALSE,not_given,not_given,FALSE,FALSE,FALSE,FALSE,FALSE,FALSE,FALSE,FALSE,FALSE,FALSE,FALSE,hexacorallia,FALSE,FALSE,FALSE,TRUE
turbinaria reniformis,ucsd_mosaics,turbinaria reniformis,mermaid,animalia,cnidaria,scleractinia,dendrophylliidae,turbinaria,turbinaria_reniformis,FALSE,FALSE,FALSE,FALSE,FALSE,FALSE,not_given,FALSE,TRUE,FALSE,FALSE,FALSE,not_given,FALSE,FALSE,TRUE,FALSE,FALSE,FALSE,FALSE,FALSE,FALSE,FALSE,not_given,FALSE,FALSE,FALSE,FALSE,FALSE,FALSE,FALSE,FALSE,FALSE,hexacorallia,FALSE,FALSE,FALSE,TRUE
zooanthid,ucsd_mosaics,zoanthid,mermaid,animalia,cnidaria,zoantharia,not_given,not_given,not_given,not_given,not_given,not_given,not_given,not_given,not_given,not_given,not_given,not_given,not_given,not_given,not_given,not_given,not_given,not_given,not_given,not_given,not_given,not_given,not_given,not_given,not_given,not_given,not_given,FALSE,FALSE,FALSE,FALSE,FALSE,FALSE,FALSE,FALSE,FALSE,hexacorallia,FALSE,FALSE,FALSE,TRUE
algae,benthos_yuval,algae covered substrate,coralscapes_v2,none,none,none,none,none,none,FALSE,FALSE,FALSE,FALSE,FALSE,FALSE,FALSE,FALSE,FALSE,FALSE,FALSE,FALSE,FALSE,FALSE,FALSE,FALSE,FALSE,FALSE,FALSE,FALSE,FALSE,FALSE,FALSE,FALSE,FALSE,TRUE,FALSE,FALSE,FALSE,FALSE,FALSE,not_given,FALSE,none,FALSE,FALSE,FALSE,FALSE
calcareous algae,benthos_yuval,calcifying algae,coralnet,none,none,none,none,none,none,FALSE,FALSE,FALSE,FALSE,FALSE,FALSE,FALSE,FALSE,FALSE,FALSE,FALSE,FALSE,FALSE,FALSE,FALSE,FALSE,FALSE,FALSE,FALSE,FALSE,FALSE,FALSE,FALSE,FALSE,FALSE,TRUE,FALSE,not_given,FALSE,FALSE,FALSE,not_given,FALSE,none,FALSE,FALSE,FALSE,FALSE
coral,benthos_yuval,hard coral alive,coralscapes_v2,animalia,cnidaria,scleractinia,not_given,not_given,not_given,not_given,not_given,not_given,not_given,not_given,not_given,not_given,not_given,not_given,not_given,FALSE,FALSE,not_given,FALSE,not_given,not_given,FALSE,not_given,not_given,not_given,not_given,not_given,FALSE,not_given,FALSE,FALSE,FALSE,FALSE,FALSE,FALSE,FALSE,FALSE,FALSE,hexacorallia,FALSE,FALSE,FALSE,TRUE
other,benthos_yuval,other,mermaid,not_given,not_given,not_given,not_given,not_given,not_given,not_given,not_given,not_given,not_given,not_given,not_given,not_given,not_given,not_given,not_given,not_given,not_given,not_given,not_given,not_given,not_given,not_given,not_given,not_given,not_given,not_given,not_given,not_given,not_given,not_given,not_given,not_given,not_given,not_given,not_given,FALSE,not_given,not_given,not_given,not_given,not_given,not_given,FALSE
rock,benthos_yuval,hard substrate,coralscapes_v2,none,none,none,none,none,none,FALSE,FALSE,FALSE,FALSE,FALSE,FALSE,FALSE,FALSE,FALSE,FALSE,FALSE,FALSE,FALSE,FALSE,FALSE,FALSE,FALSE,FALSE,FALSE,FALSE,FALSE,FALSE,FALSE,FALSE,FALSE,FALSE,FALSE,FALSE,FALSE,FALSE,FALSE,FALSE,FALSE,none,FALSE,FALSE,TRUE,FALSE
sand,benthos_yuval,sand,coralscapes_v2,none,none,none,none,none,none,FALSE,FALSE,FALSE,FALSE,FALSE,FALSE,FALSE,FALSE,FALSE,FALSE,FALSE,FALSE,FALSE,FALSE,FALSE,FALSE,FALSE,FALSE,FALSE,FALSE,FALSE,FALSE,FALSE,FALSE,FALSE,FALSE,FALSE,FALSE,FALSE,FALSE,FALSE,FALSE,FALSE,none,FALSE,TRUE,FALSE,FALSE
soft coral,benthos_yuval,soft coral (malacalcyonacea) alive,coralscapes_v2,animalia,cnidaria,malacalcyonacea,not_given,not_given,not_given,not_given,not_given,not_given,not_given,not_given,not_given,not_given,not_given,not_given,not_given,not_given,not_given,not_given,not_given,not_given,not_given,not_given,not_given,not_given,not_given,not_given,not_given,not_given,not_given,FALSE,FALSE,FALSE,FALSE,FALSE,FALSE,FALSE,FALSE,FALSE,octocorallia,FALSE,FALSE,FALSE,TRUE
sponge,benthos_yuval,sponge,coralscapes_v2,animalia,porifera,not_given,not_given,not_given,not_given,FALSE,FALSE,FALSE,FALSE,FALSE,FALSE,FALSE,FALSE,FALSE,FALSE,FALSE,FALSE,FALSE,FALSE,FALSE,FALSE,FALSE,FALSE,FALSE,FALSE,FALSE,FALSE,FALSE,FALSE,FALSE,FALSE,FALSE,FALSE,FALSE,FALSE,FALSE,FALSE,FALSE,not_given,FALSE,FALSE,FALSE,TRUE
acan,moorea_labeled_corals,acanthastrea,mermaid,animalia,cnidaria,scleractinia,lobophylliidae,acanthastrea,not_given,FALSE,FALSE,not_given,FALSE,not_given,not_given,not_given,not_given,not_given,not_given,FALSE,FALSE,not_given,FALSE,FALSE,FALSE,FALSE,not_given,not_given,FALSE,FALSE,not_given,not_given,not_given,FALSE,FALSE,FALSE,FALSE,FALSE,FALSE,FALSE,FALSE,FALSE,hexacorallia,FALSE,FALSE,FALSE,TRUE
acrop,moorea_labeled_corals,acropora alive,coralscapes_v2,animalia,cnidaria,scleractinia,acroporidae,acropora,not_given,FALSE,not_given,FALSE,FALSE,FALSE,FALSE,FALSE,not_given,FALSE,FALSE,FALSE,FALSE,FALSE,FALSE,TRUE,not_given,FALSE,FALSE,FALSE,not_given,not_given,FALSE,FALSE,not_given,FALSE,FALSE,FALSE,FALSE,FALSE,FALSE,FALSE,FALSE,FALSE,hexacorallia,FALSE,FALSE,FALSE,TRUE
astreo,moorea_labeled_corals,astreopora,mermaid,animalia,cnidaria,scleractinia,acroporidae,astreopora,not_given,not_given,not_given,not_given,not_given,not_given,not_given,not_given,not_given,not_given,not_given,FALSE,FALSE,not_given,FALSE,not_given,not_given,FALSE,not_given,not_given,not_given,not_given,not_given,FALSE,not_given,FALSE,FALSE,FALSE,FALSE,FALSE,FALSE,FALSE,FALSE,FALSE,hexacorallia,FALSE,FALSE,FALSE,TRUE
cca,moorea_labeled_corals,crustose coralline algae,mermaid,not_given,rhodophyta,corallinales,not_given,not_given,not_given,FALSE,FALSE,FALSE,FALSE,FALSE,FALSE,FALSE,FALSE,FALSE,FALSE,FALSE,FALSE,FALSE,FALSE,FALSE,FALSE,FALSE,FALSE,FALSE,FALSE,FALSE,FALSE,FALSE,FALSE,FALSE,TRUE,FALSE,not_given,FALSE,FALSE,FALSE,FALSE,FALSE,florideophyceae,FALSE,FALSE,not_given,FALSE
cypha,moorea_labeled_corals,cyphastrea,mermaid,animalia,cnidaria,scleractinia,merulinidae,cyphastrea,not_given,not_given,not_given,not_given,not_given,not_given,not_given,not_given,not_given,not_given,not_given,FALSE,FALSE,not_given,FALSE,not_given,not_given,FALSE,not_given,not_given,not_given,not_given,not_given,FALSE,not_given,FALSE,FALSE,FALSE,FALSE,FALSE,FALSE,FALSE,FALSE,FALSE,hexacorallia,FALSE,FALSE,FALSE,TRUE
favia,moorea_labeled_corals,favia,mermaid,animalia,cnidaria,scleractinia,faviidae,favia,not_given,not_given,not_given,not_given,not_given,not_given,not_given,not_given,not_given,not_given,not_given,FALSE,FALSE,not_given,FALSE,not_given,not_given,FALSE,not_given,not_given,not_given,not_given,not_given,FALSE,not_given,FALSE,FALSE,FALSE,FALSE,FALSE,FALSE,FALSE,FALSE,FALSE,hexacorallia,FALSE,FALSE,FALSE,TRUE
fung,moorea_labeled_corals,fungiidae alive,coralscapes_v2,animalia,cnidaria,scleractinia,fungiidae,not_given,not_given,FALSE,FALSE,not_given,FALSE,not_given,not_given,not_given,not_given,not_given,not_given,FALSE,FALSE,not_given,FALSE,FALSE,not_given,FALSE,not_given,not_given,FALSE,FALSE,not_given,FALSE,FALSE,FALSE,FALSE,FALSE,FALSE,FALSE,FALSE,FALSE,FALSE,FALSE,hexacorallia,FALSE,FALSE,FALSE,TRUE
gardin,moorea_labeled_corals,gardineroseris,mermaid,animalia,cnidaria,scleractinia,agariciidae,gardineroseris,not_given,FALSE,FALSE,not_given,FALSE,TRUE,not_given,TRUE,not_given,not_given,not_given,FALSE,FALSE,TRUE,FALSE,FALSE,not_given,FALSE,not_given,not_given,FALSE,FALSE,not_given,FALSE,FALSE,FALSE,FALSE,FALSE,FALSE,FALSE,FALSE,FALSE,FALSE,FALSE,hexacorallia,FALSE,FALSE,FALSE,TRUE
herpo,moorea_labeled_corals,herpolitha,mermaid,animalia,cnidaria,scleractinia,fungiidae,herpolitha,not_given,FALSE,FALSE,FALSE,TRUE,FALSE,not_given,not_given,not_given,not_given,not_given,FALSE,FALSE,not_given,FALSE,FALSE,not_given,FALSE,FALSE,FALSE,FALSE,FALSE,TRUE,FALSE,FALSE,FALSE,FALSE,FALSE,FALSE,FALSE,FALSE,FALSE,FALSE,FALSE,hexacorallia,FALSE,FALSE,FALSE,TRUE
lepta,moorea_labeled_corals,leptastrea,mermaid,animalia,cnidaria,scleractinia,leptastreidae,leptastrea,not_given,not_given,not_given,not_given,not_given,not_given,not_given,not_given,not_given,not_given,not_given,FALSE,FALSE,not_given,FALSE,not_given,not_given,FALSE,not_given,not_given,not_given,not_given,not_given,FALSE,not_given,FALSE,FALSE,FALSE,FALSE,FALSE,FALSE,FALSE,FALSE,FALSE,hexacorallia,FALSE,FALSE,FALSE,TRUE
lepto,moorea_labeled_corals,leptoseris,mermaid,animalia,cnidaria,scleractinia,agariciidae,leptoseris,not_given,not_given,not_given,not_given,not_given,not_given,not_given,not_given,not_given,not_given,not_given,FALSE,FALSE,not_given,FALSE,not_given,not_given,FALSE,not_given,not_given,not_given,not_given,not_given,FALSE,not_given,FALSE,FALSE,FALSE,FALSE,FALSE,FALSE,FALSE,FALSE,FALSE,hexacorallia,FALSE,FALSE,FALSE,TRUE
lobo,moorea_labeled_corals,lobophyllia,mermaid,animalia,cnidaria,scleractinia,lobophylliidae,lobophyllia,not_given,FALSE,FALSE,not_given,FALSE,not_given,not_given,not_given,FALSE,FALSE,not_given,FALSE,FALSE,not_given,FALSE,FALSE,FALSE,FALSE,TRUE,TRUE,FALSE,FALSE,FALSE,not_given,FALSE,FALSE,FALSE,FALSE,FALSE,FALSE,FALSE,FALSE,FALSE,FALSE,hexacorallia,FALSE,FALSE,FALSE,TRUE
macro,moorea_labeled_corals,macroalgae,mermaid,none,none,none,none,none,none,FALSE,FALSE,FALSE,FALSE,FALSE,FALSE,FALSE,FALSE,FALSE,FALSE,FALSE,FALSE,FALSE,FALSE,FALSE,FALSE,FALSE,FALSE,FALSE,FALSE,FALSE,FALSE,FALSE,FALSE,FALSE,TRUE,FALSE,not_given,FALSE,FALSE,FALSE,TRUE,FALSE,none,FALSE,FALSE,FALSE,FALSE
mille,moorea_labeled_corals,millepora,coralscapes_v2,animalia,cnidaria,anthoathecata,milleporidae,millepora,not_given,not_given,not_given,not_given,not_given,not_given,not_given,not_given,not_given,not_given,not_given,not_given,not_given,not_given,not_given,not_given,not_given,not_given,not_given,not_given,not_given,not_given,not_given,not_given,not_given,FALSE,FALSE,FALSE,FALSE,FALSE,FALSE,FALSE,FALSE,FALSE,hydrozoa,FALSE,FALSE,FALSE,TRUE
monta,moorea_labeled_corals,montastraea,mermaid,animalia,cnidaria,scleractinia,montastraeidae,montastraea,not_given,not_given,FALSE,not_given,not_given,TRUE,not_given,not_given,FALSE,not_given,not_given,FALSE,FALSE,not_given,FALSE,not_given,TRUE,FALSE,not_given,not_given,not_given,not_given,not_given,FALSE,not_given,TRUE,FALSE,FALSE,FALSE,FALSE,FALSE,FALSE,FALSE,FALSE,hexacorallia,FALSE,FALSE,FALSE,TRUE
monti,moorea_labeled_corals,montipora,mermaid,animalia,cnidaria,scleractinia,acroporidae,montipora,not_given,FALSE,not_given,not_given,FALSE,not_given,FALSE,not_given,not_given,not_given,not_given,FALSE,FALSE,not_given,FALSE,not_given,not_given,FALSE,not_given,FALSE,FALSE,not_given,FALSE,FALSE,not_given,FALSE,FALSE,FALSE,FALSE,FALSE,FALSE,FALSE,FALSE,FALSE,hexacorallia,FALSE,FALSE,FALSE,TRUE
off,moorea_labeled_corals,other,mermaid,not_given,not_given,not_given,not_given,not_given,not_given,not_given,not_given,not_given,not_given,not_given,not_given,not_given,not_given,not_given,not_given,not_given,not_given,not_given,not_given,not_given,not_given,not_given,not_given,not_given,not_given,not_given,not_given,not_given,not_given,not_given,not_given,not_given,not_given,not_given,not_given,FALSE,not_given,not_given,not_given,not_given,not_given,not_given,FALSE
p mass,moorea_labeled_corals,porites,mermaid,animalia,cnidaria,scleractinia,poritidae,porites,not_given,FALSE,not_given,not_given,FALSE,TRUE,FALSE,not_given,not_given,not_given,not_given,FALSE,FALSE,not_given,FALSE,not_given,not_given,FALSE,not_given,FALSE,FALSE,not_given,FALSE,FALSE,not_given,FALSE,FALSE,FALSE,FALSE,FALSE,FALSE,FALSE,FALSE,FALSE,hexacorallia,FALSE,FALSE,FALSE,TRUE
p. irr,moorea_labeled_corals,porites rus,mermaid,animalia,cnidaria,scleractinia,poritidae,porites,porites_rus,FALSE,FALSE,not_given,FALSE,FALSE,FALSE,TRUE,FALSE,FALSE,not_given,FALSE,FALSE,TRUE,FALSE,TRUE,TRUE,FALSE,FALSE,FALSE,FALSE,FALSE,FALSE,FALSE,FALSE,FALSE,FALSE,FALSE,FALSE,FALSE,FALSE,FALSE,FALSE,FALSE,hexacorallia,FALSE,FALSE,FALSE,TRUE
p. rus,moorea_labeled_corals,porites rus,mermaid,animalia,cnidaria,scleractinia,poritidae,porites,porites_rus,FALSE,FALSE,not_given,FALSE,FALSE,FALSE,TRUE,FALSE,FALSE,not_given,FALSE,FALSE,TRUE,FALSE,TRUE,TRUE,FALSE,FALSE,FALSE,FALSE,FALSE,FALSE,FALSE,FALSE,FALSE,FALSE,FALSE,FALSE,FALSE,FALSE,FALSE,FALSE,FALSE,hexacorallia,FALSE,FALSE,FALSE,TRUE
pavon,moorea_labeled_corals,pavona alive,coralscapes_v2,animalia,cnidaria,scleractinia,agariciidae,pavona,not_given,FALSE,FALSE,not_given,FALSE,not_given,FALSE,not_given,FALSE,not_given,not_given,FALSE,FALSE,not_given,FALSE,not_given,TRUE,FALSE,not_given,FALSE,FALSE,not_given,FALSE,FALSE,not_given,FALSE,FALSE,FALSE,FALSE,FALSE,FALSE,FALSE,FALSE,FALSE,hexacorallia,FALSE,FALSE,FALSE,TRUE
pocill,moorea_labeled_corals,pocillopora alive,coralscapes_v2,animalia,cnidaria,scleractinia,pocilloporidae,pocillopora,not_given,FALSE,not_given,FALSE,FALSE,FALSE,FALSE,FALSE,not_given,FALSE,FALSE,FALSE,FALSE,FALSE,FALSE,TRUE,FALSE,FALSE,FALSE,FALSE,not_given,FALSE,FALSE,FALSE,FALSE,FALSE,FALSE,FALSE,FALSE,FALSE,FALSE,FALSE,FALSE,FALSE,hexacorallia,FALSE,FALSE,FALSE,TRUE
porit,moorea_labeled_corals,porites,mermaid,animalia,cnidaria,scleractinia,poritidae,porites,not_given,FALSE,not_given,not_given,FALSE,not_given,FALSE,not_given,not_given,not_given,not_given,FALSE,FALSE,not_given,FALSE,not_given,not_given,FALSE,not_given,FALSE,FALSE,not_given,FALSE,FALSE,not_given,FALSE,FALSE,FALSE,FALSE,FALSE,FALSE,FALSE,FALSE,FALSE,hexacorallia,FALSE,FALSE,FALSE,TRUE
psam,moorea_labeled_corals,psammocora,mermaid,animalia,cnidaria,scleractinia,psammocoridae,psammocora,not_given,not_given,not_given,not_given,not_given,not_given,not_given,not_given,not_given,not_given,not_given,FALSE,FALSE,not_given,FALSE,not_given,not_given,FALSE,not_given,not_given,not_given,not_given,not_given,FALSE,not_given,FALSE,FALSE,FALSE,FALSE,FALSE,FALSE,FALSE,FALSE,FALSE,hexacorallia,FALSE,FALSE,FALSE,TRUE
sand,moorea_labeled_corals,sand,coralscapes_v2,none,none,none,none,none,none,FALSE,FALSE,FALSE,FALSE,FALSE,FALSE,FALSE,FALSE,FALSE,FALSE,FALSE,FALSE,FALSE,FALSE,FALSE,FALSE,FALSE,FALSE,FALSE,FALSE,FALSE,FALSE,FALSE,FALSE,FALSE,FALSE,FALSE,FALSE,FALSE,FALSE,FALSE,FALSE,FALSE,none,FALSE,TRUE,FALSE,FALSE
sando,moorea_labeled_corals,sandalolitha,mermaid,animalia,cnidaria,scleractinia,fungiidae,sandalolitha,not_given,FALSE,FALSE,not_given,FALSE,not_given,not_given,not_given,not_given,not_given,not_given,FALSE,FALSE,not_given,FALSE,FALSE,not_given,FALSE,not_given,not_given,FALSE,FALSE,not_given,FALSE,FALSE,FALSE,FALSE,FALSE,FALSE,FALSE,FALSE,FALSE,FALSE,FALSE,hexacorallia,FALSE,FALSE,FALSE,TRUE
soft,moorea_labeled_corals,soft coral (malacalcyonacea) alive,coralscapes_v2,animalia,cnidaria,malacalcyonacea,not_given,not_given,not_given,not_given,not_given,not_given,not_given,not_given,not_given,not_given,not_given,not_given,not_given,not_given,not_given,not_given,not_given,not_given,not_given,not_given,not_given,not_given,not_given,not_given,not_given,not_given,not_given,FALSE,FALSE,FALSE,FALSE,FALSE,FALSE,FALSE,FALSE,FALSE,octocorallia,FALSE,FALSE,FALSE,TRUE
stylo,moorea_labeled_corals,stylophora alive,coralscapes_v2,animalia,cnidaria,scleractinia,pocilloporidae,stylophora,not_given,not_given,FALSE,not_given,not_given,FALSE,not_given,FALSE,not_given,FALSE,FALSE,FALSE,FALSE,FALSE,FALSE,TRUE,FALSE,FALSE,FALSE,not_given,not_given,not_given,not_given,FALSE,FALSE,FALSE,FALSE,FALSE,FALSE,FALSE,FALSE,FALSE,FALSE,FALSE,hexacorallia,FALSE,FALSE,FALSE,TRUE
tuba,moorea_labeled_corals,tubastraea,mermaid,animalia,cnidaria,scleractinia,dendrophylliidae,tubastraea,not_given,not_given,not_given,not_given,not_given,not_given,not_given,not_given,not_given,not_given,not_given,FALSE,FALSE,not_given,FALSE,not_given,not_given,FALSE,not_given,not_given,not_given,not_given,not_given,FALSE,not_given,FALSE,FALSE,FALSE,FALSE,FALSE,FALSE,FALSE,FALSE,FALSE,hexacorallia,FALSE,FALSE,FALSE,TRUE
turf,moorea_labeled_corals,turf algae,mermaid,none,none,none,none,none,none,FALSE,FALSE,FALSE,FALSE,FALSE,FALSE,FALSE,FALSE,FALSE,FALSE,FALSE,FALSE,FALSE,FALSE,FALSE,FALSE,FALSE,FALSE,FALSE,FALSE,FALSE,FALSE,FALSE,FALSE,FALSE,TRUE,FALSE,not_given,FALSE,FALSE,FALSE,FALSE,FALSE,none,FALSE,FALSE,not_given,FALSE
acropora,pacific_labeled_corals,acropora alive,coralscapes_v2,animalia,cnidaria,scleractinia,acroporidae,acropora,not_given,FALSE,not_given,FALSE,FALSE,FALSE,FALSE,FALSE,not_given,FALSE,FALSE,FALSE,FALSE,FALSE,FALSE,TRUE,not_given,FALSE,FALSE,FALSE,not_given,not_given,FALSE,FALSE,not_given,FALSE,FALSE,FALSE,FALSE,FALSE,FALSE,FALSE,FALSE,FALSE,hexacorallia,FALSE,FALSE,FALSE,TRUE
all other,pacific_labeled_corals,other,mermaid,not_given,not_given,not_given,not_given,not_given,not_given,not_given,not_given,not_given,not_given,not_given,not_given,not_given,not_given,not_given,not_given,not_given,not_given,not_given,not_given,not_given,not_given,not_given,not_given,not_given,not_given,not_given,not_given,not_given,not_given,not_given,not_given,not_given,not_given,not_given,not_given,FALSE,not_given,not_given,not_given,not_given,not_given,not_given,FALSE
bare substrate,pacific_labeled_corals,hard substrate,coralscapes_v2,none,none,none,none,none,none,FALSE,FALSE,FALSE,FALSE,FALSE,FALSE,FALSE,FALSE,FALSE,FALSE,FALSE,FALSE,FALSE,FALSE,FALSE,FALSE,FALSE,FALSE,FALSE,FALSE,FALSE,FALSE,FALSE,FALSE,FALSE,FALSE,FALSE,FALSE,FALSE,FALSE,FALSE,FALSE,FALSE,none,FALSE,FALSE,TRUE,FALSE
cca,pacific_labeled_corals,crustose coralline algae,mermaid,not_given,rhodophyta,corallinales,not_given,not_given,not_given,FALSE,FALSE,FALSE,FALSE,FALSE,FALSE,FALSE,FALSE,FALSE,FALSE,FALSE,FALSE,FALSE,FALSE,FALSE,FALSE,FALSE,FALSE,FALSE,FALSE,FALSE,FALSE,FALSE,FALSE,FALSE,TRUE,FALSE,not_given,FALSE,FALSE,FALSE,FALSE,FALSE,florideophyceae,FALSE,FALSE,not_given,FALSE
favia,pacific_labeled_corals,favia,mermaid,animalia,cnidaria,scleractinia,faviidae,favia,not_given,not_given,not_given,not_given,not_given,not_given,not_given,not_given,not_given,not_given,not_given,FALSE,FALSE,not_given,FALSE,not_given,not_given,FALSE,not_given,not_given,not_given,not_given,not_given,FALSE,not_given,FALSE,FALSE,FALSE,FALSE,FALSE,FALSE,FALSE,FALSE,FALSE,hexacorallia,FALSE,FALSE,FALSE,TRUE
favites,pacific_labeled_corals,favites,mermaid,animalia,cnidaria,scleractinia,merulinidae,favites,not_given,not_given,not_given,not_given,not_given,not_given,not_given,not_given,not_given,not_given,not_given,FALSE,FALSE,not_given,FALSE,not_given,not_given,FALSE,not_given,not_given,not_given,not_given,not_given,FALSE,not_given,FALSE,FALSE,FALSE,FALSE,FALSE,FALSE,FALSE,FALSE,FALSE,hexacorallia,FALSE,FALSE,FALSE,TRUE
macroalgae,pacific_labeled_corals,macroalgae,mermaid,none,none,none,none,none,none,FALSE,FALSE,FALSE,FALSE,FALSE,FALSE,FALSE,FALSE,FALSE,FALSE,FALSE,FALSE,FALSE,FALSE,FALSE,FALSE,FALSE,FALSE,FALSE,FALSE,FALSE,FALSE,FALSE,FALSE,FALSE,TRUE,FALSE,not_given,FALSE,FALSE,FALSE,TRUE,FALSE,none,FALSE,FALSE,FALSE,FALSE
millepora,pacific_labeled_corals,millepora,coralscapes_v2,animalia,cnidaria,anthoathecata,milleporidae,millepora,not_given,not_given,not_given,not_given,not_given,not_given,not_given,not_given,not_given,not_given,not_given,not_given,not_given,not_given,not_given,not_given,not_given,not_given,not_given,not_given,not_given,not_given,not_given,not_given,not_given,FALSE,FALSE,FALSE,FALSE,FALSE,FALSE,FALSE,FALSE,FALSE,hydrozoa,FALSE,FALSE,FALSE,TRUE
montipora,pacific_labeled_corals,montipora,mermaid,animalia,cnidaria,scleractinia,acroporidae,montipora,not_given,FALSE,not_given,not_given,FALSE,not_given,FALSE,not_given,not_given,not_given,not_given,FALSE,FALSE,not_given,FALSE,not_given,not_given,FALSE,not_given,FALSE,FALSE,not_given,FALSE,FALSE,not_given,FALSE,FALSE,FALSE,FALSE,FALSE,FALSE,FALSE,FALSE,FALSE,hexacorallia,FALSE,FALSE,FALSE,TRUE
other scleractinians,pacific_labeled_corals,hard coral alive,coralscapes_v2,animalia,cnidaria,scleractinia,not_given,not_given,not_given,not_given,not_given,not_given,not_given,not_given,not_given,not_given,not_given,not_given,not_given,FALSE,FALSE,not_given,FALSE,not_given,not_given,FALSE,not_given,not_given,not_given,not_given,not_given,FALSE,not_given,FALSE,FALSE,FALSE,FALSE,FALSE,FALSE,FALSE,FALSE,FALSE,hexacorallia,FALSE,FALSE,FALSE,TRUE
pavona,pacific_labeled_corals,pavona alive,coralscapes_v2,animalia,cnidaria,scleractinia,agariciidae,pavona,not_given,FALSE,FALSE,not_given,FALSE,not_given,FALSE,not_given,FALSE,not_given,not_given,FALSE,FALSE,not_given,FALSE,not_given,TRUE,FALSE,not_given,FALSE,FALSE,not_given,FALSE,FALSE,not_given,FALSE,FALSE,FALSE,FALSE,FALSE,FALSE,FALSE,FALSE,FALSE,hexacorallia,FALSE,FALSE,FALSE,TRUE
platygyra,pacific_labeled_corals,platygyra,mermaid,animalia,cnidaria,scleractinia,merulinidae,platygyra,not_given,FALSE,not_given,not_given,FALSE,not_given,not_given,not_given,not_given,not_given,not_given,FALSE,FALSE,not_given,FALSE,not_given,not_given,FALSE,not_given,FALSE,not_given,not_given,FALSE,FALSE,not_given,FALSE,FALSE,FALSE,FALSE,FALSE,FALSE,FALSE,FALSE,FALSE,hexacorallia,FALSE,FALSE,FALSE,TRUE
pocillopora,pacific_labeled_corals,pocillopora alive,coralscapes_v2,animalia,cnidaria,scleractinia,pocilloporidae,pocillopora,not_given,FALSE,not_given,FALSE,FALSE,FALSE,FALSE,FALSE,not_given,FALSE,FALSE,FALSE,FALSE,FALSE,FALSE,TRUE,FALSE,FALSE,FALSE,FALSE,not_given,FALSE,FALSE,FALSE,FALSE,FALSE,FALSE,FALSE,FALSE,FALSE,FALSE,FALSE,FALSE,FALSE,hexacorallia,FALSE,FALSE,FALSE,TRUE
porites,pacific_labeled_corals,porites,mermaid,animalia,cnidaria,scleractinia,poritidae,porites,not_given,FALSE,not_given,not_given,FALSE,not_given,FALSE,not_given,not_given,not_given,not_given,FALSE,FALSE,not_given,FALSE,not_given,not_given,FALSE,not_given,FALSE,FALSE,not_given,FALSE,FALSE,not_given,FALSE,FALSE,FALSE,FALSE,FALSE,FALSE,FALSE,FALSE,FALSE,hexacorallia,FALSE,FALSE,FALSE,TRUE
sand,pacific_labeled_corals,sand,coralscapes_v2,none,none,none,none,none,none,FALSE,FALSE,FALSE,FALSE,FALSE,FALSE,FALSE,FALSE,FALSE,FALSE,FALSE,FALSE,FALSE,FALSE,FALSE,FALSE,FALSE,FALSE,FALSE,FALSE,FALSE,FALSE,FALSE,FALSE,FALSE,FALSE,FALSE,FALSE,FALSE,FALSE,FALSE,FALSE,FALSE,none,FALSE,TRUE,FALSE,FALSE
soft coral,pacific_labeled_corals,soft coral (malacalcyonacea) alive,coralscapes_v2,animalia,cnidaria,malacalcyonacea,not_given,not_given,not_given,not_given,not_given,not_given,not_given,not_given,not_given,not_given,not_given,not_given,not_given,not_given,not_given,not_given,not_given,not_given,not_given,not_given,not_given,not_given,not_given,not_given,not_given,not_given,not_given,FALSE,FALSE,FALSE,FALSE,FALSE,FALSE,FALSE,FALSE,FALSE,octocorallia,FALSE,FALSE,FALSE,TRUE
sponges,pacific_labeled_corals,sponge,coralscapes_v2,animalia,porifera,not_given,not_given,not_given,not_given,FALSE,FALSE,FALSE,FALSE,FALSE,FALSE,FALSE,FALSE,FALSE,FALSE,FALSE,FALSE,FALSE,FALSE,FALSE,FALSE,FALSE,FALSE,FALSE,FALSE,FALSE,FALSE,FALSE,FALSE,FALSE,FALSE,FALSE,FALSE,FALSE,FALSE,FALSE,FALSE,FALSE,not_given,FALSE,FALSE,FALSE,TRUE
transect hardware,pacific_labeled_corals,transect tools,coralscapes_v2,none,none,none,none,none,none,FALSE,FALSE,FALSE,FALSE,FALSE,FALSE,FALSE,FALSE,FALSE,FALSE,FALSE,FALSE,FALSE,FALSE,FALSE,FALSE,FALSE,FALSE,FALSE,FALSE,FALSE,FALSE,FALSE,FALSE,FALSE,FALSE,FALSE,TRUE,FALSE,TRUE,FALSE,FALSE,FALSE,none,FALSE,FALSE,FALSE,FALSE
turf,pacific_labeled_corals,turf algae,mermaid,none,none,none,none,none,none,FALSE,FALSE,FALSE,FALSE,FALSE,FALSE,FALSE,FALSE,FALSE,FALSE,FALSE,FALSE,FALSE,FALSE,FALSE,FALSE,FALSE,FALSE,FALSE,FALSE,FALSE,FALSE,FALSE,FALSE,FALSE,TRUE,FALSE,not_given,FALSE,FALSE,FALSE,FALSE,FALSE,none,FALSE,FALSE,not_given,FALSE
unclear,pacific_labeled_corals,background,coralscapes_v2,none,none,none,none,none,none,FALSE,FALSE,FALSE,FALSE,FALSE,FALSE,FALSE,FALSE,FALSE,FALSE,FALSE,FALSE,FALSE,FALSE,FALSE,FALSE,FALSE,FALSE,FALSE,FALSE,FALSE,FALSE,FALSE,FALSE,FALSE,FALSE,TRUE,FALSE,FALSE,FALSE,FALSE,FALSE,FALSE,none,FALSE,FALSE,FALSE,FALSE
aarcheri,catlin_seaview,aplysina archeri,mermaid,animalia,porifera,verongiida,aplysinidae,aplysina,aplysina_archeri,FALSE,FALSE,FALSE,FALSE,FALSE,FALSE,FALSE,FALSE,FALSE,FALSE,FALSE,FALSE,FALSE,FALSE,FALSE,FALSE,FALSE,FALSE,FALSE,FALSE,FALSE,FALSE,FALSE,FALSE,FALSE,FALSE,FALSE,FALSE,FALSE,FALSE,FALSE,FALSE,FALSE,demospongiae,FALSE,FALSE,FALSE,TRUE
acervicornis,catlin_seaview,acropora cervicornis,mermaid,animalia,cnidaria,scleractinia,acroporidae,acropora,acropora_cervicornis,FALSE,not_given,FALSE,FALSE,FALSE,FALSE,FALSE,not_given,FALSE,FALSE,FALSE,FALSE,FALSE,FALSE,TRUE,FALSE,FALSE,FALSE,FALSE,TRUE,not_given,FALSE,FALSE,FALSE,FALSE,FALSE,FALSE,FALSE,FALSE,FALSE,FALSE,FALSE,FALSE,hexacorallia,FALSE,FALSE,FALSE,TRUE
acompresa,catlin_seaview,amphimedon compressa,mermaid,animalia,porifera,haplosclerida,niphatidae,amphimedon,amphimedon_compressa,FALSE,FALSE,FALSE,FALSE,FALSE,FALSE,FALSE,FALSE,FALSE,FALSE,FALSE,FALSE,FALSE,FALSE,FALSE,FALSE,FALSE,FALSE,FALSE,FALSE,FALSE,FALSE,FALSE,FALSE,FALSE,FALSE,FALSE,FALSE,FALSE,FALSE,FALSE,FALSE,FALSE,demospongiae,FALSE,FALSE,FALSE,TRUE
acropora corymbose/tabular/plate,catlin_seaview,acropora alive,coralscapes_v2,animalia,cnidaria,scleractinia,acroporidae,acropora,not_given,FALSE,TRUE,FALSE,FALSE,FALSE,FALSE,FALSE,FALSE,FALSE,FALSE,FALSE,FALSE,FALSE,FALSE,TRUE,TRUE,FALSE,FALSE,FALSE,FALSE,not_given,FALSE,FALSE,TRUE,FALSE,FALSE,FALSE,FALSE,FALSE,FALSE,FALSE,FALSE,FALSE,hexacorallia,FALSE,FALSE,FALSE,TRUE
acropora digitate,catlin_seaview,acropora alive,coralscapes_v2,animalia,cnidaria,scleractinia,acroporidae,acropora,not_given,FALSE,not_given,FALSE,FALSE,FALSE,FALSE,FALSE,not_given,FALSE,FALSE,FALSE,FALSE,FALSE,FALSE,TRUE,not_given,FALSE,FALSE,FALSE,not_given,TRUE,FALSE,FALSE,not_given,FALSE,FALSE,FALSE,FALSE,FALSE,FALSE,FALSE,FALSE,FALSE,hexacorallia,FALSE,FALSE,FALSE,TRUE
acroporidae other,catlin_seaview,acroporidae,mermaid,animalia,cnidaria,scleractinia,acroporidae,not_given,not_given,not_given,not_given,not_given,not_given,not_given,not_given,not_given,not_given,not_given,not_given,FALSE,FALSE,not_given,FALSE,not_given,not_given,FALSE,not_given,not_given,not_given,not_given,not_given,FALSE,not_given,FALSE,FALSE,FALSE,FALSE,FALSE,FALSE,FALSE,FALSE,FALSE,hexacorallia,FALSE,FALSE,FALSE,TRUE
acroporidae branching,catlin_seaview,acroporidae,mermaid,animalia,cnidaria,scleractinia,acroporidae,not_given,not_given,not_given,not_given,not_given,not_given,FALSE,not_given,FALSE,not_given,FALSE,not_given,FALSE,FALSE,FALSE,FALSE,TRUE,not_given,FALSE,FALSE,not_given,not_given,not_given,not_given,FALSE,not_given,FALSE,FALSE,FALSE,FALSE,FALSE,FALSE,FALSE,FALSE,FALSE,hexacorallia,FALSE,FALSE,FALSE,TRUE
acroporidae hispidose,catlin_seaview,acroporidae,mermaid,animalia,cnidaria,scleractinia,acroporidae,not_given,not_given,not_given,not_given,not_given,not_given,not_given,not_given,not_given,not_given,not_given,not_given,FALSE,FALSE,not_given,FALSE,not_given,not_given,FALSE,not_given,not_given,not_given,not_given,not_given,FALSE,not_given,FALSE,FALSE,FALSE,FALSE,FALSE,FALSE,FALSE,FALSE,FALSE,hexacorallia,FALSE,FALSE,FALSE,TRUE
acroporidae plate/encrusting,catlin_seaview,acroporidae,mermaid,animalia,cnidaria,scleractinia,acroporidae,not_given,not_given,FALSE,FALSE,not_given,FALSE,not_given,not_given,TRUE,FALSE,not_given,not_given,FALSE,FALSE,not_given,FALSE,FALSE,TRUE,FALSE,not_given,not_given,FALSE,FALSE,not_given,FALSE,FALSE,FALSE,FALSE,FALSE,FALSE,FALSE,FALSE,FALSE,FALSE,FALSE,hexacorallia,FALSE,FALSE,FALSE,TRUE
acroporidae table/corymbose/digitate,catlin_seaview,acroporidae,mermaid,animalia,cnidaria,scleractinia,acroporidae,not_given,not_given,not_given,TRUE,not_given,not_given,FALSE,not_given,not_given,FALSE,FALSE,not_given,FALSE,FALSE,FALSE,FALSE,not_given,FALSE,FALSE,not_given,not_given,FALSE,TRUE,not_given,FALSE,TRUE,FALSE,FALSE,FALSE,FALSE,FALSE,FALSE,FALSE,FALSE,FALSE,hexacorallia,FALSE,FALSE,FALSE,TRUE
afistularis,catlin_seaview,aplysina fistularis,mermaid,animalia,porifera,verongiida,aplysinidae,aplysina,aplysina_fistularis,FALSE,FALSE,FALSE,FALSE,FALSE,FALSE,FALSE,FALSE,FALSE,FALSE,FALSE,FALSE,FALSE,FALSE,FALSE,FALSE,FALSE,FALSE,FALSE,FALSE,FALSE,FALSE,FALSE,FALSE,FALSE,FALSE,FALSE,FALSE,FALSE,FALSE,FALSE,FALSE,FALSE,demospongiae,FALSE,FALSE,FALSE,TRUE
agaricia/undaria,catlin_seaview,agaricia,mermaid,animalia,cnidaria,scleractinia,agariciidae,agaricia,not_given,not_given,not_given,not_given,not_given,not_given,not_given,not_given,not_given,not_given,not_given,FALSE,FALSE,not_given,FALSE,not_given,not_given,FALSE,not_given,not_given,not_given,not_given,not_given,FALSE,not_given,FALSE,FALSE,FALSE,FALSE,FALSE,FALSE,FALSE,FALSE,FALSE,hexacorallia,FALSE,FALSE,FALSE,TRUE
aiolochroia crassa,catlin_seaview,aiolochroia crassa,mermaid,animalia,porifera,verongiida,aplysinidae,aiolochroia,aiolochroia_crassa,FALSE,FALSE,FALSE,FALSE,FALSE,FALSE,FALSE,FALSE,FALSE,FALSE,FALSE,FALSE,FALSE,FALSE,FALSE,FALSE,FALSE,FALSE,FALSE,FALSE,FALSE,FALSE,FALSE,FALSE,FALSE,FALSE,FALSE,FALSE,FALSE,FALSE,FALSE,FALSE,FALSE,demospongiae,FALSE,FALSE,FALSE,TRUE
alcyoniidae,catlin_seaview,alcyoniidae,mermaid,animalia,cnidaria,malacalcyonacea,alcyoniidae,not_given,not_given,not_given,not_given,not_given,not_given,not_given,not_given,not_given,not_given,not_given,not_given,not_given,not_given,not_given,not_given,not_given,not_given,not_given,not_given,not_given,not_given,not_given,not_given,not_given,not_given,FALSE,FALSE,FALSE,FALSE,FALSE,FALSE,FALSE,FALSE,FALSE,octocorallia,FALSE,FALSE,FALSE,TRUE
algae matrix,catlin_seaview,epilithic algal matrix,mermaid,none,none,none,none,none,none,FALSE,FALSE,FALSE,FALSE,FALSE,FALSE,FALSE,FALSE,FALSE,FALSE,FALSE,FALSE,FALSE,FALSE,FALSE,FALSE,FALSE,FALSE,FALSE,FALSE,FALSE,FALSE,FALSE,FALSE,FALSE,TRUE,FALSE,not_given,FALSE,FALSE,FALSE,not_given,FALSE,none,FALSE,FALSE,FALSE,FALSE
algae: large visible globules,catlin_seaview,algae covered substrate,coralscapes_v2,none,none,none,none,none,none,FALSE,FALSE,FALSE,FALSE,FALSE,FALSE,FALSE,FALSE,FALSE,FALSE,FALSE,FALSE,FALSE,FALSE,FALSE,FALSE,FALSE,FALSE,FALSE,FALSE,FALSE,FALSE,FALSE,FALSE,FALSE,TRUE,FALSE,FALSE,FALSE,FALSE,FALSE,not_given,FALSE,none,FALSE,FALSE,FALSE,FALSE
apalmata,catlin_seaview,acropora palmata,mermaid,animalia,cnidaria,scleractinia,acroporidae,acropora,acropora_palmata,FALSE,FALSE,FALSE,FALSE,FALSE,FALSE,FALSE,FALSE,FALSE,FALSE,FALSE,FALSE,FALSE,FALSE,TRUE,TRUE,FALSE,FALSE,FALSE,FALSE,FALSE,FALSE,FALSE,not_given,FALSE,FALSE,FALSE,FALSE,FALSE,FALSE,FALSE,FALSE,FALSE,hexacorallia,FALSE,FALSE,FALSE,TRUE
aplysina fulva_cauliformis,catlin_seaview,aplysina,mermaid,animalia,porifera,verongiida,aplysinidae,aplysina,not_given,FALSE,FALSE,FALSE,FALSE,FALSE,FALSE,FALSE,FALSE,FALSE,FALSE,FALSE,FALSE,FALSE,FALSE,FALSE,FALSE,FALSE,FALSE,FALSE,FALSE,FALSE,FALSE,FALSE,FALSE,FALSE,FALSE,FALSE,FALSE,FALSE,FALSE,FALSE,FALSE,FALSE,demospongiae,FALSE,FALSE,FALSE,TRUE
atubulata,catlin_seaview,agelas tubulata,mermaid,animalia,porifera,agelasida,agelasidae,agelas,agelas_tubulata,FALSE,FALSE,FALSE,FALSE,FALSE,FALSE,FALSE,FALSE,FALSE,FALSE,FALSE,FALSE,FALSE,FALSE,FALSE,FALSE,FALSE,FALSE,FALSE,FALSE,FALSE,FALSE,FALSE,FALSE,FALSE,FALSE,FALSE,FALSE,FALSE,FALSE,FALSE,FALSE,FALSE,demospongiae,FALSE,FALSE,FALSE,TRUE
bra: acropora bottlebrush,catlin_seaview,acropora alive,coralscapes_v2,animalia,cnidaria,scleractinia,acroporidae,acropora,not_given,FALSE,not_given,FALSE,FALSE,FALSE,FALSE,FALSE,not_given,FALSE,FALSE,FALSE,FALSE,FALSE,FALSE,TRUE,not_given,FALSE,FALSE,FALSE,not_given,not_given,FALSE,FALSE,not_given,FALSE,FALSE,FALSE,FALSE,FALSE,FALSE,FALSE,FALSE,FALSE,hexacorallia,FALSE,FALSE,FALSE,TRUE
bra: acropora branching,catlin_seaview,acropora alive,coralscapes_v2,animalia,cnidaria,scleractinia,acroporidae,acropora,not_given,FALSE,not_given,FALSE,FALSE,FALSE,FALSE,FALSE,not_given,FALSE,FALSE,FALSE,FALSE,FALSE,FALSE,TRUE,not_given,FALSE,FALSE,FALSE,not_given,not_given,FALSE,FALSE,not_given,FALSE,FALSE,FALSE,FALSE,FALSE,FALSE,FALSE,FALSE,FALSE,hexacorallia,FALSE,FALSE,FALSE,TRUE
bra: other,catlin_seaview,other,mermaid,not_given,not_given,not_given,not_given,not_given,not_given,not_given,not_given,not_given,not_given,not_given,not_given,not_given,not_given,not_given,not_given,not_given,not_given,not_given,not_given,not_given,not_given,not_given,not_given,not_given,not_given,not_given,not_given,not_given,not_given,not_given,not_given,not_given,not_given,not_given,not_given,FALSE,not_given,not_given,not_given,not_given,not_given,not_given,FALSE
bleached diploria labyrinthiformis,catlin_seaview,,,animalia,cnidaria,scleractinia,mussidae,diploria,diploria_labyrinthiformis,FALSE,FALSE,TRUE,FALSE,TRUE,not_given,not_given,FALSE,FALSE,not_given,FALSE,FALSE,not_given,FALSE,FALSE,not_given,FALSE,TRUE,TRUE,FALSE,FALSE,not_given,not_given,FALSE,TRUE,FALSE,FALSE,FALSE,FALSE,FALSE,FALSE,FALSE,FALSE,hexacorallia,FALSE,FALSE,FALSE,TRUE
bleached montipora,catlin_seaview,bleached montipora,coralnet,animalia,cnidaria,scleractinia,acroporidae,montipora,not_given,FALSE,not_given,not_given,FALSE,not_given,FALSE,not_given,not_given,not_given,not_given,FALSE,FALSE,not_given,FALSE,not_given,not_given,FALSE,not_given,FALSE,FALSE,not_given,FALSE,FALSE,not_given,TRUE,FALSE,FALSE,FALSE,FALSE,FALSE,FALSE,FALSE,FALSE,hexacorallia,FALSE,FALSE,FALSE,TRUE
bleached plate-encrusting porites,catlin_seaview,,,animalia,cnidaria,scleractinia,poritidae,porites,not_given,FALSE,FALSE,not_given,FALSE,not_given,FALSE,TRUE,FALSE,not_given,not_given,FALSE,FALSE,not_given,FALSE,FALSE,TRUE,FALSE,not_given,FALSE,FALSE,FALSE,FALSE,FALSE,FALSE,TRUE,FALSE,FALSE,FALSE,FALSE,FALSE,FALSE,FALSE,FALSE,hexacorallia,FALSE,FALSE,FALSE,TRUE
bleached pocillopora,catlin_seaview,pocillopora bleached,coralscapes_v2,animalia,cnidaria,scleractinia,pocilloporidae,pocillopora,not_given,FALSE,not_given,FALSE,FALSE,FALSE,FALSE,FALSE,not_given,FALSE,FALSE,FALSE,FALSE,FALSE,FALSE,TRUE,FALSE,FALSE,FALSE,FALSE,not_given,FALSE,FALSE,FALSE,FALSE,TRUE,FALSE,FALSE,FALSE,FALSE,FALSE,FALSE,FALSE,FALSE,hexacorallia,FALSE,FALSE,FALSE,TRUE
branching porites,catlin_seaview,porites,mermaid,animalia,cnidaria,scleractinia,poritidae,porites,not_given,FALSE,not_given,not_given,FALSE,FALSE,FALSE,FALSE,not_given,FALSE,not_given,FALSE,FALSE,FALSE,FALSE,TRUE,not_given,FALSE,FALSE,FALSE,FALSE,not_given,FALSE,FALSE,not_given,FALSE,FALSE,FALSE,FALSE,FALSE,FALSE,FALSE,FALSE,FALSE,hexacorallia,FALSE,FALSE,FALSE,TRUE
branching stylophora,catlin_seaview,stylophora alive,coralscapes_v2,animalia,cnidaria,scleractinia,pocilloporidae,stylophora,not_given,not_given,FALSE,not_given,not_given,FALSE,not_given,FALSE,not_given,FALSE,FALSE,FALSE,FALSE,FALSE,FALSE,TRUE,FALSE,FALSE,FALSE,not_given,not_given,not_given,not_given,FALSE,FALSE,FALSE,FALSE,FALSE,FALSE,FALSE,FALSE,FALSE,FALSE,FALSE,hexacorallia,FALSE,FALSE,FALSE,TRUE
branching bleached,catlin_seaview,branching coral bleached,coralscapes_v2,animalia,cnidaria,scleractinia,not_given,not_given,not_given,not_given,not_given,FALSE,not_given,FALSE,not_given,FALSE,not_given,FALSE,not_given,FALSE,FALSE,FALSE,FALSE,TRUE,not_given,FALSE,FALSE,not_given,not_given,not_given,not_given,FALSE,not_given,TRUE,FALSE,FALSE,FALSE,FALSE,FALSE,FALSE,FALSE,FALSE,hexacorallia,FALSE,FALSE,FALSE,TRUE
cca,catlin_seaview,crustose coralline algae,mermaid,not_given,rhodophyta,corallinales,not_given,not_given,not_given,FALSE,FALSE,FALSE,FALSE,FALSE,FALSE,FALSE,FALSE,FALSE,FALSE,FALSE,FALSE,FALSE,FALSE,FALSE,FALSE,FALSE,FALSE,FALSE,FALSE,FALSE,FALSE,FALSE,FALSE,FALSE,TRUE,FALSE,not_given,FALSE,FALSE,FALSE,FALSE,FALSE,florideophyceae,FALSE,FALSE,not_given,FALSE
calcifying calcareous crustose algae: rubble,catlin_seaview,calcifying algae,coralnet,none,none,none,none,none,none,FALSE,FALSE,FALSE,FALSE,FALSE,FALSE,FALSE,FALSE,FALSE,FALSE,FALSE,FALSE,FALSE,FALSE,FALSE,FALSE,FALSE,FALSE,FALSE,FALSE,FALSE,FALSE,FALSE,FALSE,FALSE,TRUE,FALSE,not_given,FALSE,FALSE,FALSE,not_given,FALSE,none,FALSE,FALSE,FALSE,FALSE
calcifying calcareous crustose algae: sustrates,catlin_seaview,calcifying algae,coralnet,none,none,none,none,none,none,FALSE,FALSE,FALSE,FALSE,FALSE,FALSE,FALSE,FALSE,FALSE,FALSE,FALSE,FALSE,FALSE,FALSE,FALSE,FALSE,FALSE,FALSE,FALSE,FALSE,FALSE,FALSE,FALSE,FALSE,FALSE,TRUE,FALSE,not_given,FALSE,FALSE,FALSE,not_given,FALSE,none,FALSE,FALSE,FALSE,FALSE
calcifying algae: halimeda,catlin_seaview,halimeda,mermaid,plantae,chlorophyta,bryopsidales,halimedaceae,halimeda,not_given,FALSE,FALSE,FALSE,FALSE,FALSE,FALSE,FALSE,FALSE,FALSE,FALSE,FALSE,FALSE,FALSE,FALSE,FALSE,FALSE,FALSE,FALSE,FALSE,FALSE,FALSE,FALSE,FALSE,FALSE,FALSE,TRUE,FALSE,FALSE,FALSE,FALSE,FALSE,TRUE,FALSE,ulvophyceae,FALSE,FALSE,FALSE,FALSE
calcifying algae: other,catlin_seaview,calcifying algae,coralnet,none,none,none,none,none,none,FALSE,FALSE,FALSE,FALSE,FALSE,FALSE,FALSE,FALSE,FALSE,FALSE,FALSE,FALSE,FALSE,FALSE,FALSE,FALSE,FALSE,FALSE,FALSE,FALSE,FALSE,FALSE,FALSE,FALSE,FALSE,TRUE,FALSE,not_given,FALSE,FALSE,FALSE,not_given,FALSE,none,FALSE,FALSE,FALSE,FALSE
calcifying algae: padina,catlin_seaview,padina,mermaid,not_given,ochrophyta,dictyotales,dictyotaceae,padina,not_given,FALSE,FALSE,FALSE,FALSE,FALSE,FALSE,FALSE,FALSE,FALSE,FALSE,FALSE,FALSE,FALSE,FALSE,FALSE,FALSE,FALSE,FALSE,FALSE,FALSE,FALSE,FALSE,FALSE,FALSE,FALSE,TRUE,FALSE,not_given,FALSE,FALSE,FALSE,TRUE,FALSE,phaeophyceae,FALSE,FALSE,FALSE,FALSE
calcifying calcareous crustose algae: dhc,catlin_seaview,calcifying algae,coralnet,none,none,none,none,none,none,FALSE,FALSE,FALSE,FALSE,FALSE,FALSE,FALSE,FALSE,FALSE,FALSE,FALSE,FALSE,FALSE,FALSE,FALSE,FALSE,FALSE,FALSE,FALSE,FALSE,FALSE,FALSE,FALSE,FALSE,FALSE,TRUE,FALSE,not_given,FALSE,FALSE,FALSE,not_given,FALSE,none,FALSE,FALSE,FALSE,FALSE
calcifying macroalgae: padina,catlin_seaview,padina,mermaid,not_given,ochrophyta,dictyotales,dictyotaceae,padina,not_given,FALSE,FALSE,FALSE,FALSE,FALSE,FALSE,FALSE,FALSE,FALSE,FALSE,FALSE,FALSE,FALSE,FALSE,FALSE,FALSE,FALSE,FALSE,FALSE,FALSE,FALSE,FALSE,FALSE,FALSE,FALSE,TRUE,FALSE,not_given,FALSE,FALSE,FALSE,TRUE,FALSE,phaeophyceae,FALSE,FALSE,FALSE,FALSE
cdelitrix,catlin_seaview,cliona delitrix,mermaid,animalia,porifera,clionaida,clionaidae,cliona,cliona_delitrix,FALSE,FALSE,FALSE,FALSE,FALSE,FALSE,FALSE,FALSE,FALSE,FALSE,FALSE,FALSE,FALSE,FALSE,FALSE,FALSE,FALSE,FALSE,FALSE,FALSE,FALSE,FALSE,FALSE,FALSE,FALSE,FALSE,FALSE,FALSE,FALSE,FALSE,FALSE,FALSE,FALSE,demospongiae,FALSE,FALSE,FALSE,TRUE
cnatans,catlin_seaview,colpophyllia natans,mermaid,animalia,cnidaria,scleractinia,mussidae,colpophyllia,colpophyllia_natans,FALSE,FALSE,TRUE,FALSE,TRUE,not_given,TRUE,FALSE,FALSE,not_given,FALSE,FALSE,not_given,FALSE,FALSE,not_given,FALSE,TRUE,not_given,FALSE,FALSE,not_given,not_given,FALSE,FALSE,FALSE,FALSE,FALSE,FALSE,FALSE,FALSE,FALSE,FALSE,hexacorallia,FALSE,FALSE,FALSE,TRUE
common lrg alcyoniide,catlin_seaview,alcyoniidae,mermaid,animalia,cnidaria,malacalcyonacea,alcyoniidae,not_given,not_given,not_given,not_given,not_given,not_given,not_given,not_given,not_given,not_given,not_given,not_given,not_given,not_given,not_given,not_given,not_given,not_given,not_given,not_given,not_given,not_given,not_given,not_given,not_given,not_given,FALSE,FALSE,FALSE,FALSE,FALSE,FALSE,FALSE,FALSE,FALSE,octocorallia,FALSE,FALSE,FALSE,TRUE
coral: massive sub-massive encrusting,catlin_seaview,massive coral alive,coralscapes_v2,animalia,cnidaria,scleractinia,not_given,not_given,not_given,FALSE,FALSE,not_given,FALSE,TRUE,not_given,TRUE,not_given,FALSE,not_given,FALSE,FALSE,TRUE,FALSE,FALSE,not_given,FALSE,not_given,not_given,FALSE,FALSE,not_given,FALSE,FALSE,FALSE,FALSE,FALSE,FALSE,FALSE,FALSE,FALSE,FALSE,FALSE,hexacorallia,FALSE,FALSE,FALSE,TRUE
coral: meandroid,catlin_seaview,meandering coral alive,coralscapes_v2,animalia,cnidaria,scleractinia,not_given,not_given,not_given,FALSE,FALSE,not_given,FALSE,TRUE,not_given,not_given,FALSE,FALSE,not_given,FALSE,FALSE,TRUE,FALSE,FALSE,not_given,FALSE,TRUE,not_given,FALSE,FALSE,not_given,not_given,FALSE,FALSE,FALSE,FALSE,FALSE,FALSE,FALSE,FALSE,FALSE,FALSE,hexacorallia,FALSE,FALSE,FALSE,TRUE
cplicifera,catlin_seaview,callyspongia plicifera,mermaid,animalia,porifera,haplosclerida,callyspongiidae,callyspongia,callyspongia_plicifera,FALSE,FALSE,FALSE,FALSE,FALSE,FALSE,FALSE,FALSE,FALSE,FALSE,FALSE,FALSE,FALSE,FALSE,FALSE,FALSE,FALSE,FALSE,FALSE,FALSE,FALSE,FALSE,FALSE,FALSE,FALSE,FALSE,FALSE,FALSE,FALSE,FALSE,FALSE,FALSE,FALSE,demospongiae,FALSE,FALSE,FALSE,TRUE
crinoids,catlin_seaview,crinoid,mermaid,animalia,echinodermata,not_given,not_given,not_given,not_given,FALSE,FALSE,FALSE,FALSE,FALSE,FALSE,FALSE,FALSE,FALSE,FALSE,FALSE,FALSE,FALSE,FALSE,FALSE,FALSE,FALSE,FALSE,FALSE,FALSE,FALSE,FALSE,FALSE,FALSE,FALSE,FALSE,FALSE,FALSE,FALSE,FALSE,FALSE,FALSE,FALSE,crinoidea,FALSE,FALSE,FALSE,TRUE
crown of thorns sea star,catlin_seaview,acanthaster planci,coralscapes_v2,animalia,echinodermata,valvatida,acanthasteridae,acanthaster,acanthaster_planci,FALSE,FALSE,FALSE,FALSE,FALSE,FALSE,FALSE,FALSE,FALSE,FALSE,FALSE,FALSE,FALSE,FALSE,FALSE,FALSE,FALSE,FALSE,FALSE,FALSE,FALSE,FALSE,FALSE,FALSE,FALSE,FALSE,FALSE,FALSE,FALSE,FALSE,FALSE,FALSE,FALSE,asteroidea,FALSE,FALSE,FALSE,TRUE
crustose coralline algae,catlin_seaview,crustose coralline algae,mermaid,not_given,rhodophyta,corallinales,not_given,not_given,not_given,FALSE,FALSE,FALSE,FALSE,FALSE,FALSE,FALSE,FALSE,FALSE,FALSE,FALSE,FALSE,FALSE,FALSE,FALSE,FALSE,FALSE,FALSE,FALSE,FALSE,FALSE,FALSE,FALSE,FALSE,FALSE,TRUE,FALSE,not_given,FALSE,FALSE,FALSE,FALSE,FALSE,florideophyceae,FALSE,FALSE,not_given,FALSE
cvaginalis,catlin_seaview,callyspongia vaginalis,mermaid,animalia,porifera,haplosclerida,callyspongiidae,callyspongia,callyspongia_vaginalis,FALSE,FALSE,FALSE,FALSE,FALSE,FALSE,FALSE,FALSE,FALSE,FALSE,FALSE,FALSE,FALSE,FALSE,FALSE,FALSE,FALSE,FALSE,FALSE,FALSE,FALSE,FALSE,FALSE,FALSE,FALSE,FALSE,FALSE,FALSE,FALSE,FALSE,FALSE,FALSE,FALSE,demospongiae,FALSE,FALSE,FALSE,TRUE
cvirdis_complex,catlin_seaview,callyspongia viridis,coralnet,animalia,porifera,haplosclerida,callyspongiidae,callyspongia,callyspongia_viridis,FALSE,FALSE,FALSE,FALSE,FALSE,FALSE,FALSE,FALSE,FALSE,FALSE,FALSE,FALSE,FALSE,FALSE,FALSE,FALSE,FALSE,FALSE,FALSE,FALSE,FALSE,FALSE,FALSE,FALSE,FALSE,FALSE,FALSE,FALSE,FALSE,FALSE,FALSE,FALSE,FALSE,demospongiae,FALSE,FALSE,FALSE,TRUE
cyanobacteria,catlin_seaview,cyanobacteria,mermaid,bacillati,cyanobacteriota,not_given,not_given,not_given,not_given,FALSE,FALSE,FALSE,FALSE,FALSE,FALSE,FALSE,FALSE,FALSE,FALSE,FALSE,FALSE,FALSE,FALSE,FALSE,FALSE,FALSE,FALSE,FALSE,FALSE,FALSE,FALSE,FALSE,FALSE,FALSE,FALSE,FALSE,FALSE,FALSE,FALSE,FALSE,FALSE,FALSE,not_given,FALSE,FALSE,FALSE,FALSE
cyanobacteria films,catlin_seaview,cyanobacteria,mermaid,bacillati,cyanobacteriota,not_given,not_given,not_given,not_given,FALSE,FALSE,FALSE,FALSE,FALSE,FALSE,FALSE,FALSE,FALSE,FALSE,FALSE,FALSE,FALSE,FALSE,FALSE,FALSE,FALSE,FALSE,FALSE,FALSE,FALSE,FALSE,FALSE,FALSE,FALSE,FALSE,FALSE,FALSE,FALSE,FALSE,FALSE,FALSE,FALSE,not_given,FALSE,FALSE,FALSE,FALSE
cyanobacteria on rock or other substrates,catlin_seaview,cyanobacteria,mermaid,bacillati,cyanobacteriota,not_given,not_given,not_given,not_given,FALSE,FALSE,FALSE,FALSE,FALSE,FALSE,FALSE,FALSE,FALSE,FALSE,FALSE,FALSE,FALSE,FALSE,FALSE,FALSE,FALSE,FALSE,FALSE,FALSE,FALSE,FALSE,FALSE,FALSE,FALSE,FALSE,FALSE,FALSE,FALSE,FALSE,FALSE,FALSE,FALSE,not_given,FALSE,FALSE,FALSE,FALSE
cyanobacteria smothering dead coral,catlin_seaview,cyanobacteria,mermaid,bacillati,cyanobacteriota,not_given,not_given,not_given,not_given,FALSE,FALSE,FALSE,FALSE,FALSE,FALSE,FALSE,FALSE,FALSE,FALSE,FALSE,FALSE,FALSE,FALSE,FALSE,FALSE,FALSE,FALSE,FALSE,FALSE,FALSE,FALSE,FALSE,FALSE,FALSE,FALSE,FALSE,FALSE,FALSE,FALSE,FALSE,FALSE,FALSE,not_given,FALSE,FALSE,FALSE,FALSE
cyanobacteria smothering rubble,catlin_seaview,cyanobacteria,mermaid,bacillati,cyanobacteriota,not_given,not_given,not_given,not_given,FALSE,FALSE,FALSE,FALSE,FALSE,FALSE,FALSE,FALSE,FALSE,FALSE,FALSE,FALSE,FALSE,FALSE,FALSE,FALSE,FALSE,FALSE,FALSE,FALSE,FALSE,FALSE,FALSE,FALSE,FALSE,FALSE,FALSE,FALSE,FALSE,FALSE,FALSE,FALSE,FALSE,not_given,FALSE,FALSE,FALSE,FALSE
diadema/ehinothix,catlin_seaview,sea urchin,coralscapes_v2,animalia,echinodermata,not_given,not_given,not_given,not_given,FALSE,FALSE,FALSE,FALSE,FALSE,FALSE,FALSE,FALSE,FALSE,FALSE,FALSE,FALSE,FALSE,FALSE,FALSE,FALSE,FALSE,FALSE,FALSE,FALSE,FALSE,FALSE,FALSE,FALSE,FALSE,FALSE,FALSE,FALSE,FALSE,FALSE,FALSE,FALSE,FALSE,echinoidea,FALSE,FALSE,FALSE,TRUE
dictyota,catlin_seaview,dictyota,mermaid,not_given,ochrophyta,dictyotales,dictyotaceae,dictyota,not_given,FALSE,FALSE,FALSE,FALSE,FALSE,FALSE,FALSE,FALSE,FALSE,FALSE,FALSE,FALSE,FALSE,FALSE,FALSE,FALSE,FALSE,FALSE,FALSE,FALSE,FALSE,FALSE,FALSE,FALSE,FALSE,TRUE,FALSE,not_given,FALSE,FALSE,FALSE,not_given,FALSE,phaeophyceae,FALSE,FALSE,FALSE,FALSE
dlabyrinthiformis,catlin_seaview,diploria labyrinthiformis,mermaid,animalia,cnidaria,scleractinia,mussidae,diploria,diploria_labyrinthiformis,FALSE,FALSE,TRUE,FALSE,TRUE,not_given,not_given,FALSE,FALSE,not_given,FALSE,FALSE,not_given,FALSE,FALSE,not_given,FALSE,TRUE,TRUE,FALSE,FALSE,not_given,not_given,FALSE,FALSE,FALSE,FALSE,FALSE,FALSE,FALSE,FALSE,FALSE,FALSE,hexacorallia,FALSE,FALSE,FALSE,TRUE
eam: dead hard coral,catlin_seaview,hard coral dead,coralscapes_v2,animalia,cnidaria,scleractinia,not_given,not_given,not_given,not_given,not_given,not_given,not_given,not_given,not_given,not_given,not_given,not_given,not_given,FALSE,FALSE,not_given,FALSE,not_given,not_given,FALSE,not_given,not_given,not_given,not_given,not_given,FALSE,not_given,FALSE,FALSE,FALSE,FALSE,FALSE,FALSE,FALSE,FALSE,FALSE,hexacorallia,FALSE,FALSE,not_given,FALSE
echinometra,catlin_seaview,echinometra,mermaid,animalia,echinodermata,camarodonta,echinometridae,echinometra,not_given,FALSE,FALSE,FALSE,FALSE,FALSE,FALSE,FALSE,FALSE,FALSE,FALSE,FALSE,FALSE,FALSE,FALSE,FALSE,FALSE,FALSE,FALSE,FALSE,FALSE,FALSE,FALSE,FALSE,FALSE,FALSE,FALSE,FALSE,FALSE,FALSE,FALSE,FALSE,FALSE,FALSE,echinoidea,FALSE,FALSE,FALSE,TRUE
encrusting cliona spp.,catlin_seaview,cliona,mermaid,animalia,porifera,clionaida,clionaidae,cliona,not_given,FALSE,FALSE,FALSE,FALSE,FALSE,FALSE,FALSE,FALSE,FALSE,FALSE,FALSE,FALSE,FALSE,FALSE,FALSE,FALSE,FALSE,FALSE,FALSE,FALSE,FALSE,FALSE,FALSE,FALSE,FALSE,FALSE,FALSE,FALSE,FALSE,FALSE,FALSE,FALSE,FALSE,demospongiae,FALSE,FALSE,FALSE,TRUE
encrusting gorgonian,catlin_seaview,gorgonia,mermaid,animalia,cnidaria,malacalcyonacea,gorgoniidae,gorgonia,not_given,not_given,not_given,not_given,not_given,not_given,not_given,not_given,not_given,not_given,not_given,not_given,not_given,not_given,not_given,not_given,not_given,not_given,not_given,not_given,not_given,not_given,not_given,not_given,not_given,FALSE,FALSE,FALSE,FALSE,FALSE,FALSE,FALSE,FALSE,FALSE,octocorallia,FALSE,FALSE,FALSE,TRUE
encrusting sponge,catlin_seaview,sponge,coralscapes_v2,animalia,porifera,not_given,not_given,not_given,not_given,FALSE,FALSE,FALSE,FALSE,FALSE,FALSE,FALSE,FALSE,FALSE,FALSE,FALSE,FALSE,FALSE,FALSE,FALSE,FALSE,FALSE,FALSE,FALSE,FALSE,FALSE,FALSE,FALSE,FALSE,FALSE,FALSE,FALSE,FALSE,FALSE,FALSE,FALSE,FALSE,FALSE,not_given,FALSE,FALSE,FALSE,TRUE
epilithic algal matrix,catlin_seaview,epilithic algal matrix,mermaid,none,none,none,none,none,none,FALSE,FALSE,FALSE,FALSE,FALSE,FALSE,FALSE,FALSE,FALSE,FALSE,FALSE,FALSE,FALSE,FALSE,FALSE,FALSE,FALSE,FALSE,FALSE,FALSE,FALSE,FALSE,FALSE,FALSE,FALSE,TRUE,FALSE,not_given,FALSE,FALSE,FALSE,not_given,FALSE,none,FALSE,FALSE,FALSE,FALSE
epilithic algal matirx smotheting rubble,catlin_seaview,epilithic algal matrix,mermaid,none,none,none,none,none,none,FALSE,FALSE,FALSE,FALSE,FALSE,FALSE,FALSE,FALSE,FALSE,FALSE,FALSE,FALSE,FALSE,FALSE,FALSE,FALSE,FALSE,FALSE,FALSE,FALSE,FALSE,FALSE,FALSE,FALSE,FALSE,TRUE,FALSE,not_given,FALSE,FALSE,FALSE,not_given,FALSE,none,FALSE,FALSE,FALSE,FALSE
epilithic algal matrix on rock or other substrates,catlin_seaview,epilithic algal matrix,mermaid,none,none,none,none,none,none,FALSE,FALSE,FALSE,FALSE,FALSE,FALSE,FALSE,FALSE,FALSE,FALSE,FALSE,FALSE,FALSE,FALSE,FALSE,FALSE,FALSE,FALSE,FALSE,FALSE,FALSE,FALSE,FALSE,FALSE,FALSE,TRUE,FALSE,not_given,FALSE,FALSE,FALSE,not_given,FALSE,none,FALSE,FALSE,FALSE,FALSE
epillithic algal matrix,catlin_seaview,epilithic algal matrix,mermaid,none,none,none,none,none,none,FALSE,FALSE,FALSE,FALSE,FALSE,FALSE,FALSE,FALSE,FALSE,FALSE,FALSE,FALSE,FALSE,FALSE,FALSE,FALSE,FALSE,FALSE,FALSE,FALSE,FALSE,FALSE,FALSE,FALSE,FALSE,TRUE,FALSE,not_given,FALSE,FALSE,FALSE,not_given,FALSE,none,FALSE,FALSE,FALSE,FALSE
erect rhodphyta,catlin_seaview,rhodophyta,mermaid,not_given,rhodophyta,not_given,not_given,not_given,not_given,FALSE,FALSE,FALSE,FALSE,FALSE,FALSE,FALSE,FALSE,FALSE,FALSE,FALSE,FALSE,FALSE,FALSE,FALSE,FALSE,FALSE,FALSE,FALSE,FALSE,FALSE,FALSE,FALSE,FALSE,FALSE,TRUE,FALSE,not_given,FALSE,FALSE,FALSE,FALSE,FALSE,not_given,FALSE,FALSE,FALSE,FALSE
erect gorgonians,catlin_seaview,gorgonia,mermaid,animalia,cnidaria,malacalcyonacea,gorgoniidae,gorgonia,not_given,not_given,not_given,not_given,not_given,not_given,not_given,not_given,not_given,not_given,not_given,not_given,not_given,not_given,not_given,not_given,not_given,not_given,not_given,not_given,not_given,not_given,not_given,not_given,not_given,FALSE,FALSE,FALSE,FALSE,FALSE,FALSE,FALSE,FALSE,FALSE,octocorallia,FALSE,FALSE,FALSE,TRUE
erect sponge,catlin_seaview,sponge,coralscapes_v2,animalia,porifera,not_given,not_given,not_given,not_given,FALSE,FALSE,FALSE,FALSE,FALSE,FALSE,FALSE,FALSE,FALSE,FALSE,FALSE,FALSE,FALSE,FALSE,FALSE,FALSE,FALSE,FALSE,FALSE,FALSE,FALSE,FALSE,FALSE,FALSE,FALSE,FALSE,FALSE,FALSE,FALSE,FALSE,FALSE,FALSE,FALSE,not_given,FALSE,FALSE,FALSE,TRUE
eusmilia fastigiata,catlin_seaview,eusmilia fastigiata,mermaid,animalia,cnidaria,scleractinia,meandrinidae,eusmilia,eusmilia_fastigiata,FALSE,FALSE,not_given,FALSE,TRUE,not_given,not_given,FALSE,FALSE,not_given,FALSE,FALSE,not_given,FALSE,FALSE,not_given,FALSE,TRUE,TRUE,FALSE,FALSE,not_given,TRUE,FALSE,FALSE,FALSE,FALSE,FALSE,FALSE,FALSE,FALSE,FALSE,FALSE,hexacorallia,FALSE,FALSE,FALSE,TRUE
favidae-mussidae massive/meandroid,catlin_seaview,meandering coral alive,coralscapes_v2,animalia,cnidaria,scleractinia,not_given,not_given,not_given,FALSE,FALSE,not_given,FALSE,TRUE,not_given,not_given,FALSE,FALSE,not_given,FALSE,FALSE,TRUE,FALSE,FALSE,not_given,FALSE,TRUE,not_given,FALSE,FALSE,not_given,not_given,FALSE,FALSE,FALSE,FALSE,FALSE,FALSE,FALSE,FALSE,FALSE,FALSE,hexacorallia,FALSE,FALSE,FALSE,TRUE
faviidae siderastreidae,catlin_seaview,massive coral alive,coralscapes_v2,animalia,cnidaria,scleractinia,not_given,not_given,not_given,FALSE,FALSE,not_given,FALSE,TRUE,not_given,not_given,not_given,FALSE,not_given,FALSE,FALSE,TRUE,FALSE,FALSE,not_given,FALSE,not_given,not_given,FALSE,FALSE,not_given,FALSE,FALSE,FALSE,FALSE,FALSE,FALSE,FALSE,FALSE,FALSE,FALSE,FALSE,hexacorallia,FALSE,FALSE,FALSE,TRUE
filamentous macroalgae,catlin_seaview,macroalgae,mermaid,none,none,none,none,none,none,FALSE,FALSE,FALSE,FALSE,FALSE,FALSE,FALSE,FALSE,FALSE,FALSE,FALSE,FALSE,FALSE,FALSE,FALSE,FALSE,FALSE,FALSE,FALSE,FALSE,FALSE,FALSE,FALSE,FALSE,FALSE,TRUE,FALSE,not_given,FALSE,FALSE,FALSE,TRUE,FALSE,none,FALSE,FALSE,FALSE,FALSE
fine branching nonacroporids seriatopora,catlin_seaview,seriatopora alive,coralscapes_v2,animalia,cnidaria,scleractinia,pocilloporidae,seriatopora,not_given,FALSE,FALSE,FALSE,FALSE,FALSE,FALSE,FALSE,not_given,FALSE,FALSE,FALSE,FALSE,FALSE,FALSE,TRUE,FALSE,FALSE,FALSE,FALSE,not_given,not_given,FALSE,FALSE,FALSE,FALSE,FALSE,FALSE,FALSE,FALSE,FALSE,FALSE,FALSE,FALSE,hexacorallia,FALSE,FALSE,FALSE,TRUE
fish,catlin_seaview,fish,coralscapes_v2,animalia,chordata,none,none,none,not_given,FALSE,FALSE,FALSE,FALSE,FALSE,FALSE,FALSE,FALSE,FALSE,FALSE,FALSE,FALSE,FALSE,FALSE,FALSE,FALSE,FALSE,FALSE,FALSE,FALSE,FALSE,FALSE,FALSE,FALSE,FALSE,FALSE,FALSE,FALSE,FALSE,FALSE,FALSE,FALSE,FALSE,none,FALSE,FALSE,FALSE,TRUE
fishing gear,catlin_seaview,,,none,none,none,none,none,none,FALSE,FALSE,FALSE,FALSE,FALSE,FALSE,FALSE,FALSE,FALSE,FALSE,FALSE,FALSE,FALSE,FALSE,FALSE,FALSE,FALSE,FALSE,FALSE,FALSE,FALSE,FALSE,FALSE,FALSE,FALSE,FALSE,FALSE,TRUE,TRUE,FALSE,FALSE,FALSE,FALSE,none,FALSE,FALSE,FALSE,FALSE
foliose algae: other,catlin_seaview,algae covered substrate,coralscapes_v2,none,none,none,none,none,none,FALSE,FALSE,FALSE,FALSE,FALSE,FALSE,FALSE,FALSE,FALSE,FALSE,FALSE,FALSE,FALSE,FALSE,FALSE,FALSE,FALSE,FALSE,FALSE,FALSE,FALSE,FALSE,FALSE,FALSE,FALSE,TRUE,FALSE,FALSE,FALSE,FALSE,FALSE,not_given,FALSE,none,FALSE,FALSE,FALSE,FALSE
foliose fan shaped algae,catlin_seaview,algae covered substrate,coralscapes_v2,none,none,none,none,none,none,FALSE,FALSE,FALSE,FALSE,FALSE,FALSE,FALSE,FALSE,FALSE,FALSE,FALSE,FALSE,FALSE,FALSE,FALSE,FALSE,FALSE,FALSE,FALSE,FALSE,FALSE,FALSE,FALSE,FALSE,FALSE,TRUE,FALSE,FALSE,FALSE,FALSE,FALSE,TRUE,FALSE,none,FALSE,FALSE,FALSE,FALSE
foliose feathery algae,catlin_seaview,algae covered substrate,coralscapes_v2,none,none,none,none,none,none,FALSE,FALSE,FALSE,FALSE,FALSE,FALSE,FALSE,FALSE,FALSE,FALSE,FALSE,FALSE,FALSE,FALSE,FALSE,FALSE,FALSE,FALSE,FALSE,FALSE,FALSE,FALSE,FALSE,FALSE,FALSE,TRUE,FALSE,FALSE,FALSE,FALSE,FALSE,not_given,FALSE,none,FALSE,FALSE,FALSE,FALSE
foliose strap/ branched algae,catlin_seaview,algae covered substrate,coralscapes_v2,none,none,none,none,none,none,FALSE,FALSE,FALSE,FALSE,FALSE,FALSE,FALSE,FALSE,FALSE,FALSE,FALSE,FALSE,FALSE,FALSE,FALSE,FALSE,FALSE,FALSE,FALSE,FALSE,FALSE,FALSE,FALSE,FALSE,FALSE,TRUE,FALSE,FALSE,FALSE,FALSE,FALSE,not_given,FALSE,none,FALSE,FALSE,FALSE,FALSE
foliose sheeting macroalage: (e.g ulva),catlin_seaview,macroalgae,mermaid,none,none,none,none,none,none,FALSE,FALSE,FALSE,FALSE,FALSE,FALSE,FALSE,FALSE,FALSE,FALSE,FALSE,FALSE,FALSE,FALSE,FALSE,FALSE,FALSE,FALSE,FALSE,FALSE,FALSE,FALSE,FALSE,FALSE,FALSE,TRUE,FALSE,not_given,FALSE,FALSE,FALSE,TRUE,FALSE,none,FALSE,FALSE,FALSE,FALSE
gneptuni,catlin_seaview,,,animalia,porifera,tetractinellida,geodiidae,geodia,geodia_neptuni,FALSE,FALSE,FALSE,FALSE,FALSE,FALSE,FALSE,FALSE,FALSE,FALSE,FALSE,FALSE,FALSE,FALSE,FALSE,FALSE,FALSE,FALSE,FALSE,FALSE,FALSE,FALSE,FALSE,FALSE,FALSE,FALSE,FALSE,FALSE,FALSE,FALSE,FALSE,FALSE,FALSE,demospongiae,FALSE,FALSE,FALSE,TRUE
halimeda,catlin_seaview,halimeda,mermaid,plantae,chlorophyta,bryopsidales,halimedaceae,halimeda,not_given,FALSE,FALSE,FALSE,FALSE,FALSE,FALSE,FALSE,FALSE,FALSE,FALSE,FALSE,FALSE,FALSE,FALSE,FALSE,FALSE,FALSE,FALSE,FALSE,FALSE,FALSE,FALSE,FALSE,FALSE,FALSE,TRUE,FALSE,FALSE,FALSE,FALSE,FALSE,TRUE,FALSE,ulvophyceae,FALSE,FALSE,FALSE,FALSE
hydroids feathery types,catlin_seaview,hydroid,mermaid,animalia,cnidaria,not_given,not_given,not_given,not_given,not_given,not_given,not_given,not_given,not_given,not_given,not_given,not_given,not_given,not_given,not_given,not_given,not_given,not_given,not_given,not_given,not_given,not_given,not_given,not_given,not_given,not_given,not_given,not_given,FALSE,FALSE,FALSE,FALSE,FALSE,FALSE,FALSE,FALSE,FALSE,hydrozoa,FALSE,FALSE,FALSE,TRUE
individual tunicates,catlin_seaview,tunicate,mermaid,animalia,chordata,not_given,not_given,not_given,not_given,FALSE,FALSE,FALSE,FALSE,FALSE,FALSE,FALSE,FALSE,FALSE,FALSE,FALSE,FALSE,FALSE,FALSE,FALSE,FALSE,FALSE,FALSE,FALSE,FALSE,FALSE,FALSE,FALSE,FALSE,FALSE,FALSE,FALSE,FALSE,FALSE,FALSE,FALSE,FALSE,FALSE,not_given,FALSE,FALSE,FALSE,TRUE
ircinia_massive,catlin_seaview,ircinia,mermaid,animalia,porifera,dictyoceratida,irciniidae,ircinia,not_given,FALSE,FALSE,FALSE,FALSE,FALSE,FALSE,FALSE,FALSE,FALSE,FALSE,FALSE,FALSE,FALSE,FALSE,FALSE,FALSE,FALSE,FALSE,FALSE,FALSE,FALSE,FALSE,FALSE,FALSE,FALSE,FALSE,FALSE,FALSE,FALSE,FALSE,FALSE,FALSE,FALSE,demospongiae,FALSE,FALSE,FALSE,TRUE
leathery macrophyte: other,catlin_seaview,macroalgae,mermaid,none,none,none,none,none,none,FALSE,FALSE,FALSE,FALSE,FALSE,FALSE,FALSE,FALSE,FALSE,FALSE,FALSE,FALSE,FALSE,FALSE,FALSE,FALSE,FALSE,FALSE,FALSE,FALSE,FALSE,FALSE,FALSE,FALSE,FALSE,TRUE,FALSE,not_given,FALSE,FALSE,FALSE,TRUE,FALSE,none,FALSE,FALSE,FALSE,FALSE
leptoseris,catlin_seaview,leptoseris,mermaid,animalia,cnidaria,scleractinia,agariciidae,leptoseris,not_given,not_given,not_given,not_given,not_given,not_given,not_given,not_given,not_given,not_given,not_given,FALSE,FALSE,not_given,FALSE,not_given,not_given,FALSE,not_given,not_given,not_given,not_given,not_given,FALSE,not_given,FALSE,FALSE,FALSE,FALSE,FALSE,FALSE,FALSE,FALSE,FALSE,hexacorallia,FALSE,FALSE,FALSE,TRUE
loose substrate: rubble,catlin_seaview,rubble,coralscapes_v2,none,none,none,none,none,none,FALSE,FALSE,FALSE,FALSE,FALSE,FALSE,FALSE,FALSE,FALSE,FALSE,FALSE,FALSE,FALSE,FALSE,FALSE,FALSE,FALSE,FALSE,FALSE,FALSE,FALSE,FALSE,FALSE,FALSE,FALSE,FALSE,FALSE,FALSE,FALSE,FALSE,FALSE,FALSE,FALSE,none,FALSE,not_given,not_given,FALSE
loose substrate: sand,catlin_seaview,sand,coralscapes_v2,none,none,none,none,none,none,FALSE,FALSE,FALSE,FALSE,FALSE,FALSE,FALSE,FALSE,FALSE,FALSE,FALSE,FALSE,FALSE,FALSE,FALSE,FALSE,FALSE,FALSE,FALSE,FALSE,FALSE,FALSE,FALSE,FALSE,FALSE,FALSE,FALSE,FALSE,FALSE,FALSE,FALSE,FALSE,FALSE,none,FALSE,TRUE,FALSE,FALSE
loose substrate: sediment,catlin_seaview,hard substrate,coralscapes_v2,none,none,none,none,none,none,FALSE,FALSE,FALSE,FALSE,FALSE,FALSE,FALSE,FALSE,FALSE,FALSE,FALSE,FALSE,FALSE,FALSE,FALSE,FALSE,FALSE,FALSE,FALSE,FALSE,FALSE,FALSE,FALSE,FALSE,FALSE,FALSE,FALSE,FALSE,FALSE,FALSE,FALSE,FALSE,FALSE,none,FALSE,FALSE,TRUE,FALSE
lvariegata,catlin_seaview,lobophora variegata,mermaid,not_given,ochrophyta,dictyotales,dictyotaceae,lobophora,lobophora_variegata,FALSE,FALSE,FALSE,FALSE,FALSE,FALSE,FALSE,FALSE,FALSE,FALSE,FALSE,FALSE,FALSE,FALSE,FALSE,FALSE,FALSE,FALSE,FALSE,FALSE,FALSE,FALSE,FALSE,FALSE,FALSE,TRUE,FALSE,not_given,FALSE,FALSE,FALSE,FALSE,FALSE,phaeophyceae,FALSE,FALSE,FALSE,FALSE
mase: isopora,catlin_seaview,isopora,mermaid,animalia,cnidaria,scleractinia,acroporidae,isopora,not_given,not_given,not_given,not_given,not_given,not_given,not_given,not_given,not_given,not_given,not_given,FALSE,FALSE,not_given,FALSE,not_given,not_given,FALSE,not_given,not_given,not_given,not_given,not_given,FALSE,not_given,FALSE,FALSE,FALSE,FALSE,FALSE,FALSE,FALSE,FALSE,FALSE,hexacorallia,FALSE,FALSE,FALSE,TRUE
mase: large rounded polyps,catlin_seaview,massive coral alive,coralscapes_v2,animalia,cnidaria,scleractinia,not_given,not_given,not_given,FALSE,FALSE,not_given,FALSE,TRUE,not_given,not_given,not_given,FALSE,not_given,FALSE,FALSE,TRUE,FALSE,FALSE,not_given,FALSE,not_given,not_given,FALSE,FALSE,not_given,FALSE,FALSE,FALSE,FALSE,FALSE,FALSE,FALSE,FALSE,FALSE,FALSE,FALSE,hexacorallia,FALSE,FALSE,FALSE,TRUE
mase: lobophyllia,catlin_seaview,lobophyllia,mermaid,animalia,cnidaria,scleractinia,lobophylliidae,lobophyllia,not_given,FALSE,FALSE,not_given,FALSE,not_given,not_given,not_given,FALSE,FALSE,not_given,FALSE,FALSE,not_given,FALSE,FALSE,FALSE,FALSE,TRUE,TRUE,FALSE,FALSE,FALSE,not_given,FALSE,FALSE,FALSE,FALSE,FALSE,FALSE,FALSE,FALSE,FALSE,FALSE,hexacorallia,FALSE,FALSE,FALSE,TRUE
mase: meandering other,catlin_seaview,meandering coral alive,coralscapes_v2,animalia,cnidaria,scleractinia,not_given,not_given,not_given,FALSE,FALSE,not_given,FALSE,TRUE,not_given,not_given,FALSE,FALSE,not_given,FALSE,FALSE,TRUE,FALSE,FALSE,not_given,FALSE,TRUE,not_given,FALSE,FALSE,not_given,not_given,FALSE,FALSE,FALSE,FALSE,FALSE,FALSE,FALSE,FALSE,FALSE,FALSE,hexacorallia,FALSE,FALSE,FALSE,TRUE
mase: porites,catlin_seaview,porites,mermaid,animalia,cnidaria,scleractinia,poritidae,porites,not_given,FALSE,not_given,not_given,FALSE,not_given,FALSE,not_given,not_given,not_given,not_given,FALSE,FALSE,not_given,FALSE,not_given,not_given,FALSE,not_given,FALSE,FALSE,not_given,FALSE,FALSE,not_given,FALSE,FALSE,FALSE,FALSE,FALSE,FALSE,FALSE,FALSE,FALSE,hexacorallia,FALSE,FALSE,FALSE,TRUE
mase: small or invis polyps,catlin_seaview,massive coral alive,coralscapes_v2,animalia,cnidaria,scleractinia,not_given,not_given,not_given,FALSE,FALSE,not_given,FALSE,TRUE,not_given,not_given,not_given,FALSE,not_given,FALSE,FALSE,TRUE,FALSE,FALSE,not_given,FALSE,not_given,not_given,FALSE,FALSE,not_given,FALSE,FALSE,FALSE,FALSE,FALSE,FALSE,FALSE,FALSE,FALSE,FALSE,FALSE,hexacorallia,FALSE,FALSE,FALSE,TRUE
macroalgae,catlin_seaview,macroalgae,mermaid,none,none,none,none,none,none,FALSE,FALSE,FALSE,FALSE,FALSE,FALSE,FALSE,FALSE,FALSE,FALSE,FALSE,FALSE,FALSE,FALSE,FALSE,FALSE,FALSE,FALSE,FALSE,FALSE,FALSE,FALSE,FALSE,FALSE,FALSE,TRUE,FALSE,not_given,FALSE,FALSE,FALSE,TRUE,FALSE,none,FALSE,FALSE,FALSE,FALSE
macroalgae 1,catlin_seaview,macroalgae,mermaid,none,none,none,none,none,none,FALSE,FALSE,FALSE,FALSE,FALSE,FALSE,FALSE,FALSE,FALSE,FALSE,FALSE,FALSE,FALSE,FALSE,FALSE,FALSE,FALSE,FALSE,FALSE,FALSE,FALSE,FALSE,FALSE,FALSE,FALSE,TRUE,FALSE,not_given,FALSE,FALSE,FALSE,TRUE,FALSE,none,FALSE,FALSE,FALSE,FALSE
macroalgae encrusting red,catlin_seaview,rhodophyta,mermaid,not_given,rhodophyta,not_given,not_given,not_given,not_given,FALSE,FALSE,FALSE,FALSE,FALSE,FALSE,FALSE,FALSE,FALSE,FALSE,FALSE,FALSE,FALSE,FALSE,FALSE,FALSE,FALSE,FALSE,FALSE,FALSE,FALSE,FALSE,FALSE,FALSE,FALSE,TRUE,FALSE,not_given,FALSE,FALSE,FALSE,FALSE,FALSE,not_given,FALSE,FALSE,FALSE,FALSE
macrolagae all genera,catlin_seaview,macroalgae,mermaid,none,none,none,none,none,none,FALSE,FALSE,FALSE,FALSE,FALSE,FALSE,FALSE,FALSE,FALSE,FALSE,FALSE,FALSE,FALSE,FALSE,FALSE,FALSE,FALSE,FALSE,FALSE,FALSE,FALSE,FALSE,FALSE,FALSE,FALSE,TRUE,FALSE,not_given,FALSE,FALSE,FALSE,TRUE,FALSE,none,FALSE,FALSE,FALSE,FALSE
madracis,catlin_seaview,madracis,mermaid,animalia,cnidaria,scleractinia,pocilloporidae,madracis,not_given,not_given,not_given,not_given,not_given,not_given,not_given,not_given,not_given,not_given,not_given,FALSE,FALSE,not_given,FALSE,not_given,not_given,FALSE,not_given,not_given,not_given,not_given,not_given,FALSE,not_given,FALSE,FALSE,FALSE,FALSE,FALSE,FALSE,FALSE,FALSE,FALSE,hexacorallia,FALSE,FALSE,FALSE,TRUE
massive sponge,catlin_seaview,sponge,coralscapes_v2,animalia,porifera,not_given,not_given,not_given,not_given,FALSE,FALSE,FALSE,FALSE,FALSE,FALSE,FALSE,FALSE,FALSE,FALSE,FALSE,FALSE,FALSE,FALSE,FALSE,FALSE,FALSE,FALSE,FALSE,FALSE,FALSE,FALSE,FALSE,FALSE,FALSE,FALSE,FALSE,FALSE,FALSE,FALSE,FALSE,FALSE,FALSE,not_given,FALSE,FALSE,FALSE,TRUE
massive or encrusting sponges,catlin_seaview,sponge,coralscapes_v2,animalia,porifera,not_given,not_given,not_given,not_given,FALSE,FALSE,FALSE,FALSE,FALSE,FALSE,FALSE,FALSE,FALSE,FALSE,FALSE,FALSE,FALSE,FALSE,FALSE,FALSE,FALSE,FALSE,FALSE,FALSE,FALSE,FALSE,FALSE,FALSE,FALSE,FALSE,FALSE,FALSE,FALSE,FALSE,FALSE,FALSE,FALSE,not_given,FALSE,FALSE,FALSE,TRUE
massive/submassive/encrusting bleached,catlin_seaview,massive coral bleached,coralscapes_v2,animalia,cnidaria,scleractinia,not_given,not_given,not_given,FALSE,FALSE,not_given,FALSE,TRUE,not_given,not_given,not_given,FALSE,not_given,FALSE,FALSE,TRUE,FALSE,FALSE,not_given,FALSE,not_given,not_given,FALSE,FALSE,not_given,FALSE,FALSE,TRUE,FALSE,FALSE,FALSE,FALSE,FALSE,FALSE,FALSE,FALSE,hexacorallia,FALSE,FALSE,FALSE,TRUE
mat tunicate,catlin_seaview,tunicate,mermaid,animalia,chordata,not_given,not_given,not_given,not_given,FALSE,FALSE,FALSE,FALSE,FALSE,FALSE,FALSE,FALSE,FALSE,FALSE,FALSE,FALSE,FALSE,FALSE,FALSE,FALSE,FALSE,FALSE,FALSE,FALSE,FALSE,FALSE,FALSE,FALSE,FALSE,FALSE,FALSE,FALSE,FALSE,FALSE,FALSE,FALSE,FALSE,not_given,FALSE,FALSE,FALSE,TRUE
meandrina,catlin_seaview,meandrina,mermaid,animalia,cnidaria,scleractinia,meandrinidae,meandrina,not_given,not_given,not_given,not_given,not_given,not_given,not_given,not_given,not_given,not_given,not_given,FALSE,FALSE,not_given,FALSE,not_given,not_given,FALSE,not_given,not_given,not_given,not_given,not_given,FALSE,not_given,FALSE,FALSE,FALSE,FALSE,FALSE,FALSE,FALSE,FALSE,FALSE,hexacorallia,FALSE,FALSE,FALSE,TRUE
millepora,catlin_seaview,millepora,coralscapes_v2,animalia,cnidaria,anthoathecata,milleporidae,millepora,not_given,not_given,not_given,not_given,not_given,not_given,not_given,not_given,not_given,not_given,not_given,not_given,not_given,not_given,not_given,not_given,not_given,not_given,not_given,not_given,not_given,not_given,not_given,not_given,not_given,FALSE,FALSE,FALSE,FALSE,FALSE,FALSE,FALSE,FALSE,FALSE,hydrozoa,FALSE,FALSE,FALSE,TRUE
millepora bleached,catlin_seaview,millepora bleached,coralscapes_v2,animalia,cnidaria,anthoathecata,milleporidae,millepora,not_given,not_given,not_given,not_given,not_given,not_given,not_given,not_given,not_given,not_given,not_given,not_given,not_given,not_given,not_given,not_given,not_given,not_given,not_given,not_given,not_given,not_given,not_given,not_given,not_given,TRUE,FALSE,FALSE,FALSE,FALSE,FALSE,FALSE,FALSE,FALSE,hydrozoa,FALSE,FALSE,FALSE,TRUE
mobile invertebrates,catlin_seaview,mobile invertebrates,coralnet,animalia,not_given,not_given,not_given,not_given,not_given,FALSE,FALSE,FALSE,FALSE,FALSE,FALSE,FALSE,FALSE,FALSE,FALSE,FALSE,FALSE,FALSE,FALSE,FALSE,FALSE,FALSE,FALSE,FALSE,FALSE,FALSE,FALSE,FALSE,FALSE,FALSE,FALSE,FALSE,FALSE,FALSE,FALSE,FALSE,FALSE,FALSE,not_given,FALSE,FALSE,FALSE,TRUE
mobile invertebrates 1,catlin_seaview,mobile invertebrates,coralnet,animalia,not_given,not_given,not_given,not_given,not_given,FALSE,FALSE,FALSE,FALSE,FALSE,FALSE,FALSE,FALSE,FALSE,FALSE,FALSE,FALSE,FALSE,FALSE,FALSE,FALSE,FALSE,FALSE,FALSE,FALSE,FALSE,FALSE,FALSE,FALSE,FALSE,FALSE,FALSE,FALSE,FALSE,FALSE,FALSE,FALSE,FALSE,not_given,FALSE,FALSE,FALSE,TRUE
montastrea cavernosa,catlin_seaview,montastraea cavernosa,mermaid,animalia,cnidaria,scleractinia,montastraeidae,montastraea,montastraea_cavernosa,not_given,FALSE,not_given,not_given,TRUE,not_given,not_given,FALSE,not_given,not_given,FALSE,FALSE,not_given,FALSE,not_given,TRUE,FALSE,not_given,not_given,not_given,not_given,not_given,FALSE,not_given,FALSE,FALSE,FALSE,FALSE,FALSE,FALSE,FALSE,FALSE,FALSE,hexacorallia,FALSE,FALSE,FALSE,TRUE
montipora capitata branching,catlin_seaview,montipora capitata,mermaid,animalia,cnidaria,scleractinia,acroporidae,montipora,montipora_capitata,FALSE,FALSE,not_given,FALSE,FALSE,FALSE,TRUE,FALSE,FALSE,not_given,FALSE,FALSE,FALSE,FALSE,TRUE,TRUE,FALSE,FALSE,FALSE,FALSE,FALSE,FALSE,FALSE,FALSE,FALSE,FALSE,FALSE,FALSE,FALSE,FALSE,FALSE,FALSE,FALSE,hexacorallia,FALSE,FALSE,FALSE,TRUE
montipora capitata plate,catlin_seaview,montipora capitata,mermaid,animalia,cnidaria,scleractinia,acroporidae,montipora,montipora_capitata,FALSE,FALSE,not_given,FALSE,FALSE,FALSE,TRUE,FALSE,FALSE,not_given,FALSE,FALSE,FALSE,FALSE,TRUE,TRUE,FALSE,FALSE,FALSE,FALSE,FALSE,FALSE,FALSE,FALSE,FALSE,FALSE,FALSE,FALSE,FALSE,FALSE,FALSE,FALSE,FALSE,hexacorallia,FALSE,FALSE,FALSE,TRUE
montipora flabellata,catlin_seaview,montipora flabellata,mermaid,animalia,cnidaria,scleractinia,acroporidae,montipora,montipora_flabellata,FALSE,FALSE,not_given,FALSE,not_given,FALSE,TRUE,FALSE,not_given,not_given,FALSE,FALSE,not_given,FALSE,FALSE,TRUE,FALSE,not_given,FALSE,FALSE,FALSE,FALSE,FALSE,FALSE,FALSE,FALSE,FALSE,FALSE,FALSE,FALSE,FALSE,FALSE,FALSE,hexacorallia,FALSE,FALSE,FALSE,TRUE
montipora patula,catlin_seaview,montipora patula,mermaid,animalia,cnidaria,scleractinia,acroporidae,montipora,montipora_patula,FALSE,FALSE,not_given,FALSE,not_given,FALSE,TRUE,FALSE,not_given,not_given,FALSE,FALSE,not_given,FALSE,FALSE,TRUE,FALSE,not_given,FALSE,FALSE,FALSE,FALSE,FALSE,FALSE,FALSE,FALSE,FALSE,FALSE,FALSE,FALSE,FALSE,FALSE,FALSE,hexacorallia,FALSE,FALSE,FALSE,TRUE
mycale laevis,catlin_seaview,mycale laevis,mermaid,animalia,porifera,poecilosclerida,mycalidae,mycale,mycale_laevis,FALSE,FALSE,FALSE,FALSE,FALSE,FALSE,FALSE,FALSE,FALSE,FALSE,FALSE,FALSE,FALSE,FALSE,FALSE,FALSE,FALSE,FALSE,FALSE,FALSE,FALSE,FALSE,FALSE,FALSE,FALSE,FALSE,FALSE,FALSE,FALSE,FALSE,FALSE,FALSE,FALSE,demospongiae,FALSE,FALSE,FALSE,TRUE
niphates digitalis,catlin_seaview,niphates digitalis,mermaid,animalia,porifera,haplosclerida,niphatidae,niphates,niphates_digitalis,FALSE,FALSE,FALSE,FALSE,FALSE,FALSE,FALSE,FALSE,FALSE,FALSE,FALSE,FALSE,FALSE,FALSE,FALSE,FALSE,FALSE,FALSE,FALSE,FALSE,FALSE,FALSE,FALSE,FALSE,FALSE,FALSE,FALSE,FALSE,FALSE,FALSE,FALSE,FALSE,FALSE,demospongiae,FALSE,FALSE,FALSE,TRUE
non hermatypic: millepora,catlin_seaview,millepora,coralscapes_v2,animalia,cnidaria,anthoathecata,milleporidae,millepora,not_given,not_given,not_given,not_given,not_given,not_given,not_given,not_given,not_given,not_given,not_given,not_given,not_given,not_given,not_given,not_given,not_given,not_given,not_given,not_given,not_given,not_given,not_given,not_given,not_given,FALSE,FALSE,FALSE,FALSE,FALSE,FALSE,FALSE,FALSE,FALSE,hydrozoa,FALSE,FALSE,FALSE,TRUE
non hermatypic: free living (fungia etc),catlin_seaview,fungiidae alive,coralscapes_v2,animalia,cnidaria,scleractinia,fungiidae,not_given,not_given,FALSE,FALSE,not_given,FALSE,not_given,not_given,not_given,not_given,not_given,not_given,FALSE,FALSE,not_given,FALSE,FALSE,not_given,FALSE,not_given,not_given,FALSE,FALSE,TRUE,FALSE,FALSE,FALSE,FALSE,FALSE,FALSE,FALSE,FALSE,FALSE,FALSE,FALSE,hexacorallia,FALSE,FALSE,FALSE,TRUE
non hermatypic: heliopora,catlin_seaview,heliopora,mermaid,animalia,cnidaria,scleralcyonacea,helioporidae,heliopora,not_given,not_given,not_given,not_given,not_given,not_given,not_given,not_given,not_given,not_given,not_given,not_given,not_given,not_given,not_given,not_given,not_given,not_given,not_given,not_given,not_given,not_given,not_given,not_given,not_given,FALSE,FALSE,FALSE,FALSE,FALSE,FALSE,FALSE,FALSE,FALSE,octocorallia,FALSE,FALSE,FALSE,TRUE
ocomplex,catlin_seaview,orbicella,mermaid,animalia,cnidaria,scleractinia,merulinidae,orbicella,not_given,not_given,not_given,not_given,not_given,TRUE,not_given,not_given,not_given,not_given,not_given,FALSE,FALSE,not_given,FALSE,not_given,not_given,FALSE,not_given,not_given,not_given,not_given,not_given,FALSE,not_given,FALSE,FALSE,FALSE,FALSE,FALSE,FALSE,FALSE,FALSE,FALSE,hexacorallia,FALSE,FALSE,FALSE,TRUE
ocomplex bleached,catlin_seaview,,,animalia,cnidaria,scleractinia,merulinidae,orbicella,not_given,not_given,not_given,not_given,not_given,TRUE,not_given,not_given,not_given,not_given,not_given,FALSE,FALSE,not_given,FALSE,not_given,not_given,FALSE,not_given,not_given,not_given,not_given,not_given,FALSE,not_given,TRUE,FALSE,FALSE,FALSE,FALSE,FALSE,FALSE,FALSE,FALSE,hexacorallia,FALSE,FALSE,FALSE,TRUE
other,catlin_seaview,other,mermaid,not_given,not_given,not_given,not_given,not_given,not_given,not_given,not_given,not_given,not_given,not_given,not_given,not_given,not_given,not_given,not_given,not_given,not_given,not_given,not_given,not_given,not_given,not_given,not_given,not_given,not_given,not_given,not_given,not_given,not_given,not_given,not_given,not_given,not_given,not_given,not_given,FALSE,not_given,not_given,not_given,not_given,not_given,not_given,FALSE
other acroporidae,catlin_seaview,acroporidae,mermaid,animalia,cnidaria,scleractinia,acroporidae,not_given,not_given,not_given,not_given,not_given,not_given,not_given,not_given,not_given,not_given,not_given,not_given,FALSE,FALSE,not_given,FALSE,not_given,not_given,FALSE,not_given,not_given,not_given,not_given,not_given,FALSE,not_given,FALSE,FALSE,FALSE,FALSE,FALSE,FALSE,FALSE,FALSE,FALSE,hexacorallia,FALSE,FALSE,FALSE,TRUE
other algae,catlin_seaview,algae covered substrate,coralscapes_v2,none,none,none,none,none,none,FALSE,FALSE,FALSE,FALSE,FALSE,FALSE,FALSE,FALSE,FALSE,FALSE,FALSE,FALSE,FALSE,FALSE,FALSE,FALSE,FALSE,FALSE,FALSE,FALSE,FALSE,FALSE,FALSE,FALSE,FALSE,TRUE,FALSE,FALSE,FALSE,FALSE,FALSE,not_given,FALSE,none,FALSE,FALSE,FALSE,FALSE
other branching genus: anacropora/echinopora/monti,catlin_seaview,branching coral alive,coralscapes_v2,animalia,cnidaria,scleractinia,not_given,not_given,not_given,not_given,not_given,FALSE,not_given,FALSE,not_given,FALSE,not_given,FALSE,not_given,FALSE,FALSE,FALSE,FALSE,TRUE,not_given,FALSE,FALSE,not_given,not_given,not_given,not_given,FALSE,not_given,FALSE,FALSE,FALSE,FALSE,FALSE,FALSE,FALSE,FALSE,FALSE,hexacorallia,FALSE,FALSE,FALSE,TRUE
other branching genus: anacropora/echinopora/montipora/tubastrea,catlin_seaview,branching coral alive,coralscapes_v2,animalia,cnidaria,scleractinia,not_given,not_given,not_given,not_given,not_given,FALSE,not_given,FALSE,not_given,FALSE,not_given,FALSE,not_given,FALSE,FALSE,FALSE,FALSE,TRUE,not_given,FALSE,FALSE,not_given,not_given,not_given,not_given,FALSE,not_given,FALSE,FALSE,FALSE,FALSE,FALSE,FALSE,FALSE,FALSE,FALSE,hexacorallia,FALSE,FALSE,FALSE,TRUE
other hard corals,catlin_seaview,hard coral alive,coralscapes_v2,animalia,cnidaria,scleractinia,not_given,not_given,not_given,not_given,not_given,not_given,not_given,not_given,not_given,not_given,not_given,not_given,not_given,FALSE,FALSE,not_given,FALSE,not_given,not_given,FALSE,not_given,not_given,not_given,not_given,not_given,FALSE,not_given,FALSE,FALSE,FALSE,FALSE,FALSE,FALSE,FALSE,FALSE,FALSE,hexacorallia,FALSE,FALSE,FALSE,TRUE
other sesile invertebrates bryozoa clams,catlin_seaview,invertebrate,mermaid,animalia,not_given,not_given,not_given,not_given,not_given,FALSE,FALSE,FALSE,FALSE,FALSE,FALSE,FALSE,FALSE,FALSE,FALSE,FALSE,FALSE,FALSE,FALSE,FALSE,FALSE,FALSE,FALSE,FALSE,FALSE,FALSE,FALSE,FALSE,FALSE,FALSE,FALSE,FALSE,FALSE,FALSE,FALSE,FALSE,FALSE,FALSE,not_given,FALSE,FALSE,FALSE,TRUE
other sesile invertebrates soft hexacorrallia,catlin_seaview,other coral alive,coralscapes_v2,animalia,cnidaria,not_given,not_given,not_given,not_given,not_given,not_given,not_given,not_given,not_given,not_given,not_given,not_given,not_given,not_given,not_given,not_given,not_given,not_given,not_given,not_given,not_given,not_given,not_given,not_given,not_given,not_given,not_given,not_given,FALSE,FALSE,FALSE,FALSE,FALSE,FALSE,FALSE,FALSE,FALSE,not_given,FALSE,FALSE,FALSE,TRUE
other sessile invertebrates,catlin_seaview,invertebrate,mermaid,animalia,not_given,not_given,not_given,not_given,not_given,FALSE,FALSE,FALSE,FALSE,FALSE,FALSE,FALSE,FALSE,FALSE,FALSE,FALSE,FALSE,FALSE,FALSE,FALSE,FALSE,FALSE,FALSE,FALSE,FALSE,FALSE,FALSE,FALSE,FALSE,FALSE,FALSE,FALSE,FALSE,FALSE,FALSE,FALSE,FALSE,FALSE,not_given,FALSE,FALSE,FALSE,TRUE
other soft coral,catlin_seaview,soft coral (malacalcyonacea) alive,coralscapes_v2,animalia,cnidaria,malacalcyonacea,not_given,not_given,not_given,not_given,not_given,not_given,not_given,not_given,not_given,not_given,not_given,not_given,not_given,not_given,not_given,not_given,not_given,not_given,not_given,not_given,not_given,not_given,not_given,not_given,not_given,not_given,not_given,FALSE,FALSE,FALSE,FALSE,FALSE,FALSE,FALSE,FALSE,FALSE,octocorallia,FALSE,FALSE,FALSE,TRUE
other soft-corals no common alcyoniidae and erects,catlin_seaview,soft coral (malacalcyonacea) alive,coralscapes_v2,animalia,cnidaria,malacalcyonacea,not_given,not_given,not_given,not_given,not_given,not_given,not_given,not_given,not_given,not_given,not_given,not_given,not_given,not_given,not_given,not_given,not_given,not_given,not_given,not_given,not_given,not_given,not_given,not_given,not_given,not_given,not_given,FALSE,FALSE,FALSE,FALSE,FALSE,FALSE,FALSE,FALSE,FALSE,octocorallia,FALSE,FALSE,FALSE,TRUE
other soft-corals no common alcyoniidae and erects/ xeniidae/nepthtydae/tubipora/briareum,catlin_seaview,soft coral (malacalcyonacea) alive,coralscapes_v2,animalia,cnidaria,malacalcyonacea,not_given,not_given,not_given,not_given,not_given,not_given,not_given,not_given,not_given,not_given,not_given,not_given,not_given,not_given,not_given,not_given,not_given,not_given,not_given,not_given,not_given,not_given,not_given,not_given,not_given,not_given,not_given,FALSE,FALSE,FALSE,FALSE,FALSE,FALSE,FALSE,FALSE,FALSE,octocorallia,FALSE,FALSE,FALSE,TRUE
pastreoides,catlin_seaview,porites astreoides,mermaid,animalia,cnidaria,scleractinia,poritidae,porites,porites_astreoides,FALSE,FALSE,not_given,FALSE,TRUE,FALSE,TRUE,FALSE,not_given,not_given,FALSE,FALSE,not_given,FALSE,FALSE,TRUE,FALSE,not_given,FALSE,FALSE,FALSE,FALSE,FALSE,FALSE,FALSE,FALSE,FALSE,FALSE,FALSE,FALSE,FALSE,FALSE,FALSE,hexacorallia,FALSE,FALSE,FALSE,TRUE
pavona duerdeni,catlin_seaview,pavona duerdeni,mermaid,animalia,cnidaria,scleractinia,agariciidae,pavona,pavona_duerdeni,FALSE,not_given,not_given,FALSE,TRUE,FALSE,not_given,not_given,not_given,not_given,FALSE,FALSE,not_given,FALSE,not_given,not_given,FALSE,not_given,FALSE,FALSE,not_given,FALSE,FALSE,not_given,FALSE,FALSE,FALSE,FALSE,FALSE,FALSE,FALSE,FALSE,FALSE,hexacorallia,FALSE,FALSE,FALSE,TRUE
pavona maldivensis,catlin_seaview,pavona maldivensis,mermaid,animalia,cnidaria,scleractinia,agariciidae,pavona,pavona_maldivensis,FALSE,FALSE,not_given,FALSE,not_given,FALSE,not_given,FALSE,not_given,TRUE,FALSE,FALSE,not_given,FALSE,not_given,TRUE,FALSE,not_given,FALSE,FALSE,not_given,FALSE,FALSE,not_given,FALSE,FALSE,FALSE,FALSE,FALSE,FALSE,FALSE,FALSE,FALSE,hexacorallia,FALSE,FALSE,FALSE,TRUE
pavona varians,catlin_seaview,pavona varians,mermaid,animalia,cnidaria,scleractinia,agariciidae,pavona,pavona_varians,FALSE,FALSE,not_given,FALSE,not_given,FALSE,TRUE,FALSE,not_given,not_given,FALSE,FALSE,TRUE,FALSE,FALSE,TRUE,FALSE,not_given,FALSE,FALSE,FALSE,FALSE,FALSE,FALSE,FALSE,FALSE,FALSE,FALSE,FALSE,FALSE,FALSE,FALSE,FALSE,hexacorallia,FALSE,FALSE,FALSE,TRUE
plakortis,catlin_seaview,plakortis,coralnet,animalia,porifera,homosclerophorida,plakinidae,plakortis,not_given,FALSE,FALSE,FALSE,FALSE,FALSE,FALSE,FALSE,FALSE,FALSE,FALSE,FALSE,FALSE,FALSE,FALSE,FALSE,FALSE,FALSE,FALSE,FALSE,FALSE,FALSE,FALSE,FALSE,FALSE,FALSE,FALSE,FALSE,FALSE,FALSE,FALSE,FALSE,FALSE,FALSE,homoscleromorpha,FALSE,FALSE,FALSE,TRUE
pocillopora damicornis,catlin_seaview,pocillopora damicornis,mermaid,animalia,cnidaria,scleractinia,pocilloporidae,pocillopora,pocillopora_damicornis,FALSE,not_given,FALSE,FALSE,FALSE,FALSE,FALSE,not_given,FALSE,FALSE,FALSE,FALSE,FALSE,FALSE,TRUE,FALSE,FALSE,FALSE,FALSE,not_given,not_given,FALSE,FALSE,FALSE,FALSE,FALSE,FALSE,FALSE,FALSE,FALSE,FALSE,FALSE,FALSE,hexacorallia,FALSE,FALSE,FALSE,TRUE
pocillopora eydouxi,catlin_seaview,pocillopora grandis,mermaid,animalia,cnidaria,scleractinia,pocilloporidae,pocillopora,pocillopora_grandis,FALSE,not_given,FALSE,FALSE,FALSE,FALSE,FALSE,not_given,FALSE,TRUE,FALSE,FALSE,FALSE,FALSE,TRUE,FALSE,FALSE,FALSE,FALSE,not_given,not_given,FALSE,FALSE,FALSE,FALSE,FALSE,FALSE,FALSE,FALSE,FALSE,FALSE,FALSE,FALSE,hexacorallia,FALSE,FALSE,FALSE,TRUE
pocillopora meandrina/ligulata,catlin_seaview,pocillopora alive,coralscapes_v2,animalia,cnidaria,scleractinia,pocilloporidae,pocillopora,not_given,FALSE,not_given,FALSE,FALSE,FALSE,FALSE,FALSE,not_given,FALSE,FALSE,FALSE,FALSE,FALSE,FALSE,TRUE,FALSE,FALSE,FALSE,FALSE,not_given,FALSE,FALSE,FALSE,FALSE,FALSE,FALSE,FALSE,FALSE,FALSE,FALSE,FALSE,FALSE,FALSE,hexacorallia,FALSE,FALSE,FALSE,TRUE
pocillopora species,catlin_seaview,pocillopora alive,coralscapes_v2,animalia,cnidaria,scleractinia,pocilloporidae,pocillopora,not_given,FALSE,not_given,FALSE,FALSE,FALSE,FALSE,FALSE,not_given,FALSE,FALSE,FALSE,FALSE,FALSE,FALSE,TRUE,FALSE,FALSE,FALSE,FALSE,not_given,FALSE,FALSE,FALSE,FALSE,FALSE,FALSE,FALSE,FALSE,FALSE,FALSE,FALSE,FALSE,FALSE,hexacorallia,FALSE,FALSE,FALSE,TRUE
pocilloporidae,catlin_seaview,pocilloporidae,mermaid,animalia,cnidaria,scleractinia,pocilloporidae,not_given,not_given,not_given,not_given,not_given,not_given,not_given,not_given,not_given,not_given,not_given,not_given,FALSE,FALSE,not_given,FALSE,not_given,not_given,FALSE,not_given,not_given,not_given,not_given,not_given,FALSE,not_given,FALSE,FALSE,FALSE,FALSE,FALSE,FALSE,FALSE,FALSE,FALSE,hexacorallia,FALSE,FALSE,FALSE,TRUE
porites compressa fused branches,catlin_seaview,porites compressa,mermaid,animalia,cnidaria,scleractinia,poritidae,porites,porites_compressa,FALSE,not_given,not_given,FALSE,FALSE,FALSE,FALSE,not_given,FALSE,TRUE,FALSE,FALSE,TRUE,FALSE,TRUE,not_given,FALSE,FALSE,FALSE,FALSE,not_given,FALSE,FALSE,not_given,FALSE,FALSE,FALSE,FALSE,FALSE,FALSE,FALSE,FALSE,FALSE,hexacorallia,FALSE,FALSE,FALSE,TRUE
porites lichen,catlin_seaview,porites lichen,mermaid,animalia,cnidaria,scleractinia,poritidae,porites,porites_lichen,FALSE,FALSE,not_given,FALSE,not_given,FALSE,not_given,FALSE,not_given,TRUE,FALSE,FALSE,not_given,FALSE,not_given,TRUE,FALSE,not_given,FALSE,FALSE,not_given,FALSE,FALSE,not_given,FALSE,FALSE,FALSE,FALSE,FALSE,FALSE,FALSE,FALSE,FALSE,hexacorallia,FALSE,FALSE,FALSE,TRUE
porites lobata/lutea,catlin_seaview,porites,mermaid,animalia,cnidaria,scleractinia,poritidae,porites,not_given,FALSE,FALSE,not_given,FALSE,not_given,FALSE,not_given,not_given,not_given,not_given,FALSE,FALSE,not_given,FALSE,FALSE,not_given,FALSE,not_given,FALSE,FALSE,FALSE,FALSE,FALSE,not_given,FALSE,FALSE,FALSE,FALSE,FALSE,FALSE,FALSE,FALSE,FALSE,hexacorallia,FALSE,FALSE,FALSE,TRUE
porites lobata/lutea bleached,catlin_seaview,porites bleached,coralscapes_v2,animalia,cnidaria,scleractinia,poritidae,porites,not_given,FALSE,FALSE,not_given,FALSE,TRUE,FALSE,not_given,not_given,not_given,not_given,FALSE,FALSE,not_given,FALSE,FALSE,not_given,FALSE,FALSE,FALSE,FALSE,FALSE,FALSE,FALSE,not_given,TRUE,FALSE,FALSE,FALSE,FALSE,FALSE,FALSE,FALSE,FALSE,hexacorallia,FALSE,FALSE,FALSE,TRUE
porites nodular branches,catlin_seaview,porites,mermaid,animalia,cnidaria,scleractinia,poritidae,porites,not_given,FALSE,not_given,not_given,FALSE,FALSE,FALSE,FALSE,not_given,FALSE,not_given,FALSE,FALSE,FALSE,FALSE,TRUE,not_given,FALSE,FALSE,FALSE,FALSE,not_given,FALSE,FALSE,not_given,FALSE,FALSE,FALSE,FALSE,FALSE,FALSE,FALSE,FALSE,FALSE,hexacorallia,FALSE,FALSE,FALSE,TRUE
porites rus/monticulosa,catlin_seaview,porites,mermaid,animalia,cnidaria,scleractinia,poritidae,porites,not_given,FALSE,not_given,not_given,FALSE,not_given,FALSE,not_given,not_given,not_given,not_given,FALSE,FALSE,not_given,FALSE,not_given,not_given,FALSE,not_given,FALSE,FALSE,not_given,FALSE,FALSE,not_given,FALSE,FALSE,FALSE,FALSE,FALSE,FALSE,FALSE,FALSE,FALSE,hexacorallia,FALSE,FALSE,FALSE,TRUE
poritidae branching,catlin_seaview,poritidae,mermaid,animalia,cnidaria,scleractinia,poritidae,not_given,not_given,not_given,not_given,not_given,not_given,FALSE,not_given,FALSE,not_given,FALSE,not_given,FALSE,FALSE,FALSE,FALSE,TRUE,not_given,FALSE,FALSE,not_given,not_given,not_given,not_given,FALSE,not_given,FALSE,FALSE,FALSE,FALSE,FALSE,FALSE,FALSE,FALSE,FALSE,hexacorallia,FALSE,FALSE,FALSE,TRUE
poritidae encrusting,catlin_seaview,poritidae,mermaid,animalia,cnidaria,scleractinia,poritidae,not_given,not_given,FALSE,FALSE,not_given,FALSE,not_given,not_given,TRUE,not_given,not_given,not_given,FALSE,FALSE,not_given,FALSE,FALSE,not_given,FALSE,not_given,not_given,FALSE,FALSE,not_given,FALSE,FALSE,FALSE,FALSE,FALSE,FALSE,FALSE,FALSE,FALSE,FALSE,FALSE,hexacorallia,FALSE,FALSE,FALSE,TRUE
poritidae massive,catlin_seaview,poritidae,mermaid,animalia,cnidaria,scleractinia,poritidae,not_given,not_given,not_given,not_given,not_given,not_given,TRUE,not_given,not_given,not_given,not_given,not_given,FALSE,FALSE,not_given,FALSE,not_given,not_given,FALSE,not_given,not_given,not_given,not_given,not_given,FALSE,not_given,FALSE,FALSE,FALSE,FALSE,FALSE,FALSE,FALSE,FALSE,FALSE,hexacorallia,FALSE,FALSE,FALSE,TRUE
porties compressa fingres,catlin_seaview,porites compressa,mermaid,animalia,cnidaria,scleractinia,poritidae,porites,porites_compressa,FALSE,not_given,not_given,FALSE,FALSE,FALSE,FALSE,not_given,FALSE,TRUE,FALSE,FALSE,TRUE,FALSE,TRUE,not_given,FALSE,FALSE,FALSE,FALSE,not_given,FALSE,FALSE,not_given,FALSE,FALSE,FALSE,FALSE,FALSE,FALSE,FALSE,FALSE,FALSE,hexacorallia,FALSE,FALSE,FALSE,TRUE
pporites,catlin_seaview,porites porites,mermaid,animalia,cnidaria,scleractinia,poritidae,porites,porites_porites,FALSE,FALSE,not_given,FALSE,TRUE,FALSE,TRUE,FALSE,FALSE,TRUE,FALSE,FALSE,TRUE,FALSE,TRUE,TRUE,FALSE,FALSE,FALSE,FALSE,FALSE,FALSE,FALSE,FALSE,FALSE,FALSE,FALSE,FALSE,FALSE,FALSE,FALSE,FALSE,FALSE,hexacorallia,FALSE,FALSE,FALSE,TRUE
pseudodiploria,catlin_seaview,pseudodiploria,mermaid,animalia,cnidaria,scleractinia,mussidae,pseudodiploria,not_given,FALSE,FALSE,TRUE,FALSE,TRUE,not_given,not_given,FALSE,FALSE,not_given,FALSE,FALSE,not_given,FALSE,FALSE,not_given,FALSE,TRUE,not_given,FALSE,FALSE,not_given,not_given,FALSE,FALSE,FALSE,FALSE,FALSE,FALSE,FALSE,FALSE,FALSE,FALSE,hexacorallia,FALSE,FALSE,FALSE,TRUE
pseudodiploria bleached,catlin_seaview,,,animalia,cnidaria,scleractinia,mussidae,pseudodiploria,not_given,FALSE,FALSE,TRUE,FALSE,TRUE,not_given,not_given,FALSE,FALSE,not_given,FALSE,FALSE,not_given,FALSE,FALSE,not_given,FALSE,TRUE,not_given,FALSE,FALSE,not_given,not_given,FALSE,TRUE,FALSE,FALSE,FALSE,FALSE,FALSE,FALSE,FALSE,FALSE,hexacorallia,FALSE,FALSE,FALSE,TRUE
rope sponge,catlin_seaview,sponge,coralscapes_v2,animalia,porifera,not_given,not_given,not_given,not_given,FALSE,FALSE,FALSE,FALSE,FALSE,FALSE,FALSE,FALSE,FALSE,FALSE,FALSE,FALSE,FALSE,FALSE,FALSE,FALSE,FALSE,FALSE,FALSE,FALSE,FALSE,FALSE,FALSE,FALSE,FALSE,FALSE,FALSE,FALSE,FALSE,FALSE,FALSE,FALSE,FALSE,not_given,FALSE,FALSE,FALSE,TRUE
sand,catlin_seaview,sand,coralscapes_v2,none,none,none,none,none,none,FALSE,FALSE,FALSE,FALSE,FALSE,FALSE,FALSE,FALSE,FALSE,FALSE,FALSE,FALSE,FALSE,FALSE,FALSE,FALSE,FALSE,FALSE,FALSE,FALSE,FALSE,FALSE,FALSE,FALSE,FALSE,FALSE,FALSE,FALSE,FALSE,FALSE,FALSE,FALSE,FALSE,none,FALSE,TRUE,FALSE,FALSE
sea cucumbers/sea urchins/sea stars/lobster,catlin_seaview,invertebrate,mermaid,animalia,not_given,not_given,not_given,not_given,not_given,FALSE,FALSE,FALSE,FALSE,FALSE,FALSE,FALSE,FALSE,FALSE,FALSE,FALSE,FALSE,FALSE,FALSE,FALSE,FALSE,FALSE,FALSE,FALSE,FALSE,FALSE,FALSE,FALSE,FALSE,FALSE,FALSE,FALSE,FALSE,FALSE,FALSE,FALSE,FALSE,FALSE,not_given,FALSE,FALSE,FALSE,TRUE
sea fans and plumes,catlin_seaview,gorgoniidae,mermaid,animalia,cnidaria,malacalcyonacea,gorgoniidae,not_given,not_given,not_given,not_given,not_given,not_given,not_given,not_given,not_given,not_given,not_given,not_given,not_given,not_given,not_given,not_given,not_given,not_given,not_given,not_given,not_given,not_given,not_given,not_given,not_given,not_given,FALSE,FALSE,FALSE,FALSE,FALSE,FALSE,FALSE,FALSE,FALSE,octocorallia,FALSE,FALSE,FALSE,TRUE
sea fans/plumes,catlin_seaview,gorgoniidae,mermaid,animalia,cnidaria,malacalcyonacea,gorgoniidae,not_given,not_given,not_given,not_given,not_given,not_given,not_given,not_given,not_given,not_given,not_given,not_given,not_given,not_given,not_given,not_given,not_given,not_given,not_given,not_given,not_given,not_given,not_given,not_given,not_given,not_given,FALSE,FALSE,FALSE,FALSE,FALSE,FALSE,FALSE,FALSE,FALSE,octocorallia,FALSE,FALSE,FALSE,TRUE
sea fans/plumes/branching whipes,catlin_seaview,gorgoniidae,mermaid,animalia,cnidaria,malacalcyonacea,gorgoniidae,not_given,not_given,not_given,not_given,not_given,not_given,not_given,not_given,not_given,not_given,not_given,not_given,not_given,not_given,not_given,not_given,not_given,not_given,not_given,not_given,not_given,not_given,not_given,not_given,not_given,not_given,FALSE,FALSE,FALSE,FALSE,FALSE,FALSE,FALSE,FALSE,FALSE,octocorallia,FALSE,FALSE,FALSE,TRUE
seagrass,catlin_seaview,seagrass,coralscapes_v2,plantae,not_given,alismatales,not_given,not_given,not_given,FALSE,FALSE,FALSE,FALSE,FALSE,FALSE,FALSE,FALSE,FALSE,FALSE,FALSE,FALSE,FALSE,FALSE,FALSE,FALSE,FALSE,FALSE,FALSE,FALSE,FALSE,FALSE,FALSE,FALSE,FALSE,FALSE,FALSE,FALSE,FALSE,FALSE,FALSE,FALSE,FALSE,not_given,FALSE,FALSE,FALSE,FALSE
sediment,catlin_seaview,hard substrate,coralscapes_v2,none,none,none,none,none,none,FALSE,FALSE,FALSE,FALSE,FALSE,FALSE,FALSE,FALSE,FALSE,FALSE,FALSE,FALSE,FALSE,FALSE,FALSE,FALSE,FALSE,FALSE,FALSE,FALSE,FALSE,FALSE,FALSE,FALSE,FALSE,FALSE,FALSE,FALSE,FALSE,FALSE,FALSE,FALSE,FALSE,none,FALSE,FALSE,TRUE,FALSE
siderastrea siderea,catlin_seaview,siderastrea siderea,mermaid,animalia,cnidaria,scleractinia,siderastreidae,siderastrea,siderastrea_siderea,FALSE,FALSE,not_given,FALSE,TRUE,not_given,TRUE,not_given,not_given,not_given,FALSE,FALSE,TRUE,FALSE,FALSE,not_given,FALSE,not_given,not_given,FALSE,FALSE,not_given,FALSE,FALSE,FALSE,FALSE,FALSE,FALSE,FALSE,FALSE,FALSE,FALSE,FALSE,hexacorallia,FALSE,FALSE,FALSE,TRUE
soft coral plumes,catlin_seaview,soft coral (malacalcyonacea) alive,coralscapes_v2,animalia,cnidaria,malacalcyonacea,not_given,not_given,not_given,not_given,not_given,not_given,not_given,not_given,not_given,not_given,not_given,not_given,not_given,not_given,not_given,not_given,not_given,not_given,not_given,not_given,not_given,not_given,not_given,not_given,not_given,not_given,not_given,FALSE,FALSE,FALSE,FALSE,FALSE,FALSE,FALSE,FALSE,FALSE,octocorallia,FALSE,FALSE,FALSE,TRUE
sponge,catlin_seaview,sponge,coralscapes_v2,animalia,porifera,not_given,not_given,not_given,not_given,FALSE,FALSE,FALSE,FALSE,FALSE,FALSE,FALSE,FALSE,FALSE,FALSE,FALSE,FALSE,FALSE,FALSE,FALSE,FALSE,FALSE,FALSE,FALSE,FALSE,FALSE,FALSE,FALSE,FALSE,FALSE,FALSE,FALSE,FALSE,FALSE,FALSE,FALSE,FALSE,FALSE,not_given,FALSE,FALSE,FALSE,TRUE
sponges,catlin_seaview,sponge,coralscapes_v2,animalia,porifera,not_given,not_given,not_given,not_given,FALSE,FALSE,FALSE,FALSE,FALSE,FALSE,FALSE,FALSE,FALSE,FALSE,FALSE,FALSE,FALSE,FALSE,FALSE,FALSE,FALSE,FALSE,FALSE,FALSE,FALSE,FALSE,FALSE,FALSE,FALSE,FALSE,FALSE,FALSE,FALSE,FALSE,FALSE,FALSE,FALSE,not_given,FALSE,FALSE,FALSE,TRUE
sponges: branching/rope forms,catlin_seaview,sponge,coralscapes_v2,animalia,porifera,not_given,not_given,not_given,not_given,FALSE,FALSE,FALSE,FALSE,FALSE,FALSE,FALSE,FALSE,FALSE,FALSE,FALSE,FALSE,FALSE,FALSE,FALSE,FALSE,FALSE,FALSE,FALSE,FALSE,FALSE,FALSE,FALSE,FALSE,FALSE,FALSE,FALSE,FALSE,FALSE,FALSE,FALSE,FALSE,FALSE,not_given,FALSE,FALSE,FALSE,TRUE
sponges: fan shaped forms,catlin_seaview,sponge,coralscapes_v2,animalia,porifera,not_given,not_given,not_given,not_given,FALSE,FALSE,FALSE,FALSE,FALSE,FALSE,FALSE,FALSE,FALSE,FALSE,FALSE,FALSE,FALSE,FALSE,FALSE,FALSE,FALSE,FALSE,FALSE,FALSE,FALSE,FALSE,FALSE,FALSE,FALSE,FALSE,FALSE,FALSE,FALSE,FALSE,FALSE,FALSE,FALSE,not_given,FALSE,FALSE,FALSE,TRUE
sponges: hollow sponge forms/cups/barrels/tubes/et al,catlin_seaview,sponge,coralscapes_v2,animalia,porifera,not_given,not_given,not_given,not_given,FALSE,FALSE,FALSE,FALSE,FALSE,FALSE,FALSE,FALSE,FALSE,FALSE,FALSE,FALSE,FALSE,FALSE,FALSE,FALSE,FALSE,FALSE,FALSE,FALSE,FALSE,FALSE,FALSE,FALSE,FALSE,FALSE,FALSE,FALSE,FALSE,FALSE,FALSE,FALSE,FALSE,not_given,FALSE,FALSE,FALSE,TRUE
tfp bleached,catlin_seaview,hard coral bleached,coralscapes_v2,animalia,cnidaria,scleractinia,not_given,not_given,not_given,not_given,not_given,not_given,not_given,not_given,not_given,not_given,not_given,not_given,not_given,FALSE,FALSE,not_given,FALSE,not_given,not_given,FALSE,not_given,not_given,not_given,not_given,not_given,FALSE,not_given,TRUE,FALSE,FALSE,FALSE,FALSE,FALSE,FALSE,FALSE,FALSE,hexacorallia,FALSE,FALSE,FALSE,TRUE
tfp: porites,catlin_seaview,porites,mermaid,animalia,cnidaria,scleractinia,poritidae,porites,not_given,FALSE,not_given,not_given,FALSE,not_given,FALSE,not_given,not_given,not_given,not_given,FALSE,FALSE,not_given,FALSE,not_given,not_given,FALSE,not_given,FALSE,FALSE,not_given,FALSE,FALSE,not_given,FALSE,FALSE,FALSE,FALSE,FALSE,FALSE,FALSE,FALSE,FALSE,hexacorallia,FALSE,FALSE,FALSE,TRUE
tfp: visible relief structures,catlin_seaview,hard coral alive,coralscapes_v2,animalia,cnidaria,scleractinia,not_given,not_given,not_given,not_given,not_given,not_given,not_given,not_given,not_given,not_given,not_given,not_given,not_given,FALSE,FALSE,not_given,FALSE,not_given,not_given,FALSE,not_given,not_given,not_given,not_given,not_given,FALSE,not_given,FALSE,FALSE,FALSE,FALSE,FALSE,FALSE,FALSE,FALSE,FALSE,hexacorallia,FALSE,FALSE,FALSE,TRUE
tfp: visible round corallites,catlin_seaview,hard coral alive,coralscapes_v2,animalia,cnidaria,scleractinia,not_given,not_given,not_given,not_given,not_given,not_given,not_given,not_given,not_given,not_given,not_given,not_given,not_given,FALSE,FALSE,not_given,FALSE,not_given,not_given,FALSE,not_given,not_given,not_given,not_given,not_given,FALSE,not_given,FALSE,FALSE,FALSE,FALSE,FALSE,FALSE,FALSE,FALSE,FALSE,hexacorallia,FALSE,FALSE,FALSE,TRUE
terrigenous sediment with turf,catlin_seaview,turf algae,mermaid,none,none,none,none,none,none,FALSE,FALSE,FALSE,FALSE,FALSE,FALSE,FALSE,FALSE,FALSE,FALSE,FALSE,FALSE,FALSE,FALSE,FALSE,FALSE,FALSE,FALSE,FALSE,FALSE,FALSE,FALSE,FALSE,FALSE,FALSE,TRUE,FALSE,not_given,FALSE,FALSE,FALSE,FALSE,FALSE,none,FALSE,FALSE,not_given,FALSE
thin/foliose  and plating bleached,catlin_seaview,thin plate/encrusting coral bleached,coralscapes_v2,animalia,cnidaria,scleractinia,not_given,not_given,not_given,FALSE,FALSE,not_given,FALSE,not_given,not_given,TRUE,FALSE,not_given,not_given,FALSE,FALSE,not_given,FALSE,FALSE,TRUE,FALSE,not_given,not_given,FALSE,FALSE,not_given,FALSE,FALSE,TRUE,FALSE,FALSE,FALSE,FALSE,FALSE,FALSE,FALSE,FALSE,hexacorallia,FALSE,FALSE,FALSE,TRUE
transect hardware,catlin_seaview,transect tools,coralscapes_v2,none,none,none,none,none,none,FALSE,FALSE,FALSE,FALSE,FALSE,FALSE,FALSE,FALSE,FALSE,FALSE,FALSE,FALSE,FALSE,FALSE,FALSE,FALSE,FALSE,FALSE,FALSE,FALSE,FALSE,FALSE,FALSE,FALSE,FALSE,FALSE,FALSE,TRUE,FALSE,TRUE,FALSE,FALSE,FALSE,none,FALSE,FALSE,FALSE,FALSE
trash: human origin,catlin_seaview,trash,coralscapes_v2,none,none,none,none,none,none,FALSE,FALSE,FALSE,FALSE,FALSE,FALSE,FALSE,FALSE,FALSE,FALSE,FALSE,FALSE,FALSE,FALSE,FALSE,FALSE,FALSE,FALSE,FALSE,FALSE,FALSE,FALSE,FALSE,FALSE,FALSE,FALSE,FALSE,TRUE,TRUE,FALSE,FALSE,FALSE,FALSE,none,FALSE,FALSE,FALSE,FALSE
tripneustes,catlin_seaview,,,animalia,echinodermata,camarodonta,toxopneustidae,tripneustes,not_given,FALSE,FALSE,FALSE,FALSE,FALSE,FALSE,FALSE,FALSE,FALSE,FALSE,FALSE,FALSE,FALSE,FALSE,FALSE,FALSE,FALSE,FALSE,FALSE,FALSE,FALSE,FALSE,FALSE,FALSE,FALSE,FALSE,FALSE,FALSE,FALSE,FALSE,FALSE,FALSE,FALSE,echinoidea,FALSE,FALSE,FALSE,TRUE
turf,catlin_seaview,turf algae,mermaid,none,none,none,none,none,none,FALSE,FALSE,FALSE,FALSE,FALSE,FALSE,FALSE,FALSE,FALSE,FALSE,FALSE,FALSE,FALSE,FALSE,FALSE,FALSE,FALSE,FALSE,FALSE,FALSE,FALSE,FALSE,FALSE,FALSE,FALSE,TRUE,FALSE,not_given,FALSE,FALSE,FALSE,FALSE,FALSE,none,FALSE,FALSE,not_given,FALSE
turf algae,catlin_seaview,turf algae,mermaid,none,none,none,none,none,none,FALSE,FALSE,FALSE,FALSE,FALSE,FALSE,FALSE,FALSE,FALSE,FALSE,FALSE,FALSE,FALSE,FALSE,FALSE,FALSE,FALSE,FALSE,FALSE,FALSE,FALSE,FALSE,FALSE,FALSE,FALSE,TRUE,FALSE,not_given,FALSE,FALSE,FALSE,FALSE,FALSE,none,FALSE,FALSE,not_given,FALSE
turf algae and sand,catlin_seaview,turf algae,mermaid,none,none,none,none,none,none,FALSE,FALSE,FALSE,FALSE,FALSE,FALSE,FALSE,FALSE,FALSE,FALSE,FALSE,FALSE,FALSE,FALSE,FALSE,FALSE,FALSE,FALSE,FALSE,FALSE,FALSE,FALSE,FALSE,FALSE,FALSE,TRUE,FALSE,not_given,FALSE,FALSE,FALSE,FALSE,FALSE,none,FALSE,FALSE,not_given,FALSE
turf sand,catlin_seaview,turf algae,mermaid,none,none,none,none,none,none,FALSE,FALSE,FALSE,FALSE,FALSE,FALSE,FALSE,FALSE,FALSE,FALSE,FALSE,FALSE,FALSE,FALSE,FALSE,FALSE,FALSE,FALSE,FALSE,FALSE,FALSE,FALSE,FALSE,FALSE,FALSE,TRUE,FALSE,not_given,FALSE,FALSE,FALSE,FALSE,FALSE,none,FALSE,FALSE,not_given,FALSE
unknown,catlin_seaview,unknown,mermaid,none,none,none,none,none,none,FALSE,FALSE,FALSE,FALSE,FALSE,FALSE,FALSE,FALSE,FALSE,FALSE,FALSE,FALSE,FALSE,FALSE,FALSE,FALSE,FALSE,FALSE,FALSE,FALSE,FALSE,FALSE,FALSE,FALSE,FALSE,FALSE,FALSE,not_given,FALSE,FALSE,FALSE,FALSE,FALSE,none,FALSE,FALSE,FALSE,FALSE
utenuifolia,catlin_seaview,agaricia tenuifolia,mermaid,animalia,cnidaria,scleractinia,agariciidae,agaricia,agaricia_tenuifolia,not_given,FALSE,not_given,not_given,not_given,not_given,not_given,FALSE,TRUE,not_given,FALSE,FALSE,not_given,FALSE,not_given,TRUE,FALSE,not_given,not_given,not_given,not_given,not_given,FALSE,not_given,FALSE,FALSE,FALSE,FALSE,FALSE,FALSE,FALSE,FALSE,FALSE,hexacorallia,FALSE,FALSE,FALSE,TRUE
vase sponge,catlin_seaview,sponge,coralscapes_v2,animalia,porifera,not_given,not_given,not_given,not_given,FALSE,FALSE,FALSE,FALSE,FALSE,FALSE,FALSE,FALSE,FALSE,FALSE,FALSE,FALSE,FALSE,FALSE,FALSE,FALSE,FALSE,FALSE,FALSE,FALSE,FALSE,FALSE,FALSE,FALSE,FALSE,FALSE,FALSE,FALSE,FALSE,FALSE,FALSE,FALSE,FALSE,not_given,FALSE,FALSE,FALSE,TRUE
volcanic sediment,catlin_seaview,hard substrate,coralscapes_v2,none,none,none,none,none,none,FALSE,FALSE,FALSE,FALSE,FALSE,FALSE,FALSE,FALSE,FALSE,FALSE,FALSE,FALSE,FALSE,FALSE,FALSE,FALSE,FALSE,FALSE,FALSE,FALSE,FALSE,FALSE,FALSE,FALSE,FALSE,FALSE,FALSE,FALSE,FALSE,FALSE,FALSE,FALSE,FALSE,none,FALSE,FALSE,TRUE,FALSE
water,catlin_seaview,background,coralscapes_v2,none,none,none,none,none,none,FALSE,FALSE,FALSE,FALSE,FALSE,FALSE,FALSE,FALSE,FALSE,FALSE,FALSE,FALSE,FALSE,FALSE,FALSE,FALSE,FALSE,FALSE,FALSE,FALSE,FALSE,FALSE,FALSE,FALSE,FALSE,FALSE,TRUE,FALSE,FALSE,FALSE,FALSE,FALSE,FALSE,none,FALSE,FALSE,FALSE,FALSE
xmuta,catlin_seaview,xestospongia muta,mermaid,animalia,porifera,haplosclerida,petrosiidae,xestospongia,xestospongia_muta,FALSE,FALSE,FALSE,FALSE,FALSE,FALSE,FALSE,FALSE,FALSE,FALSE,FALSE,FALSE,FALSE,FALSE,FALSE,FALSE,FALSE,FALSE,FALSE,FALSE,FALSE,FALSE,FALSE,FALSE,FALSE,FALSE,FALSE,FALSE,FALSE,FALSE,FALSE,FALSE,FALSE,demospongiae,FALSE,FALSE,FALSE,TRUE
zoanthid,catlin_seaview,zoanthid,mermaid,animalia,cnidaria,zoantharia,not_given,not_given,not_given,not_given,not_given,not_given,not_given,not_given,not_given,not_given,not_given,not_given,not_given,not_given,not_given,not_given,not_given,not_given,not_given,not_given,not_given,not_given,not_given,not_given,not_given,not_given,not_given,FALSE,FALSE,FALSE,FALSE,FALSE,FALSE,FALSE,FALSE,FALSE,hexacorallia,FALSE,FALSE,FALSE,TRUE
